"REFERENCE_NAME","PUBLICATION_YEAR","TITLE","JOURNAL_NAME","VOLUME_PAGES","STUDY_TYPE"
"Abella-Medrano et al 2018",2018,"Blood-meal preferences and avian malaria detection in mosquitoes (Diptera: Culicidae) captured at different land use types within a neotropical montane cloud forest matrix","Parasitology International","67:313-320","Vector screening"
"Alley et al 2010",2010,"Concurrent avian malaria and avipox virus infection in translocated South Island Saddlebacks (Philesturnus carunculatus carunculatus)","New Zealand Veterinary Journal","58:218-223","Single species"
"Aly et al 2020",2020,"Morphological and molecular characterization of Plasmodium cathemerium (lineage PADOM02) from the sparrow Passer domesticus with complete sporogony in Culex pipiens complex","Parasitology","147:985-993","Vector experimental"
"Anjos et al 2021",2021,"Avian malaria and related parasites from resident and migratory birds in the Brazilian Atlantic forest, with description of a new Haemoproteus species","Pathogens","10:103","Taxonomic"
"Anjos et al 2023",2023,"Prevalence and genetic diversity of avian haemosporidian parasites in islands within a mega hydroelectric dam in the Brazilian Amazon","Parasitol Res",,"Community"
"Argilla et al 2013",2013,"High prevalence of Leucocytozoon spp. in the endangered yellow-eyed penguin (Megadyptes antipodes) in the sub-Antarctic regions of New Zealand","Parasitology","140:672-682","Single species"
"Awoyemi et al 2025",2025,"Diversity and prevalence of avian haemosporidians across Afrotropical urban and non-urban habitats","Avian Diseases",,"Community"
"Ayadi et al 2018",2018,"Diversity, prevalence and host specificity of avian parasites in southern Tunisian oases","Parasitology","145:971-978","Two Species"
"Aysul et al 2013",2013,"Detection and molecular characterization of a Haemoproteus lineage in a tawny owl (Strix Aluco) in Turkey","Ankara Universitesi Veteriner Fakultesi Dergisi","60:179-183","Single species"
"Baillie & Brunton 2011",2011,"Diversity, distribution and biogeographical origins of Plasmodium parasites from New Zealand bellbird (Anthornis melanura)","Parasitology","138:1843-1851","Single species"
"Balasubramaniam et al 2013",2013,"Prevalence and diversity of avian haematozoa in three species of Australian passerine","Emu","113:353-358","Two Species"
"Banda et al 2012",2012,"A cluster of avian malaria cases in a kiwi management programme","New Zealand Veterinary Journal","DOI:10.1080/00480169","Veterinary"
"Baron et al 2014",2014,"Disease screening of three breeding populations of adult exhibition budgerigars (Melopsittacus undulatus) in New Zealand reveals a high prevalence of a novel polyomavirus and avian malaria infection","Avian Diseases","58:111-117","Veterinary"
"Barraclough et al 2008",2008,"Attraction between sexes: male-female gametocyte behaviour within a Leucocytozoon toddi (Haemosporida)","Parasitol Res","102:1321-1327","Taxonomic"
"Barrow et al 2019",2019,"Genomic sequence capture of haemosporidian parasites: Methods and prospects for enhanced study of host-parasite evolution","Mol Ecol Res","19:400-410","Method"
"Bataille et al 2012",2012,"Host selection and parasite infection in Aedes taeniorhynchus, endemic disease vector in the Galápagos Islands","Infection, Genetics and Evolution","12:1831-1841","Vector screening"
"Beadell & Fleischer 2005",2005,"A restriction enzyme-based assay to distinguish between avian hemosporidians","J Parasitol","91:683-685","Method"
"Beadell et al 2004",2004,"Prevalence and differential host-specificity of two avian blood parasite genera in the Australo-Papuan region","Mol Ecol","13 :3829–3844","Community"
"Beadell et al 2006",2006,"Global phylogeographic limits of Hawaii's avian malaria","Proc R Soc Lond B","273:2935–2944","Phylogenetic"
"Beadell et al 2009",2009,"Host association and evolutionary relationships of avian blood parasites from West Africa","Int J Parasitol","39:257-266","Community"
"Bell et al 2020",2020,"Haemosporidian parasites of chilean ducks: the importance of biogeography and nonpasserine hosts","J Parasitol",,"Two Species"
"Bell et al 2025a",2025,"Haemosporidian infection risk and community structure determined by duck feeding guild","Parasitology",,"Community"
"Bell et al 2025b",2025,"Molecular survey of haemosporidian parasites in hawks, falcons, and owls (Accipitriformes, Falconiformes, Strigiformes) from Minnesota and North Dakota, with remarks on the phylogenetic relationships of haemosporidians in North American raptors","J Parasitol","111:299–314","Host clade"
"Bensch & Åkesson 2003",2003,"Temporal and spatial variation of hematozoans in Scandinavian willow warblers","J Parasitol","89:388-391","Single species"
"Bensch et al 2000",2000,"Host specificity in avian blood parasites: a study of Plasmodium and Haemoproteus mitochondrial DNA amplifies from birds","Proc R Soc Lond B","267:1583-1589","Phylogenetic"
"Bensch et al 2004",2004,"Linkage between nuclear and mitochondrial DNA sequences in avian malaria parasites: multiple cases of cryptic speciation?","Evolution","58:1617-1621","Nuclear genes"
"Bensch et al 2007",2007,"Temporal dynamics and diversity of avian malaria parasites in a single host species","J Anim Ecol","76 :112–122","Single species"
"Bensch et al 2012",2012,"Low prevalence of Haemoproteus infections in chiffchaffs","Parasitology","139, 302–309","Two Species"
"Bentz et al 2006",2006,"Sensitive measure of prevalence and parasitemia of haemosporidia from European blackbird (Turdus merula) populations: value of PCR-RFLP and quantitative PCR","Parasitology","133:685–692","Single species"
"Bertram et al 2017",2017,"A novel Haemosporida clade at the rank of genus in North American cranes (Aves: Gruiformes)","Mol Phyl Evol","109:73-79","Taxonomic"
"Biedrzycka et al 2015",2015,"A quantitative PCR protocol for detecting specific Haemoproteus lineages: molecular characterization of blood parasites in a Sedge Warbler population from southern Poland","J Ornithol","156:201-208","Single species"
"Bobeva et al 2013",2013,"A survey of biting midges of the genus Culicoides Latreille, 1809 (Diptera: Ceratopogonidae) in NE Bulgaria, with respect to transmission of avian haemosporidians","Acta Parasitologica","58:585-591","Vector screening"
"Bodawatta et al 2020",2020,"Spatiotemporal patterns of avian host–parasite interactions in the face of biogeographical range expansions","Mol Ecol","29:2431–2448","Community"
"Bonneaud et al 2006",2006,"Major histocompatibility alleles associated with local resistance to malaria in a passerine","Evolution","60:383–389","Single species"
"Bonneaud et al 2009",2009,"The prevalence of avian Plasmodium is higher in undisturbed tropical forests of Cameroon","J Tropical Ecology","25:439–447","Community"
"Bosholn et al 2016",2016,"Effects of avian malaria on male behaviour and female visitation in lekking blue-crowned manakins","J Avian Biol","47:457-465","Single species"
"Boundenga et al 2017",2017,"Haemosporidian Parasites of Reptiles and Birds from Gabon, Central Africa","J Parasitol","103:330-337","Community"
"Boyd et al 2018",2018,"Alternative reproductive strategies in white-throated sparrows are associated with differences in parasite load following experimental infection","Biological Invasions",,"Infection Experiment"
"Bueno et al 2010",2010,"Identification of Plasmodium relictum causing mortality in penguins (Spheniscus magellanicus) from São Paulo Zoo, Brazil","Veterinary Parasitology","173:123-127","Veterinary"
"Bukauskaite et al 2015",2015,"Biting midges (Culicoides, Diptera) transmit Haemoproteus parasites of owls: evidence from sporogony and molecular phylogeny","Parasites & Vectors","8:303","Ookinete development and hybridization"
"Bukauskaitė et al 2024",2024,"Difference of haemosporidian parasite prevalence and diversity in migratory and resident birds of prey species revealed by non-invasive sampling method","Ecology and Evolution","14:e11038","Two Species"
"Cadena-Ortiz et al 2018",2018,"Avian haemosporidian infections in rufous-collared sparrows in an Andean dry forest: diversity and factors related to prevalence and parasitaemia","Parasitology","146:765-773","Single species"
"Calero-Riestra & Garcia 2016",2016,"Sex-dependent differences in avian malaria prevalence and consequences of infections on nestling growth and adult condition in the Tawny pipit, Anthus campestris","Malaria Journal","15:178","Single species"
"Cannell et al 2013",2013,"The pathology and pathogenicity of a novel Haemoproteusspp. infection in wild Little Penguins (Eudyptula minor)","Veterinary Parasitology","197:74-84","Veterinary"
"Capasso et al 2023",2023,"Surveillance of avian Malaria and related hemoparasites from migratory seabirds in the Atlantic coast of South America","Parasitology","150:498–504","Single species"
"Carlson et al 2011",2011,"Implications of Plasmodium parasite infected mosquitoes on an insular avifauna: the case of Socorro Island, Mexico","J Vector Ecol","36:213-220","Vector screening"
"Carlson et al 2013",2013,"Diversity and phylogenetic relationships of hemosporidian parasites in birds of socorro island, mexico, and their role in the re-introduction of the socorro dove (zenaida graysoni)","J Parasitol","99:270-276","Community"
"Carvalho et al 2022",2022,"Molecular detection of Leucocytozoon in red-legged seriemas (Cariama cristata), a non-migratory bird species in the Brazilian Cerrado","Veterinary Parasitology: Regional Studies and Reports","31:1-4","Single species"
"Casanueva et al 2012",2012,"High prevalence of haemosporidian parasites infection in southern grey shrike Lanius meridionalis (Laniidae, Aves) from agricultural areas","Italian J Zoology","79:315-318","Single species"
"Cellier-Holzem et al 2011",2011,"Effect of repeated exposure to Plasmodium relictum (SGS1) on infection dynamics in domestic canaries","Int J Parasitol","40:1447-1453","Infection Experiment"
"Chagas et al 2013",2013,"Plasmodium (Novyella) nucleophilum from an Egyptian Goose in São Paulo Zoo, Brazil: microscopic confirmation and molecular characterization","IJP: Parasites and Wildlife","2:286-291","Taxonomic"
"Chagas et al 2016",2016,"Hemosporidian parasites of free-living birds in the Sao Paulo zoo, Brazil","Parasitol Res","115:1443-1452","Community"
"Chagas et al 2017",2017,"Diversity and distribution of avian malaria and related haemosporidian parasites in captive birds from a Brazilian megalopolis","Malaria Journal",,"Community"
"Chagas et al 2018",2018,"A new blood parasite of leaf warblers: molecular characterization, phylogenetic relationships, description and identification of vectors","Parasites & Vectors","11:538","Taxonomic"
"Chagas et al 2021",2021,"Description and molecular characterization of two species of avian blood parasites, with remarks on circadian rhythms of avian haematozoa infections","Animals","11:3490","Veterinary"
"Chagas et al 2022",2022,"What can haemosporidian lineages found in Culicoides biting midges tell us about their feeding preferences?","Diversity","14:957","Vector screening"
"Chagas et al 2024",2024,"High abundance of Haemoproteus parasites in Culicoides (Diptera, Ceratopogonidae), with a confirmation of Culicoides reconditus as a new vector of these avian blood parasites","Insects","15:157","Vector screening"
"Chaisi et al 2019",2019,"Occurrence and diversity of avian haemosporidia in Afrotropical landbirds","IJP: Parasites and Wildlife","8:36-44","Community"
"Chakarov & Blanco 2021",2021,"Blood parasites in sympatric vultures: role of nesting habits and effects on body condition","Int. J. Environ. Res. Public Health","18:2431","Host clade"
"Chakarov et al 2020",2020,"Blood parasites in vectors reveal a united blackfly community in the upper canopy","Parasites & Vectors","13:309","Vector screening"
"Chaser et al 2009",2009,"Prevalence and diversity patterns of avian blood parasites in degraded African rainforest habitats","Mol Ecol","18:4121-4133","Two Species"
"Chavette et al 2017",2017,"Haematozoa of the great blue turacos, Corythaeola cristata (Vieillot, 1816) (Aves: Musophagiformes: Musophagidae) imported to Singapore Jurong Bird Park with description and molecular characterisation of Haemoproteus (Parahaemoproteus) minchini new species (Apicomplexa: Haemosporidia: Haemoproteidae)","Raffles Bulletin of Zoology","65:325-340","Taxonomic"
"Ciloglu et al 2016",2016,"Investigation of avian haemosporidian parasites from raptor birds in Turkey, with molecular characterisation and microscopic confirmation","Folia Parasitologica","63:023","Veterinary"
"Ciloglu et al 2020a",2020,"Prevalence and genetic diversity of avian haemosporidian parasites at an intersection point of bird migration routes: Sultan Marshes National Park, Turkey","Acta Tropica","210:105465","Community"
"Ciloglu et al 2020b",2020,"Molecular characterization of poultry red mite, Dermanyssus gallinae lineages in Turkey and first report of Plasmodium species in the mite populations","Int J Acarology","46:241-246","Vector screening"
"Clark et al 2015",2015,"Migration strategy and pathogen risk: non-breeding distribution drives malaria prevalence in migratory waders","Oikos","125:1358-1368","Host clade"
"Clark et al 2015a",2015,"Molecular and morphological characterization of Haemoproteus (Parahaemoproteus) ptilotis, a parasite infecting Australian honeyeaters (Meliphagidae), with remarks on prevalence and potential cryptic speciation","Parasitol Res",,"Taxonomic"
"Clark et al 2015b",2015,"Specialist enemies, generalist weapons and the potential spread of exotic pathogens: malaria parasites in a highly invasive bird","Int J Parasitol","45:891-899","Community"
"Clark et al 2016",2016,"Co-infections and environmental conditions drive the distributions of blood parasites in wild birds","J Anim Ecol",,"Two Species"
"Clark et al 2017",2017,"Climate, host phylogeny and the connectivity of host communities govern regional parasite assembly","Diversity and Distributions",,"Community"
"Cornuault et al 2012",2012,"The role of immigration and in-situ radiation in explaining blood parasite assemblages in an island bird clade","Mol Ecol","21:1438-1452","Community"
"Cosgrove et al 2008",2008,"Seasonal variation in Plasmodium prevalence in a population of blue tits Cyanistes caeruleus","J Anim Ecol","77 :540–548","Single species"
"Cozzarolo et al 2018",2018,"Prevalence and diversity of haemosporidian parasites in the yellow-rumped warbler hybrid zone","Ecology and Evolution","DOI: 10.1002/ece3.44","Single species"
"Cuevas et al 2020",2020,"Latitudinal gradients of haemosporidian parasites: Prevalence, diversity and drivers of infection in the Thorn-tailed Rayadito (Aphrastura spinicauda)","IJP: Parasites and Wildlife","11:1-11","Single species"
"D'Amico & Baker 2010",2010,"A rare case of Plasmodium (Haemamoeba) relictum infection in a free-living Red Knot (Calidris canutus rufa, Scolopacidae)","J Ornithol","151:951-954","Single species"
"De La Torre et al 2020",2020,"Hemoparasites and their relation to body condition and plumage coloration of the White-necked thrush (Turdus albicollis)","Ecology and Evolution",,"Single species"
"De La Torre et al 2024",2024,"Prevalence and composition of haemosporidians in an avian community from a World Heritage area: associations with host foraging strata and forest regeneration","Acta Tropica","12:107286","Community"
"DeBrock et al 2021",2021,"Characterization of the Plasmodium and Haemoproteus parasite community in temperate-tropical birds during spring migration","IJP: Parasites and Wildlife","15:12-21","Community"
"Dimitrov et al 2010",2010,"Genetic diversity of avian blood parasites in SE Europe: Cytochrome b lineages of the genera Plasmodium and Haemoproteus (Haemosporida) from Bulgaria","Acta Parasitologica","77 :540–548","Community"
"Dimitrov et al 2013",2013,"Molecular characterization of haemosporidian parasites (Haemosporida) in yellow wagtail (Motacilla flava), with description of in vitro ookinetes of Haemoproteus motacillae","Zootaxa","3666:369-381","Single species"
"Dimitrov et al 2014",2014,"Two new species of Haemoproteus Kruse, 1890 (Haemosporida, Haemoproteidae) from European birds, with emphasis on DNA barcoding for detection of haemosporidians in wildlife","Systematic Parasitology","87:135-151","Taxonomic"
"Dimitrov et al 2016",2016,"Molecular characterisation of three avian haemoproteids (Haemosporida, Haemoproteidae), with the description of Haemoproteus (Parahaemoproteus) palloris n. sp.","Systematic Parasitology","93:431-449","Taxonomic"
"Dimitrov et al 2018",2018,"Detecting local transmission of avian malaria and related haemosporidian parasites (Apicomlexa, Haemosporida) at a Special Protection Area of Natura 2000 network","Parasitol Res","117:2187-2199","Community"
"Dinhopl et al 2015",2015,"In situ hybridization and sequence analysis reveal an association of Plasmodium spp. with mortalities in wild passerine birds in Austria","Parasitol Res",,"Veterinary"
"Dodge et al 2013",2013,"North American Transmission of Hemosporidian Parasites in the Swainson’s Thrush(Catharus ustulatus), a Migratory Songbird","J Parasitol","99:548-553","Single species"
"Donovan et al 2008",2008,"Hepatic hemorrhage, hemocoelom, and sudden death due to Haemoproteus infection in passerine birds: eleven cases","J Vet Diagn Invest","20:304-313","Veterinary"
"Doussang et al 2019",2019,"Spatial distribution, prevalence and diversity of haemosporidians in the rufous collared sparrow, Zonotrichia capensis","Parasites & Vectors","12:2","Single species"
"Doussang et al 2021",2021,"Specialist versus generalist parasites: the interactions between host diversity, environment and geographic barriers in avian malaria","International Journal for Parasitology","51:899–911","Community"
"Drovetski et al 2014",2014,"Does the niche breadth or trade-off hypothesis explain the abundance–occupancy relationship in avian Haemosporidia?","Mol Ecol","23:3322-3329","Community"
"Dubiec et al 2016",2016,"Differential prevalence and diversity of haemosporidian parasites in two sympatric closely related nonmigratory passerines","Parasitology","143:1320-1329","Two Species"
"Duc et al 2020",2020,"Patterns of Haemoproteus majoris (Haemosporida, Haemoproteidae) megalomeront development","Acta Tropica","212:105706","Tissue stages"
"Duc et al 2021",2021,"First report of Haemoproteus (Haemosporida, Haemoproteidae) megalomeronts in the brain of an Avian host, with description of megalomerogony of Haemoproteus pastoris, the blood parasite of the common starling","Animals","11:2824","Taxonomic"
"Duc et al 2023a",2023,"Exo-erythrocytic development of two Haemoproteus species (Haemosporida, Haemoproteidae), with description of Haemoproteus dumbbellus, a new blood parasite of bunting birds (Emberizidae)","Int J Parasitol","53:531–543","Taxonomic"
"Duc et al 2023b",2023,"Comparative analysis of the exo-erythrocytic development of five lineages of Haemoproteus majoris, a common haemosporidian parasite of European passeriform birds","Pathogens","12:898","Taxonomic"
"Duc et al 2025",2025,"Treasure chest in the taxonomic collection: molecular characterization and redescription of Haemoproteus handai, with insights into the phylogenetic relationship of haemosporidian parasites of parrots (psittaciformes)","Integrative Zoology",,"Taxonomic"
"Dunn et al 2014",2014,"Active blood parasite infection is not limited to the breeding season in a declining farmland bird","J Parasitol","100:260-266","Single species"
"Durrant et al 2006",2006,"Avian hematozoa in south america: a comparison of temperate and tropical zones","Ornithological Monographs","60:98-111","Community"
"Durrant et al 2007",2007,"Variation in haematozoan parasitism at local and landscape levels in the red-billed quelea Quelea quelea","J Avian Biol","38:662-671","Single species"
"Durrant et al 2008",2008,"Parasite assemblages distinguish populations of a migratory passerine on its breeding grounds","J Zoology","274:318-326","Single species"
"Díez-Fernández et al 2022",2022,"Effects of sex and sampling site on the relative proportion of pesticides in uropygial gland secretions of European Blackbirds","Ibis",,"Single species"
"Eastwood et al 2019",2019,"Persistent low avian malaria in a tropical species despite high community prevalence","IJP: Parasites and Wildlife","8:88-93","Community"
"Ejiri et al 2008",2008,"Detection of avian Plasmodium spp. DNA sequences from mosquitoes captured in Minami Daito Island of Japan","J Vet Med Sci","70:1205–1210","Vector screening"
"Ejiri et al 2009",2009,"Prevalence of avian malaria parasite in mosquitoes collected at a zoological garden in Japan","Parasitol Res","105:629-633","Vector screening"
"Ejiri et al 2011a",2011,"Entomological study on transmission of avian malaria parasites in a zoological garden in Japan: bloodmeal identification and detection of avian malaria parasite DNA from blood-fed mosquitoes","J Med Entomology","48:600-607","Vector screening"
"Ejiri et al 2011b",2011,"First record of avian Plasmodium DNA from mosquitoes collected in the Yaeyama Archipelago, southwestern border of Japan","J Vet Med Sci","73:1521-1525","Vector screening"
"Ejiri et al 2011c",2011,"Blood meal identification and prevalence of avian malaria parasite in mosquitoes collected at Kushiro Wetland, a subarctic zone of Japan","J Med Entomol","48:904-908","Vector screening"
"Ellis et al 2020",2020,"Explaining prevalence, diversity, and host specificity in a community of avian haemosporidian parasites","Oikos",,"Community"
"Emmenegger et al 2018",2018,"Host migration strategy and blood parasite infections of three sparrow species sympatrically breeding in Southeast Europe","Parasitol Res","10.1007/s00436-018-6","Ecology"
"Emmenegger et al 2020",2020,"Population- and age-specific patterns of Haemosporidian assemblages and infection levels in European Bee-eaters (Merops apiaster)","International Journal for Parasitology",,"Single species"
"Escalante et al 1998",1998,"The evolution of primate malaria parasites based on the gene encoding cytochrome b from the linear mitochondrial genome","Proc. Natl. Acad. Sci. U.S.A.","95:8124-8129","Phylogenetic"
"Ewen et al 2012",2012,"Establishment of exotic parasites: the origins and characteristics of an avian malaria community in an isolated island avifauna","Ecology Letters","15:1112-1119","Community"
"Fairfield et al 2016",2016,"The impact of conservation-driven translocations on blood parasite prevalence in the Seychelles warbler","Scientific Reports","6:29596","Single species"
"Fecchio et al 2017a",2017,"Host community similarity and geography shape the diversity and distribution of haemosporidian parasites in Amazonian birds","Ecography",,"Community"
"Fecchio et al 2017b",2017,"Host associations and turnover of haemosporidian parasites in manakins (Aves:Pipridae)","Parasitology",,"Host clade"
"Fecchio et al 2018a",2018,"First record of Leucocytozoon (Haemosporida: Leucocytozoidae) in Amazonia: evidence for rarity in neotropical lowlands or lack of sampling for this parasite genus?","J Parasitol",,"Community"
"Fecchio et al 2018b",2018,"Diversification by host switching and dispersal shaped the diversity and distribution of avian malaria parasites in Amazonia","Oikos","127:1233-1242","Community"
"Fecchio et al 2019a",2019,"Climate variation influences host specificity in avian malaria parasites","Ecology Letters",,"Community"
"Fecchio et al 2019b",2019,"Avian host composition, local speciation, and dispersal drive the regional assembly of avian malaria parasites in South American birds","Mol Ecol",,"Community"
"Fecchio et al 2019c",2019,"Bird tissues from museum collections are reliable for assessing avian haemosporidian diversity","J Parasitol","105:446-453","Community"
"Fecchio et al 2019d",2019,"An inverse latitudinal gradient in infection probability and phylogenetic diversity for Leucocytozoon blood parasites in New World birds","J Anim Ecol",,"Community"
"Fecchio et al 2021 b",2021,"Loss of forest cover and host functional diversity increases prevalence of avian malaria parasites in the Brazilian Atlantic forest","International Journal for Parasitology",,"Community"
"Fecchio et al 2021a",2021,"Higher infection probability of haemosporidian parasites in Blue-black Grassquits (Volatinia jacarina) inhabiting native vegetation across Brazil","Parasitology International","80:102204","Single species"
"Fecchio et al 2022a",2022,"Host foraging behavior and nest type influence prevalence of avian haemosporidian parasites in the Pantanal","Parasitol Res",,"Community"
"Fecchio et al 2022b",2022,"Beta diversity, prevalence, and specificity of avian haemosporidian parasites throughout the annual cycle of Chilean Elaenia (Elaenia chilensis), a Neotropical austral migrant","Parasitology","https://doi.org/10.1","Community"
"Fecchio et al 2023a",2023,"Distinct biogeographic process and areas of endemism contributed differentially for Plasmodium and Parahaemoproteus community assembly on Marajó Island","Mol Phyl Evol",,"Community"
"Fecchio et al 2023b",2023,"Co-infection with Leucocytozoon and other Haemosporidian parasites increases with latitude and altitude in New World bird communities","Microbial Ecology",,"Community"
"Fernández et al 2010",2010,"High prevalence of haemosporidians in red warbler Acrocephalus scirpacues and sedge warbler Acrocephalus schoenobaenus","J Ornithol","151:27-32","Two Species"
"Ferraguti et al 2013a",2013,"Avian Plasmodium in Culex and Ochlerotatus Mosquitoes from Southern Spain: Effects of Season and Host-Feeding Source on Parasite Dynamics","PLoS ONE","8:e66237","Vector screening"
"Ferraguti et al 2013b",2013,"On the study of the transmission networks of blood parasites from SW Spain: diversity of avian haemosporidians in the biting midge Culicoides circumscriptus and wild birds","Parasites & Vectors","6:208","Community"
"Ferraguti et al 2018",2018,"Ecological determinants of avian malaria infections: An integrative analysis at landscape, mosquito and vertebrate community levels","J Anim Ecol","87:727-740","Single species"
"Ferreira et al 2016",2016,"Searching for putative avian malaria vectors in a seasonally dry tropical forest in Brazil","Parasites & Vectors","9:587","Vector screening"
"Ferreira et al 2017",2017,"Habitat modification and seasonality influence avian haemosporidian parasite distributions in southeastern Brazil","PLoS ONE","12(6):e0178791","Community"
"Ferreira-Junior et al 2018a",2018,"Haemoproteus paraortalidum n. sp. in captive Black-fronted Piping-guans Aburria jacutinga (Galliformes, Cracidae): High prevalence in a population reintroduced into the wild","Acta Tropica","188:93-100","Taxonomic"
"Ferreira-Junior et al 2018b",2018,"A new pathogen spillover from domestic to wild animals: Plasmodium juxtanucleare infects free-living passerines in Brazil","Parasitology","145:1949-1958","Community"
"Ferrell et al 2007",2007,"Fatal Hemoprotozoal infections in multiple avian species in a zoological park","J Zoo Wildlife Medicine","38:309-316","Veterinary"
"Ferrer et al 2012",2012,"Molecular characterization of avian malaria parasites in three Mediterranean blue tit (Cyanistes caeruleus) populations","Parasitol Res","111:2137-2142","Single species"
"Fletcher et al 2019",2019,"Importance of infection of haemosporidia blood parasites during different life history stages for long-term reproductive fitness of collared flycatchers","J Avian Biol","doi:10.1111/jav.0211","Single species"
"Fourcade et al 2014",2014,"Continental-scale patterns of pathogen prevalence: a case study on the corncrake","Evolutionary Applications","7:1043-1055","Single species"
"Freund et al 2016",2016,"Genetic sequence data reveals widespread sharing of Leucocytozoon lineages in corvids","Parasitol Res","115:3557-3565","Host clade"
"Galen & Witt 2014",2014,"Diverse avian malaria and other haemosporidian parasites in Andean house wrens: evidence for regional co-diversifi cation by host-switching","J Avian Biol","45: 374–386","Single species"
"Galen et al 2018",2018,"Integrating coalescent species delimitation with analysis of host specificity reveals extensive cryptic diversity despite minimal mitochondrial divergence in the malaria parasite genus Leucocytozoon","BMC Evolutionary Biology","18:128","Community"
"Galen et al 2019a",2019,"Metatranscriptomics yields new genomic resources and sensitive detection of infections for diverse blood parasites","Mol Ecol Res",,"Method"
"Galen et al 2019b",2019,"Evolutionary lability of host associations promotes phylogenetic overdispersion of co‐infecting blood parasites","J Anim Ecol","88:1936–1949","Community"
"Galen et al 2024",2024,"Migratory birds have a distinct haemosporidian community and are temporally decoupled from vector abundance at a stopover site","Parasitology",,"Community"
"Gaorekew et al 2025",2025,"Prevalence and Genetic Diversity of Haemoproteus and Leucocytozoon in Raptors and Other Captive Birds at the National Zoological Garden in South Africa","Integrative Zoology","0:1–11","Host clade"
"Garamszegi et al 2015",2015,"Malaria parasites, immune challenge, MHC variability, and predator avoidance in a passerine bird","Behavioral Ecology","26:1292-1302","Single species"
"Garcia-Longoria et al 2019",2019,"Host-parasite interaction explains variation in the prevalence of avian haemosporidians at the community level","PLoS ONE","14(3):e0205624","Community"
"Giorgiadis et al 2020",2020,"Haemosporidian parasites from captive Strigiformes in France","Parasitol Res","119:2975–2981","Taxonomic"
"Glaizot et al 2012",2012,"High Prevalence and Lineage Diversity of Avian Malaria in Wild Populations of Great Tits (Parus major) and Mosquitoes (Culex pipiens)","PLoS ONE","7:e34964","Vector screening"
"Gonzales-Quevedo et al 2016",2016,"Prevalence of haemosporidians in a Neotropical endemic bird area","Avian Conservation and Ecology","11:7","Community"
"Gonzalez et al 2015",2015,"Avian haemosporidians from Neotropical highlands: Evidence from morphological and molecular data","Parasitology International","64:48-59","Community"
"Goulding et al 2016",2016,"Molecular and morphological description of Haemoproteus (Parahaemoproteus) bukaka (species nova), a haemosporidian associated with the strictly Australo-Papuan host subfamily Cracticinae","Parasitol Res","115:3387-3400","Taxonomic"
"Groff et al 2019",2019,"Haemoproteosis lethality in a woodpecker, with molecular and morphological characterization of Haemoproteus velans (Haemosporida, Haemoproteidae)","IJP: Parasites and Wildlife","10:93-100","Taxonomic"
"Groff et al 2022",2022,"Description and molecular characterization of novel Leucocytozoon parasite (Apicomplexa: Haemosporida: Leucocytozoidae), Leucocytozoon polynuclearis n. sp. found in North American woodpeckers","Systematic Parasitology",,"Taxonomic"
"Guimaraes et al 2021",2021,"Assessing diversity, Plasmodium infection and blood meal sources in mosquitoes (diptera: culicidae) from a Brazilian zoological park with avian malaria transmission","Insects","12:215","Vector screening"
"Gupta et al 2019",2019,"Geographical and host species barriers differentially affect generalist and specialist parasite community structure in a tropical sky-island archipelago","Proc R Soc Lond B","286:20190439","Community"
"Gutiérrez-López et al 2015",2015,"Low prevalence of blood parasites in a long-distance migratory raptor: the importance of host habitat","Parasites & Vectors","8:189","Single species"
"Gutiérrez-López et al 2016",2016,"Do mosquitoes transmit the avian malaria-like parasite Haemoproteus? An experimental test of vector competence using mosquito saliva","Parasites & Vectors","9:609","Vector experimental"
"Hahn et al 2021",2021,"Spatially different annual cycles but similar haemosporidian infections in distant populations of collared sand martins","BMC Zoology","6:6","Single species"
"Ham-Dueñas et al 2017",2017,"Haemosporidian prevalence and parasitemia in Black-Throated Sparrow (Amphispiza bilineata) in central-Mexican dryland habitats","Parasitol Res","116:2527-2537","Single species"
"Hanel et al 2016",2016,"Blood parasites in northern goshawk (Accipiter gentilis) with an emphasis to Leucocytozoon toddi","Parasitol Res","115:263-270","Single species"
"Harl et al 2020",2020,"Geographic and host distribution of haemosporidian parasite lineages from birds of the family Turdidae","Malaria Journal","19:335","Host clade"
"Harl et al 2022",2022,"Avian haemosporidian parasites of accipitriform raptors","Malaria Journal","21:14","Veterinary"
"Harl et al 2024",2024,"Novel phylogenetic clade of avian Haemoproteus parasites (Haemosporida, Haemoproteidae) from Accipitridae raptors, with description of a new Haemoproteus species","Parasite",,"Taxonomic"
"Harl et al 2026",2026,"New mitochondrial genomes of parasites belonging to the Leucocytozoon toddi and Haemoproteus nisi groups (Haemosporida, Apicomplexa)","Parasites & Vectors",,"Taxonomic"
"Harrigan et al 2014",2014,"New host and lineage diversity of avian haemosporidia in the northern Andes","Evolutionary Applications","7:799-811","Community"
"Harvey & Voelker 2017",2017,"Avian haemosporidian detection across source materials: prevalence and genetic diversity","Parasitol Res","116:2261-3371","Community"
"Heaver et al 2025",2025,"The lineage diversity, spatiotemporal distribution and pathological significance of Plasmodium and Haemoproteus spp. infection of wild birds in Great Britain","IJP: Parasites and Wildlife","28","Veterinary"
"Hellgren 2005",2005,"The occurrence of haemosporidian parasites in the Fennoscandian bluethroat","J Ornithol","146:55-60","Single species"
"Hellgren et al 2004",2004,"A new PCR assay for simultaneous studies of Leucocytozoon, Plasmodium and Haemoproteus from avian blood","J Parasitol","90:797-802","Method"
"Hellgren et al 2007a",2007,"Diversity and phylogeny of mitochondrial cytochrome b lineages from six morphospecies of avian Haemoproteus (Haemosporida: Haemoproteidae)","J. Parasitol","93:889-896","Taxonomic"
"Hellgren et al 2007b",2007,"Detecting shifts of transmission areas in avian blood parasites - a phylogenetic approach","Mol Ecol","16 :1281-1290","Community"
"Hellgren et al 2008",2008,"Bird hosts, blood parasites and their vectors - associations uncovered by molecular analyses of blackfly blood meals","Mol Ecol","17:1605-1613","Ecology"
"Hellgren et al 2009",2009,"A jack-of-all-trades and still a master of some: prevalence and host range in avian malaria and related blood parasites","Ecology","90:2840-2849","Community"
"Hellgren et al 2011",2011,"Low haemosporidian diversity and one key host species in a bird-malaria community on a mid-atlantic island (Sao Miguel, Azores)","J Wildlife Disease","47:849-59","Community"
"Hellgren et al 2013a",2013,"Identification and characterization of the merozoite surface protein 1 (msp1) gene in a host-generalist avian malaria parasite, Plasmodium relictum (lineages SGS1 and GRW4) with the use of blood transcriptome","Malaria Journal","12:381","Nuclear genes"
"Hellgren et al 2013b",2013,"Circannual variation in blood parasitism in a sub-Saharan migrant passerine bird, the garden warbler","J Evol Biol","26:1047-1059","Single species"
"Henschen et al 2017",2017,"The relationship between blood parasites and ornamentation depends on the level of analysis in the common yellowthroat","J Avian Biol","48:1263-1272","Single species"
"Hernandez-Lara et al 2020",2020,"Effects of land use change (rural-urban) on the diversity and epidemiological parameters of avian Haemosporida in a widespread neotropical bird","Acta Tropica","209:105542","Single species"
"Hernández-Lara et al. 2021",2021,"Massive infection of lungs with exo-erythrocytic meronts in European Robin Erithacus rubecula during natural Haemoproteus attenuatus haemoproteosis","Animals","11:3273","Tissue stages"
"Hill et al 2010",2010,"Prevalence of Leucocytozoon spp, in the endangered yellow-eyed penguin Megadyptes antipodes","Parasitology","137:1477-1485","Single species"
"Himmel et al 2019",2019,"Molecular probes for the identification of avian Haemoproteus and Leucocytozoon parasites in tissue sections by chromogenic in situ hybridization","Parasites & Vectors","12:282","Veterinary"
"Himmel et al 2021",2021,"A citizen science-based survey of avian mortality focusing on haemosporidian infections in wild passerine birds","Malaria Journal","20:417","Veterinary"
"Himmel et al 2024",2024,"Co-infecting Haemoproteus species (Haemosporida, Apicomplexa) show different host tissue tropism during exo-erythrocytic development in Fringilla coelebs (Fringillidae)","International Journal for Parasitology","54:1-22","Tissue stages"
"Howe et al 2012",2012,"Malaria parasites (Plasmodium spp.) infecting introduced, native and endemic New Zealand birds","Parasitol Res","110:913-923","Community"
"Huang et al 2015",2015,"Genetic diversity, temporal dynamics, and host specificity in blood parasites of passerines in north China","Parasitol Res",,"Community"
"Huang et al 2020",2020,"A new protocol for absolute quantifcation of haemosporidian parasites in raptors and comparison with current assays","Parasites & Vectors","13:354","Host clade"
"Iezhova et al 2010",2010,"Haemoproteus cyanomitrae sp. Nov. (Haemosporida: Haemoproteidae) from a widespread african songbird, the olive sunbird, Cyanomitra olivacea","J Parasitol","96:137-143","Taxonomic"
"Iezhova et al 2011",2011,"New avian Haemoproteus species (Haemosporida: Haemoproteidae) from African birds, with a critique of the use of host taxonomic information in hemoproteid classification","J Parasitol","97:682-694","Taxonomic"
"Ilgunas et al 2013",2013,"Molecular and morphological characterization of two avian malaria parasites (Haemosporida: Plasmodiidae), with description of Plasmodium homonucleophilum n. sp.","Zootaxa","3666:049-061","Taxonomic"
"Ilgunas et al 2016",2016,"Mortality and pathology in birds due to Plasmodium (Giovannolaia) homocircumflexum infection, with emphasis on the exoerythrocytic development of avian malaria parasites","Malaria Journal","15:256","Infection Experiment"
"Ilgunas et al 2019",2019,"The life-cycle of the avian haemosporidian parasite Haemoproteus majoris, with emphasis on the exoerythrocytic and sporogonic development","Parasites & Vectors","12:516","Taxonomic"
"Ilgunas et al 2022",2022,"Exo-erythrocytic development of avian haemosporidian parasites in European owls","Animals","12:23","Tissue stages"
"Illera et al 2008",2008,"Genetic characterization, distribution and prevalence of avian pox and avian malaria in the Berthelot's pipit (Anthus berthelotii) in Macronesia","Parasitol Res","103:1435-1443","Single species"
"Illera et al 2015",2015,"Unforeseen biogeographical patterns in a multiple parasite system in Macaronesia","J Biogeogr","42:1858-1870","Single species"
"Imura et al 2012",2012,"Prevalence of avian haematozoa in wild birds in a high-altitude forest in Japan","Veterinary Parasitology","183:244-248","Community"
"Inci et al 2012",2012,"Detection and molecular charactization of avian Plasmodium from mosquitoes in central Turkey","Veterinary Parasitology","188:179-184","Vector screening"
"Inumaru et al 2017",2017,"Prevalence of avian haemosporidia among injured wild birds in Tokyo and environs, Japan","IJP: Parasites and Wildlife","6:299-309","Community"
"Inumaru et al 2020",2020,"Penguins are competent hosts of Haemoproteus parasites: the first detection of gametocytes, with molecular characterization of Haemoproteus larae","Parasites & Vectors","13:307","Taxonomic"
"Inumaru et al 2021a",2021,"Vector incrimination and transmission of avian malaria at an aquarium in Japan: solving the mismatch in parasite composition between mosquitoes and penguins","Malaria Journal","20:136","Vector screening"
"Inumaru et al 2021b",2021,"First records of prevalence and diversity of avian haemosporidia in snipe species (genus Gallinago) of Japan","IJP: Parasites and Wildlife","16:5-17","Host clade"
"Inumaru et al 2022",2022,"A widespread survey of avian haemosporidia in deceased wild birds of Japan: The hidden value of personally collected samples","J Vet Med Sci","84:1253-1260","Veterinary"
"Inumaru et al 2023",2023,"The first detection of avian haemosporidia from Culicoides biting midges in Japan, with notes on potential vector species and the transmission cycle","Veterinary Parasitology: Regiona Studies and Reports","100840","Vector screening"
"Isaksson et al 2013",2013,"Explaining variance of avian malaria infection in the wild: the importance of host density, habitat, individual life-history and oxidative stress","BMC Ecology","13:15","Single species"
"Ishak et al 2008",2008,"Blood parasites in wols with conservation implications for the spotted owl (Strix occidentalis)","PLoS ONE","3:e2304","Host clade"
"Ishtiaq 2017",2017,"Exploring host and geographical shifts in transmission of haemosporidians in a Palaearctic passerine wintering in India","J Ornithol",,"Single species"
"Ishtiaq et al 2007",2007,"Prevalence and diversity of avian hematozoan parasites in Asia: a regional survey","J Wildlife Diseases","43:382-398","Community"
"Ishtiaq et al 2010",2010,"Biogeographical patterns of blood parasite lineage diversity in avian hosts from southern Melanesian islands","J Biogeogr","37:20-132","Community"
"Ishtiaq et al 2012",2012,"Diversity and distribution of avian haematozoan parasites in the western Indian Ocean region: a molecular survey","Parasitology","139:221-231","Community"
"Ishtiaq et al 2017",2017,"Seasonal dynamics in mosquito abundance and temperature do not influence avian malaria prevalence in the Himalayan foothills","Ecology and Evolution","7:8040-8057","Community"
"Ishtiaq et al 2018",2018,"Molecular characterization and morphological description of cryptic haemoproteids in the laughingthrushes (Leiothrichidae) in the western and eastern Himalaya, India","Wellcome Open Research","3:94","Taxonomic"
"Ivanova et al 2015",2015,"Genetic diversity of avian haemosporidians in Malaysia: Cytochrome b lineages of the genera Plasmodium and Haemoproteus (Haemosporida) from Selangor","Infection, Genetics and Evolution","31:33-39","Community"
"Ivanova et al 2018",2018,"Avian haemosporidians from rain forests in Madagascar: Molecular and morphological data of the genera Plasmodium, Haemoproteus and Leucocytozoon","Infection, Genetics and Evolution","58:115-124","Community"
"Jahn et al 2025",2025,"Between- and within-population drivers of haemosporidian prevalence and diversity in American robins (Turdus migratorius)","J Avian Biol","2025: e03430","Single species"
"Jenkins & Owens 2011",2011,"Biogeography of avian blood parasites (Leucocytozoon spp.) in two resident hosts across Europe: phylogeographic structuring or the abundance-occupancy relationship?","Mol Ecol","20:3910-3920","Two Species"
"Jia et al 2018",2018,"Malaria parasites and related haemosporidians cause mortality in cranes: a study on the parasites diversity, prevalence and distribution in Beijing Zoo","Malaria Journal","17:234","Veterinary"
"Jones et al 2013",2013,"Spatial Patterns of Avian Malaria Prevalence in Zonotrichia capensis on the Western Slope of the Peruvian Andes","J Parasitol","99:903-905","Single species"
"Jones et al 2018",2018,"Interspecific transfer of parasites following a range-shift in Ficedula flycatchers","Ecology and Evolution","8:12183-12192","Two Species"
"Jones et al 2024a",2024,"Haemosporidian infections are more common in breeding shorebirds than in migrating shorebirds","Ibis",,"Community"
"Jones et al 2024b",2024,"Sympatry in a nightingale contact zone has no effect on host-specific blood parasite prevalence and lineage diversity","International Journal for Parasitology",,"Two Species"
"Jumpato et al 2019",2019,"Molecular detection of Leucocytozoon (Apicomplexa: haemosporida) in black flies (Diptera: simuliidae) from Thailand","Acta Tropica","190:228-234","Vector screening"
"Karadjian et al 2013",2013,"Haemoproteus syrnii in Strix aluco from France: morphology, stages of sporogony in a hippoboscid fly, molecular characterization and discussion on the identification of Haemoproteus species","Parasite","20, 32","Taxonomic"
"Karadjian et al 2014",2014,"Haemoproteus ilanpapernai n. sp. (Apicomplexa, Haemoproteidae) in Strix seloputo from Singapore: morphological description and reassignment of molecular data","Parasite","21:17","Taxonomic"
"Karamba et al 2012",2012,"A survey of avian malaria parasite in Kano State, Northern Nigeria","Int J Biotechnol Mol Biol Res","3:8-14","Single species"
"Kazlauskiene et al 2013",2013,"Plasmodium relictum (lineages pSGS1 and pGRW11): Complete synchronous sporogony in mosquitoes Culex pipiens pipiens","Exp Parasitol","133:454-461","Infection Experiment"
"Keith et al 2022",2022,"Avian Haemosporidian Diversity in South Texas: New Lineages and Variation in Prevalence between Sampling Sources and Sites","Diversity",,"Community"
"Kelly et al 2018",2018,"Haemoproteus (Parahaemoproteus) spp. in captive-bred bobwhite quail (Colinus virginianus) in southern Utah, USA","J Wildlife Diseases","54:726-733","Veterinary"
"Kim & Tsuda 2010",2010,"Seasonal changes in the feeding pattern of Culex pipiens pallens govern the transmission dynamics of multiple lieanges of avian malaria parasites in Japanese wild bird community","Mol Ecol","19:5545-5554","Vector screening"
"Kim & Tsuda 2012",2012,"Avian Plasmodium lineages found in spot surveys of mosquitoes from 2007 to 2010 at Sakata wetland, Japan: do dominant lineages persist for multiple years?","Mol Ecol","21:5374-5385","Vector screening"
"Kim & Tsuda 2015",2015,"Sporogony and sporozoite rates of avian malaria parasites in wild Culex pipiens pallens and C. inatomii in Japan","Parasites & Vectors","8:633","Vector screening"
"Kim et al 2009a",2009,"Mosquito blood-meal analysis for avian malaria study in wild bird communities: laboratory verification and application to Culex sasai (Diptera: Culicidae) collected in Tokyo, Japan","Parasitol Res","105:1351-1357","Vector screening"
"Kim et al 2009b",2009,"Bloodmeal identification and detection of avian malaria parasite from mosquitoes (Diptera: Culicidae) inhabiting coastal areas of Tokyo Bay, Japan","J Med Entomol","46:1230-1234","Vector screening"
"Kimura et al 2006",2006,"Phylogeographic structuring of Plasmodium lineages across the north American range of the house finch (Carpodacus mexixanus)","J Parasitol","92:1043-1049","Single species"
"Kimura et al 2010",2010,"Avian malaria parasites share congeneric mosquitoe vectors","J Parasitol","96:144-151","Vector screening"
"Kleinschmidt et al 2022",2022,"Infection of haemosporidian parasites in an arctic breeding seabird species – the NW-European red-throated diver","Microorganisms","10: 2147","Single species"
"Knowles et al 2010",2010,"Chronic malaria infections increase family inequalities and reduce parental fitness: experimental evidence from a wild bird population","J Evol Biol","23:557-569","Single species"
"Knowles et al 2011",2011,"Molecular epidemiology of malaria prevalence and parasitaemia in a wild bird population","Mol Ecol","20:1062-1076","Single species"
"Krizanauskiene et al 2006",2006,"Variation in host specificity between species of avian haemosporidian parasites: evidence from parasite morphology and cytochrome b gene sequences","J Parasitol","92:1319-1324","Taxonomic"
"Krizanauskiene et al 2010",2010,"Molecular phylogenetic and morphological analysis of haemosporidian parasites (Haemosporida) in a naturally infected European songbird, the blackcap Sylvia atricapilla, with description of Haemoproteus pallidulus","Parasitology","137:217-227","Taxonomic"
"Krizanauskiene et al 2012",2012,"Haemoproteus nucleocondensus n. sp. (Haemosporida, haemoproteidae) from a Eurasian songbird, the great reed warbler Acrocephalus arundinaceus","Zootaxa","3441:36-46","Taxonomic"
"Krizanauskiene et al 2013",2013,"Molecular characterization of Haemoproteus sacharovi (Haemosporida, Haemoproteidae), a common parasite of columbiform birds, with remarks on classification of haemoproteids of doves and pigeons","Zootaxa","3613:85-94","Taxonomic"
"Krone et al 2008",2008,"Haemosporidian blood parasites in European birds of prey and owls","J Parasitol","94:709-715","Host clade"
"Kubacka et al 2019",2019,"Correlates of blood parasitism in a threatened marshland passerine: infection by kinetoplastids of the genus Trypanosoma is related to landscape metrics of habitat edge","Parasitology","146:1036-1046","Single species"
"Kulma et al 2013",2013,"Malaria infections reinforce competitive asymmetry between two Ficedula flycatchers in a recent contact zone","Mol Ecol","22:4591–4601","Two Species"
"Kulma et al 2014",2014,"Malaria-infected female collared flycatchers (Ficedula albicollis) do not pay the cost of late breeding","PLoS ONE","9:e85822","Single species"
"Lacorte et al 2013",2013,"Exploring the Diversity and Distribution of Neotropical Avian Malaria Parasites – A Molecular Survey from Southeast Brazil","PLoS ONE","e57770","Community"
"Lalubin et al 2013",2013,"Temporal changes in mosquito abundance (Culex pipiens), avian malaria prevalence and lineage composition","Parasites & Vectors","6:307","Vector screening"
"Lauron et al 2015",2015,"Coevolutionary patterns and diversification of avian malaria parasites in African sunbirds (Family Nectariniidae)","Parasitology","142:635-647","Host clade"
"Lertwatcharasarakul et al 2021",2021,"Molecular and morphological analyses of Leucocytozoon parasites (Haemosporida: Leucocytozoidae) in raptors from Thailand","Acta Parasitologica",,"Veterinary"
"Levin et al 2009",2009,"Plasmodium blood parasite found in endangered Galapagos penguins (Spheniscus mendiculus)","Biological Conservation","142:3191-3195","Single species"
"Levin et al 2011",2011,"Hippoboscid-transmitted Haemoproteus parasites (Haemosporida) infect Galapagos Pelecaniform birds: Evidence from molecular and morphological studies, with a description of Haemoproteus iwa","Int J Parasitol","41:1019-1027","Taxonomic"
"Levin et al 2012",2012,"Novel Haemoproteus Species (Haemosporida: Haemoproteidae) from the Swallow-Tailed Gull (Lariidae), with Remarks On the Host Range of Hippoboscid-Transmitted Avian Hemoproteids","J Parasitol","98:847-854","Taxonomic"
"Levin et al 2013",2013,"Multiple lineages of avian malaria parasites (Plasmodium) in the Galapagos Islands and evidence for arrival via migratory birds","Conservation Biology","27:1366-1377","Community"
"Levin et al 2016",2016,"Local parasite lineage sharing in temperate grassland birds provides clues about potential origins of Galapagos avian Plasmodium","Ecology and Evolution","6:716-726","Community"
"Lewicki et al 2015",2015,"Effects of barred owl (Strix varia) range expansion on Haemoproteus parasite assemblage dynamics and transmission in barred and northern spotted owls (Strix occidentalis caurina)","Biological Invasions","17:1713-1727","Two Species"
"Liu et al 2019",2019,"High prevalence and narrow host range of haemosporidian parasites in Godlewski's bunting (Emberiza godlewskii) in northern China","Parasitology International","69:121-125","Single species"
"Loiseau et al 2008",2008,"Antagonistic effects of a Mhc class I allele on malaria-infected house sparrows","Ecology Letters","11:258-265","Single species"
"Loiseau et al 2010",2010,"Spatial variation of Haemosporidian parasite infection in African rainforest bird species","J Parasitol","96:21-29","Two Species"
"Loiseau et al 2011",2011,"Plasmodium relictum and MHC diversity in the house sparrow (Passer domesticus)","Proc R Soc Lond B","278:1264-1272","Single species"
"Loiseau et al 2012a",2012,"First evidence and predictions of Plasmodium transmission in Alaskan bird populations","PLoS ONE","7:e44729","Community"
"Loiseau et al 2012b",2012,"Host and habitat specialization of avian malaria in Africa","Mol Ecol","21:431-441","Community"
"Loiseau et al 2017",2017,"Insularity effects on the assemblage of the blood parasite community of the birds from the Gulf of Guinea","J Biogeogr",,"Community"
"Lopez et al 2013",2013,"Increased endoparasite infection in late-arriving individuals of a trans-saharan passerine migrant bird","PLoS ONE","8:e61236","Two Species"
"Lopez-Calderon et al 2019",2019,"Rainfall at African wintering grounds predicts age-specific probability of haemosporidian infection in a migratory passerine bird","Ibis","161: 759-769","Single species"
"Lotta et al 2013",2013,"Leucocytozoon fringillarum and Leucocytozoon dubreuli in Turdus fuscater from a Colombian Paramo ecosystem","J Parasitol","99:359-362","Taxonomic"
"Lotta et al 2015",2015,"Leucocytozoon pterotenuis sp. nov. (Haemosporida, Leucocytozoidae): description of the morphologically unique species from the Grallariidae birds, with remarks on the distribution of Leucocytozoon parasites in the Neotropics","Parasitol Res",,"Taxonomic"
"Lotta et al 2016",2016,"Leucocytozoon diversity and possible vectors in the neotropical highlands of colombia","Protist","167:185-204","Taxonomic"
"Lotta et al 2019",2019,"Disentangling Leucocytozoon parasite diversity in the neotropics: Descriptions of two new species and shortcomings of molecular diagnostics for leucocytozoids","IJP: Parasites and Wildlife","9:159-173","Taxonomic"
"Lotta-Arevalo et al 2023",2023,"Haemosporidians in Non-Passerine Birds of Colombia: An overview of the Last 20 years of research","Diversity","15:57","Phylogenetic"
"Lutz et al 2015",2015,"Parasite prevalence corresponds to host life history in a diverse assemblage of afrotropical birds and haemosporidian parasites","PLoS ONE","10:e0121254","Community"
"Lynton-Jenkins et al 2020",2020,"Contrasting the seasonal and elevational prevalence of generalist avian haemosporidia in co-occurring host species","Ecology and Evolution","10:6097–6111","Two Species"
"Magana Vázquez et al 2022",2022,"Blood Parasites of Vangas and Other Corvoidea on Madagascar","Diversity","14:888","Community"
"Mantilla et al 2013a",2013,"Identification of Plasmodium (Haemamoeba) lutzi (Lucena, 1939) from Turdus fuscater (great thrush) in Colombia","J Parasitol","99:662-668","Taxonomic"
"Mantilla et al 2013b",2013,"Description and molecular characterization of Plasmodium (Novyella ) unalis sp. nov. from the Great Thrush (Turdus fuscater ) in highland of Colombia","Parasitol Res","112:4193-4204","Taxonomic"
"Mantilla et al 2016",2016,"Haemoproteus erythrogravidus n. sp. (Haemosporida,Haemoproteidae): Description and molecular characterization of awidespread blood parasite of birds in South America","Acta Parasitologica","159:83-94","Taxonomic"
"Markakis et al 2025a",2025,"First investigation of haemosporidian species and record of novel genetic lineages in eurasian griffon vultures (Gyps fulvus) in Greece","Veterinary Sciences","12:973","Single species"
"Markakis et al 2025b",2025,"First assessment of the prevalence of haemosporidian infections in Accipitriformes raptors in Greece","Parasitol Res","124:2","Two Species"
"Marroquin-Flores et al 2017",2017,"Diversity, abundance, and host relationships in the avian malaria community of New Mexico pine forests ","PeerJ","5:e3700","Community"
"Martinez et al 2015",2015,"Molecular characterisation of haemoparasites in forest birds from Robinson Crusoe Island: Is the Austral Thrush a potential threat to endemic birds?","Bird Conservation International","25:139-152","Community"
"Martinez et al 2016",2016,"The prevalence and molecular characterisation of blood parasites infecting the vulnerable Tamarugo Conebill(Conirostrum tamarugense) and other birds in the Pampa del Tamarugal, Chile","Emu",,"Community"
"Martinez-Renau et al 2022",2022,"Haemosporidian parasite diversity and prevalence in the songbird genus Junco across Central and North America","Ornithology",,"Host clade"
"Martinez-de la Puente et al 2015",2015,"Avian malaria parasites in the last supper: identifying encounters between parasites and the invasive Asian mosquito tiger and native mosquito species in Italy","Malaria Journal","14:32","Vector screening"
"Martinsen et al 2006",2006,"Morphological versus molecular identification of avian Haemosporidia: an exploration of three species concepts","Parasitology","133:279-288","Taxonomic"
"Martinsen et al 2007",2007,"Morphologically defined subgenera of Plasmodium from avian hosts: test of monophyly by phylogenetic analysis of two mitochondrial genes","Parasitology","134:483-490","Phylogenetic"
"Martinsen et al 2008",2008,"A three-genome phylogeny of malaria parasites (Plasmodium and closely related genera): evolution of life-history traits and host switches","Mol Phyl Evol","47:261-273","Phylogenetic"
"Martinsen et al 2017",2017,"Documentation of malaria parasite (Plasmodium spp.) infection and associated mortality in a common loon (Gavia immer)","J Wildlife Diseases","53:859-863","Veterinary"
"Martínez et al 2009",2009,"A restriction site to differentiate Plasmodium and Haemoproteus infections in birds: on the inefficiency of general primers for detection of mixed infections","Parasitology","136:713-722","Method"
"Marzal & Albayrak 2012",2012,"Geographical variation of haemosporidian parasites in Turkish populations of Krüper’s Nuthatch Sitta krueperi","J Ornithol","153:1225-1231","Single species"
"Marzal et al 2008",2008,"Effects of malaria double infection in birds: one plus one is not two","J Evol Biol","21:979-987","Single species"
"Marzal et al 2011",2011,"Diversity, loss, and gain of malaria parasites in a globally invasive bird","PLoS ONE","6:e21905","Single species"
"Marzal et al 2015",2015,"Invasive avian malaria as an emerging parasitic disease in native birds of Peru","Biological Invasions","17:39-45","Community"
"Mata et al 2015",2015,"The Strait of Gibraltar poses an effective barrier to host-specialised but not to host-generalised lineages of avian Haemosporidia","International Journal for Parasitology","45:711-719","Community"
"Matta et al 2014a",2014,"Description of Leucocytozoon quynzae sp. nov. (Haemosporida, Leucocytozoidae) from hummingbirds, with remarks on distribution and possible vectors of leucocytozoids in South America","Parasitol Res","113:457-468","Taxonomic"
"Matta et al 2014b",2014,"Description and molecular characterization of Haemoproteus macrovacuolatus n. sp. (Haemosporida, Haemoproteidae), a morphologically unique blood parasite of black-bellied whistling duck (Dendrocygna autumnalis) from South America","Parasitol Res","113:29913000","Taxonomic"
"McNew et al 2021",2021,"Contrasting drivers of diversity in hosts and parasites across the tropical Andes","Proc. Natl. Acad. Sci. U.S.A.",,"Community"
"Meister et al 2023",2023,"Avian haemosporidian parasites in captive and free-ranging, wild birds from zoological institutions in Switzerland: Molecular characterization and clinical importance","IJP: Parasites and Wildlife","20:46-55","Veterinary"
"Meisteret al 2021",2021,"Fatal avian malaria in captive Atlantic puffins (Fratercula arctica) in Switzerland","IJP: Parasites and Wildlife","14:97-106","Veterinary"
"Mendes et al 2005",2005,"Disease-limited distributions? Contrasts in the prevalence of avian malaria in shorebird species using marine and freshwater habitats","Oikos","109:396-404","Host clade"
"Mendes et al 2013",2013,"Hidden haemosporidian infections in Ruffs (Philomachus pugnax) staging in Northwest Europe en route from Africa to Arctic Europe","Parasitol Res","112:2037-2043","Single species"
"Merino et al 2008",2008,"Haematozoa in forest birds from southern Chile: latitudinal gradients in prevalence and parasite lineage richness","Austral Ecology","33:329-340","Community"
"Merino et al 2012",2012,"Infection by Haemoproteus Parasites in Four Species of Frigatebirds and the Description of a New Species of Haemoproteus (Haemosporida: Haemoproteidae)","J Parasitol","98:388-397","Taxonomic"
"Mijares et al 2012",2012,"Hemosporidian Parasites in Forest Birds from Venezuela: Genetic Lineage Analyses","Avian Diseases","56:583-588","Community"
"Moens & Perez-Tris 2015",2015,"Discovering potential sources of emerging pathogens: South America is a reservoir of generalist avian blood parasites.","International Journal for Parasitology","46:41-49","Community"
"Moens et al 2016",2016,"Parasite specialization in a unique habitat: hummingbirds as reservoirs of generalist blood parasites of Andean birds","J Anim Ecol",,"Community"
"Morel et al 2021",2021,"Molecular detection and phylogenetic relationship of haemosporida parasites in free-ranging wild raptors from Brazil","Veterinary Parasitology: Regional Studies and Reports","23:100521","Host clade"
"Motta et al 2013",2013,"Does haemosporidian infection affect hematological and biochemical profiles of the endangered Black-fronted piping-guan (Aburria jacutinga)?","PeerJ","1:e45","Single species"
"Murata et al 2008",2008,"Plasmodium (Bennettinia) juxtanucleare infection in a captive white eared-pheasant (Crossoptilon crossoptilon) at a Japanese Zoo","J Vet Med Sci","70:203-205","Taxonomic"
"Murdock et al 2015",2015,"Molecular analyses on host-seeking black flies (Diptera: Simuliidae) reveal a diverse assemblage of Leucocytozoon (Apicomplexa: Haemospororida) parasites in an alpine ecosystem","Parasites & Vectors","8:343","Vector screening"
"Muriel et al 2018",2018,"Molecular characterization of avian malaria in the spotless starling (Sturnus unicolor)","Parasitol Res","117:919-928","Single species"
"Musa et al 2018",2018,"Low prevalence of haemosporidian parasites in resident Greylag Geese (Anser anser) in southwestern Germany","J Ornithol","159:1099-1103","Single species"
"Musa et al 2019",2019,"Avian malaria on Madagascar: prevalence, biodiversity and specialization of haemosporidian parasites","International Journal for Parasitology",,"Community"
"Musa et al 2022",2022,"Untangling the actual infection status: detection of avian haemosporidian parasites of three Malagasy bird species using microscopy, multiplex PCR, and nested PCR methods","Parasitol Res",,"Community"
"Nardoni et al 2020",2020,"Haemoproteus spp. and Leucocytozoon californicus coinfection in a merlin (Falco colombarius)","Pathogens","9:263","Veterinary"
"Nebel et al 2020",2020,"High prevalence and genetic diversity of Haemoproteus columbae (Haemosporida: Haemoproteidae) in feral pigeons Columba livia in Cape Town, South Africa","Parasitol Res","119:447-463","Single species"
"Neto et al 2015",2015,"Prevalence and diversity of Plasmodium and Haemoproteus parasites in the globally-threatened aquatic warbler","Parasitology","142:1183-1189","Single species"
"Neto et al 2020",2020,"Seasonal dynamics of haemosporidian (Apicomplexa, Haemosporida) parasites in house sparrows Passer domesticus at four European sites: comparison between lineages and the importance of screening methods","International Journal for Parasitology","50:523-532","Single species"
"Niebuhr et al 2016",2016,"Is avian malaria playing a role in native bird declines in New Zealand? Testing hypotheses along an elevational gradient","PLoS ONE","11:e0165918","Community"
"Nilsson et al 2016",2016,"Multiple cryptic species of sympatric host generalists within the avian blood parasite Haemoproteus majoris","J Evol Biol","29:1812-1826","Community"
"Njabo et al 2009",2009,"Coquillettidia (Culicidae, Diptera) mosquitoes are natural vectors of avian malaria in Africa","Malaria Journal","8:193","Vector screening"
"Njabo et al 2011",2011,"Nonspecific patterns of vectors, host and avian malaria parasite associations in a central African rainforest","Mol Ecol","20:1049-1061","Vector screening"
"Noni & Tan 2023",2023,"Prevalence of haemosporidia in Asian Glossy Starling with discovery of misbinding of Haemoproteus‑specific primer to Plasmodium genera in Sarawak, Malaysian Borneo","BMC Veterinary Research","19:66","Single species"
"Nourani et al 2018",2018,"Molecular detection and genetic diversity of avian haemosporidian parasites in Iran","PLoS ONE",,"Community"
"Oakgrove et al 2014",2014,"Distribution, diversity and drivers of blood-borne parasite co-infections in Alaskan bird populations","International Journal for Parasitology","44:717-727","Community"
"Odagawa et al 2022",2022,"A long-term field study on the prevalence of avian Plasmodium parasites and mosquito vectors in Kanagawa, Japan","J Vet Med Sci","84:1391-1398","Vector screening"
"Okanga et al 2014",2014,"Host specificity and co-speciation in avian haemosporidia in the Western Cape, South Africa","PLoS ONE","9:e86382","Community"
"Olias et al 2011",2011,"Avian malaria deaths in parrots, Europe","Emerging Infectious Diseases","17:950-952","Veterinary"
"Olsson-Pons et al 2015",2015,"Differences in host species relationships and biogeographic influences produce contrasting patterns of prevalence, community composition and genetic structure in two genera of avian malaria parasites in southern Melanesia","J Anim Ecol",,"Community"
"Omori et al 2007",2007,"Complete nucleotide sequences of the mitochondrial genomes of two avian malaria protozoa, Plasmodium gallinaceum and Plasmodium juxtanucleare","Parasitol Res","100:661-664","Taxonomic"
"Omori et al 2008",2008,"Two extra chromosomal genomes of Leucocytozoon cauleryi: complete nucleotide sequences of the mitochondrial genome and existence of the apicoplast genome","Parasitol Res","103:953-957","Taxonomic"
"Orlofske et al 2024",2024,"Avian haemosporidians in greater (Aythya marila) and lesser scaup (Aytha affinis) from Wisconsin, USA.","J Parasitol","110:445–454","Host clade"
"Ortego & Cordero 2009",2009,"PCR-based detection and genotyping of haematozoa (Protozoa) parasitizing eagle owls, Bubo bubo","Parasitol Res","104:467-470","Single species"
"Ortego et al 2007",2007,"Genetic characterization of avian malaria (Protozoa) in the endangered lesser kestrel, Falco naumanni","Parasitol Res","101:1153-1156","Single species"
"Ortego et al 2008",2008,"Consequences of chronic infections with three different avian malaria lineages on reproductive performance of lesser kestrels (Falco naumanni)","J Ornithol","149:337-343","Single species"
"Ortiz-Catedral et al 2019",2019,"Haemoproteus minutus is highly virulent for Australasian and South American parrots","Parasites & Vectors","12:40","Veterinary"
"Outlaw & Ricklefs 2009",2009,"On the phylogenetic relationships of haemosporidian parasites from raptorial birds (Falconiformes and Strigiformes)","J Parasitol","95:1171-1176","Phylogenetic"
"Pacheco et al 2011",2011,"Haemosporidian infection in captive masked bobwhite quail (Colinus virginianus ridgwayi), an endangered subspecies of the northern bobwhite quail","Veterinary Parasitology","182:113-120","Veterinary"
"Pacheco et al 2017",2017,"Mode and Rate of Evolution of Haemosporidian Mitochondrial Genomes: Timing the Radiation of Avian Parasites","Mol Biol Evol","35:383–403","Phylogenetic"
"Pacheco et al 2024",2024,"A new long‑read mitochondrial‑genome protocol (PacBio HiFi) for haemosporidian parasites: a tool for population and biodiversity studies","Malaria Journal","23:134","Method"
"Pacheco et al 2025",2025,"Haemoproteus syrnii and other haemosporidians infecting owls from North America","Malaria Journal","24:365","Host clade"
"Pagenknopp et al 2008",2008,"Geographic variation in malaria parasite lineages in the common yellowthroat (Geothlypis trichas)","Conserv Genet","9:1577-1588","Single species"
"Palinauskas et al 2007",2007,"Comparison of mitochondrial cytochrome b lineages and morphospecies of two avian malaria parasites of the subgenera Haemamoeba and Giovannolaia (HaeHaemosporida: Plasmodiidae)","Zootaxa","1626:39-50","Infection Experiment"
"Palinauskas et al 2008",2008,"Plasmodium relictum (lineage P-SGS1): effects on experimentally infected passerine birds","Exp Parasitol","120:372-380","Infection Experiment"
"Palinauskas et al 2009",2009,"Plasmodium relictum (lineage P-SGS1): Further observation of effects on experimentally infected passeriform birds, with remarks on treatment with Malarone","Exp Parasitol","123:134-139","Infection Experiment"
"Palinauskas et al 2011",2011,"Plasmodium relictum (lineage SGS1) and Plasmodium ashfordi (lineage GRW2): The effects of the co-infection on experimentally infected passerine birds","Exp Parasitol","127:527-533","Infection Experiment"
"Palinauskas et al 2013",2013,"Molecular characterization and distribution of Haemoproteus minutus (Haemosporida, Haemoproteidae), a pathogenic avian parasite","Parasitology International","62:358-363","Community"
"Palinauskas et al 2015",2015,"Description of first cryptic avian malaria parasite Plasmodium homocircumflexum n. sp., with 2 experimental data on its virulence and development in avian hosts and mosquitoes","International Journal for Parasitology","42:51-62","Taxonomic"
"Palinauskas et al 2016",2016,"Description, molecular characterisation, diagnostics and life cycle of Plasmodium elongatum (lineage pERIRUB01), the virulent avian malaria parasite","International Journal for Parasitology","46:697–707","Tissue stages"
"Pardal et al 2014",2014,"Shorebird low spillover risk of mosquito-borne pathogens on Iberian wetlands","J Ornithol","155:549-554","Community"
"Patanova et al 2021",2021,"Experimental study of newly described avian malaria parasite Plasmodium (Novyella) collidatum n. sp., genetic lineage pFANTAIL01 obtained from South Asian migrant bird","Malaria Journal","20:82","Infection Experiment"
"Pattaradilokrat et al 2015",2015,"Molecular detection of the avian malaria parasite Plasmodium gallinaceum in Thailand","Veterinary Parasitology","210:1-9","Single species"
"Pedro et al 2019",2019,"Low occurrence of hemosporidian parasites in the Neotropic cormorant (Phalacrocorax brasilianus) in Chile","Parasitol Res",,"Single species"
"Peev et al 2016",2016,"Haemosporidian blood parasite diversity and prevalence in the semi-collared flycatcher (Ficedula semitorquata) from the eastern Balkans","Parasitology International","65:613–617","Single species"
"Perkins & Schall 2002",2002,"A molecular phylogeny of malarial parasites recovered from cytochrome b gene sequences","J Parasitol","88:972-978","Phylogenetic"
"Perkins 2008",2008,"Molecular systematics of the three mitochondrial protein-coding genes of malaria parasites: Corroborative and new evidence for the origins of human malaria","Mitochondrial DNA","19:471-478","Phylogenetic"
"Perrin et al 2023",2023,"Habitat fragmentation matters more than habitat loss: The case of host–parasite interactions","Mol Ecol","32:951–969","Community"
"Perrin et al 2026",2026,"Avian haemosporidian diversity and transmission across birds and mosquitoes in Botswana","IJP: Parasites and Wildlife","29:101212","Community"
"Piersma & van der Velde 2012",2012,"Dutch house martins Delichon urbicum gain blood parasite infections over their lifetime, but do not seem to suffer","J Ornithol","153:907-912","Single species"
"Piratae et al 2021",2021,"Prevalence and molecular identification of Leucocytozoon spp. in fighting cocks (Gallus gallus) in Thailand","Parasitol Res","120:2149–2155","Single species"
"Podmokla et al 2014a",2014,"Avian malaria is associated with increased reproductive investment in the blue tit","J Avian Biol","45:001-006","Single species"
"Podmokla et al 2014b",2014,"Determinants of prevalence and intensity of infection with malaria parasites in the Blue Tit","J Ornithol","155:721-727","Single species"
"Poharkar et al 2009",2009,"Is malaria the cause for decline in the wild population of the indian white-backed vulture (Gyps bengalensis)?","Current Science","96:553-558","Single species"
"Pornpanom et al 2019",2019,"Molecular prevalence and phylogenetic relationship of Haemoproteus and Plasmodium parasites of owls in Thailand: Data from a rehabilitation centre","IJP: Parasites and Wildlife","9:248–257","Veterinary"
"Pornpanom et al 2021",2021,"Prevalence and genetic diversity of Haemoproteus and Plasmodium in raptors from Thailand: Data from rehabilitation center","IJP: Parasites and Wildlife","16:75-82","Host clade"
"Pramual et al 2020",2020,"Molecular identification of blood meal sources in black flies (Diptera: Simuliidae) suspected as leucocytozoon vectors","Acta Tropica","205:105383","Vector screening"
"Pramual et al 2020",2020,"Molecular identification of blood meal sources in black flies (Diptera: Simuliidae) suspected as Leucocytozoon vectors","Acta Tropica","205:105383","Vector screening"
"Prompiram et al 2023",2023,"Haemosporidian Parasites of White-BreastedWaterhens (Amaurornis phoenicurus), with a Report and Molecular Characterization of Haemoproteus gallinulae in Thailand","Animals","13:2006","Single species"
"Puech et al 2019",2019,"Haemoparasites of falcons in France: a 2-year survey in the Cevennes, with description of two new Haemoproteid species from poly-parasitised birds","J Nat Hist","53:2023-2037","Taxonomic"
"Pulgarin-R et al 2019",2019,"Migratory birds as vehicles for parasite dispersal? Infection by avian haemosporidians over the year and throughout the range of a long‐distance migrant","J Biogeogr","46:83-96","Single species"
"Pérez-Rodriguez et al 2013a",2013,"Molecular characterization of haemosporidian parasites from kites of the genus Milvus (Aves: Accipitridae)","International Journal for Parasitology","43:381-387","Two Species"
"Pérez-Rodriguez et al 2013b",2013,"Evolution of parasite island syndromes without long-term host population isolation: parasite dynamics in Macaronesian blackcaps Sylvia atricapilla","Global Ecology and Biogeography","22:1272-1281","Single species"
"Pérez-Rodriguez et al 2015",2015,"Evolution of seasonal transmission patterns in avian blood-borne parasites","IJP: Parasites and Wildlife","45:605-611","Single species"
"Pérez-Tris & Bensch 2005",2005,"Dispersal increases local transmission of avian malarial parasites","Ecology Letters","8:838-845","Single species"
"Pérez-Tris et al 2007",2007,"Within-host speciation of malaria parasites","PLoS ONE","2:e235","Phylogenetic"
"Quillfeldt et al 2010",2010,"Haemosporidian blood parasites in seabirds - a comparative genetic study of species from Antarctic to tropical habitats","Naturwissenschaften","97:809-817","Community"
"Quillfeldt et al 2014",2014,"Blood parasites in noddies and boobies from Brazilian offshore islands – differences between species and influence of nesting habitat","Parasitology","141:399-410","Two Species"
"Radwan et al 2012",2012,"MHC diversity, malaria and lifetime reproductive success in collared flycatchers","Mol Ecol","21:2469-2479","Single species"
"Ramey et al 2012",2012,"Molecular detection of hematozoa infections in tundra swans relative to migration patterns and ecological conditions at breeding grounds","PLoS ONE","7:e45789","Single species"
"Ramey et al 2013",2013,"Evaluation of blood and muscle tissues for molecular detection and characterization of hematozoa infections in northern pintails (Anas acuta) wintering in California","IJP: Parasites and Wildlife","2:102-109","Single species"
"Ramey et al 2016",2016,"Evidence for the exchange of blood parasites between North America and the Neotropics in blue-winged teal (Anas discors)","Parasitol Res","115:3923-3939","Single species"
"Ramey et al 2021",2021,"Negligible evidence for detrimental effects of Leucocytozoon infections among Emperor Geese (Anser canagicus) breeding on the Yukon-Kuskokwim Delta, Alaska","IJP: Parasites and Wildlife","16:103-112","Single species"
"Reinoso-Pérez et al 2016",2016,"Haemosporidian parasite prevalence, parasitemia, and diversity in three resident bird species at a shrubland dominated landscape of the Mexican highland plateau","Parasites & Vectors","9:307","Community"
"Reullier et al 2006",2006,"Diversity, distribution and exchange of blood parasites meeting at an avian moving contact zone","Mol Ecol","15 :753-763","Two Species"
"Rice et al 2021",2021,"Haemosporidian prevalence and community composition vary little across a chickadee hybrid zone","Auk",,"Two Species"
"Ricklefs & Fallon 2002",2002,"Diversification and host switching in avian malaria parasites","Proc R Soc Lond B","269:885- 892","Phylogenetic"
"Ricklefs & Fallon 2010",2010,"A Molecular Clock for Malaria Parasites","Science","329:226-229","Phylogenetic"
"Ricklefs et al 2014",2014,"Species formation by host shifting in avian malaria parasites","Proc. Natl. Acad. Sci. U.S.A.","111:14816-14821","Community"
"Rodrigues et al 2019",2019,"Low occurrence of hemosporidian parasites in the Neotropic cormorant (Phalacrocorax brasilianus) in Chile","Parasitol Res",,"Single species"
"Rodrigues et al 2020",2020,"Using a multistate occupancy approach to determine molecular diagnostic accuracy and factors affecting avian haemosporidian infections","Scientific Reports","10:8480","Single species"
"Rodrigues et al 2021",2021,"Host migration and environmental temperature influence avian haemosporidians prevalence: a molecular survey in a Brazilian Atlantic rainforest","PeerJ","peerj.11555","Community"
"Rohrer et al 2023",2023,"Gut microbiome composition associated with Plasmodium infection in the Eurasian tree sparrow","J Avian Biol","e03027","Single species"
"Rojo et al 2014",2014,"Haemosporidians in Iberian Bluethroats Luscinia svecica","Ardeola","61:135-143","Single species"
"Rojo et al 2015",2015,"The Iberian Peninsula is an Area of Infection by Haemoproteus payevskyi and Haemoproteus nucleocondensus for the White-Throated Dipper Cinclus cinclus","Ardeola","62:373-382","Single species"
"Roos et al 2015",2015,"Prevalence and diversity of avian malaria parasites in migratory Black Skimmers (Rynchops niger, Laridae, Charadriiformes) from the Brazilian Amazon Basin","Parasitol Res","114:3903-3911","Single species"
"Santiago-Alarcon et al 2010",2010,"Phylogenetic relationships of haemosporidian parasites in New World Columbiformes, with emphasis on the endemic Galapagos dove","Int J Parasitol","40:463-470","Host clade"
"Santiago-Alarcon et al 2011",2011,"Prevalence, diversity, and interaction patterns of avian haemosporidians in a four-year study of blackcaps in a migratory divide","Parasitology","138:824-835","Single species"
"Santiago-Alarcon et al 2013",2013,"Urban forests as hubs for novel zoonosis: blood meal analysis, seasonal variation in Culicoides (Diptera: Ceratopogonidae) vectors, and avian haemosporidians","Parasitology","140:1799-1810","Vector screening"
"Santiago-Alarcon et al 2016",2016,"Avian haemosporidian parasites in an urban forest and their relationship to bird size and abundance","Urban Ecosyst","19:331-346","Community"
"Santos et al 2025",2025,"Molecular detection of Haemoproteus columbae Kruse, 1890 (Haemospororida: Haemoproteidae) in Columba livia Gmelin, 1789 (Columbiformes: Columbidae) in southern Brazil","Brazilian J Vet Parasitol","34:e018524","Single species"
"Sarquis-Adamson & MacDougall-Shackleton 2016",2016,"Song sparrows Melospiza melodia have a home-field advantage in defending against sympatric malarial parasites","Royal Society Open Science","3:160216","Single species"
"Sato et al 2007",2007,"Phylogenetic comparison of Leucocytozoon spp. from wild birds of Japan","J Vet Med Sci","69:55-59","Phylogenetic"
"Sato et al 2009",2009,"Molecular detection of Leucocytozoon lovati from probable vectors, black flies (Simulidae) collected in the alpine regions of Japan","Parasitol Res","104:251-255","Vector screening"
"Scaglione et al 2015",2015,"Prevalence of new and known species of haemoparasites in feral pigeons in northwest Italy","Malaria Journal","14:99","Single species"
"Schmid et al 2017a",2017,"Avian malaria on Madagascar: bird hosts and putative vector mosquitoes of different Plasmodium lineages","Parasites & Vectors","10:6","Community"
"Schmid et al 2017b",2017,"Carrion crows (Corvus corone) of southwest Germany: important hosts for haemosporidian parasites","Malaria Journal","16:369","Single species"
"Schoener et al 2017",2017,"Avian Plasmodium in Eastern Austrian mosquitoes","Malaria Journal","16:389","Vector screening"
"Schoener et al 2019",2019,"Presence and diversity of mixed avian Plasmodium spp. infections in introduced birds whose distribution overlapped with threatened New Zealand endemic birds","New Zealand Veterinary Journal",,"Community"
"Schrenzel et al 2003",2003,"Molecular characterization of malarial parasites in captive passerine birds","J Parasitol","89:1025-1033","Veterinary"
"Schumm et al 2019",2019,"Blood parasites in Passeriformes in central Germany: prevalence and lineage diversity of Haemosporida (Haemoproteus, Plasmodium and Leucocytozoon) in six common songbirds","PeerJ","6:e6259","Community"
"Schumm et al 2021",2021,"Prevalence and genetic diversity of avian haemosporidian parasites in wild bird species of the order Columbiformes","Parasitol Res","120 :1405-1420","Host clade"
"Schumm et al 2024",2024,"High prevalence of haemosporidian parasites in Eurasian jays","Parasitol Res","123:182","Single species"
"Scordato & Kardish 2014",2014,"Prevalence and beta diversity in avian malaria communities: host species is a better predictor than geography","J Anim Ecol","83:1387-1397","Two Species"
"Sedano-Cruz et al 2020",2020,"Molecular identification of Haemosporidia in avian endemics of Gorgona Island within a context for the eastern tropical Pacific region","Infection, Genetics and Evolution","104123","Community"
"Sehgal et al 2006a",2006,"Evidence for cryptic speciation of Leucocytozoon spp. (Haemosporida, Leucocytozoidae) in diurnal raports","J Parasitol","92:375-379","Host clade"
"Sehgal et al 2006b",2006,"Blood parasites of chickens in Uganda and Cameroon with molecular descriptions of Leucocytozoon schoutedeni and Trypanosoma gallinarum","J Parasitol","92:1336-1343","Taxonomic"
"Seimon et al 2016",2016,"Avian haemosporidian parasite lineages in four species of free-ranging migratory water birds from Mongolia , 2008","J Wildlife Diseases","52:682-687","Community"
"Shirotani et al 2009",2009,"Detection of avian malaria DNA from mosquitoes in Kanagawa in Japan","J Japan Vet Med Assoc","62:73-79","Vector screening"
"Shokrani et al 2021",2021,"Exo-erythrocytic stages of Haemoproteus sp. in common buzzard (Buteo buteo): A histopathological and molecular study","IJP: Parasites and Wildlife","16:64-69","Veterinary"
"Shurulinkov et al 2018",2018,"Blood parasite infections in a wild population of ravens (Corvus corax) in Bulgaria","Malaria Journal","17:33","Single species"
"Silva-Iturriza et al 2012a",2012,"Profound population structure in the Philippine bulbul Hypsipetes philippinus (Pycnonotidae, Aves) is not reflected in its Haemoproteus haemosporidian parasite","Infection, Genetics and Evolution","12:127-136","Single species"
"Silva-Iturriza et al 2012b",2012,"Prevalence of avian haemosporidian parasites and their host fidelity in the central Philippine islands","Parasitology International","61:650-657","Community"
"Silveira et al 2013",2013,"Parasitological and new molecular-phylogenetic characterization of the malaria parasite Plasmodium tejerai in South American penguins","Parasitology International","62:165-171","Taxonomic"
"Smith et al 2016",2016,"Haemosporidian parasite infections in grouse and ptarmigan: Prevalence and genetic diversity of blood parasites in resident Alaskan birds","IJP: Parasites and Wildlife","5:229-239","Host clade"
"Smith et al 2018",2018,"Prevalence and diversity of avian Haemosporida infecting songbirds in southwest Michigan","Parasitol Res","117:471-489","Community"
"Soares et al 2016",2016,"Low prevalence of haemosporidian parasites in shorebirds","Ardeola","104:129-141","Community"
"Sorensen et al 2016",2016,"A rare study from the wintering grounds provides insight into the costs of malaria infection for migratory birds","J Avian Biol","47:575–582","Single species"
"Sorensen et al 2019",2019,"Migration distance does not predict blood parasitism in a migratory songbird","Ecology and Evolution","DOI: 10.1002/ece3.54","Single species"
"Spottiswoode et al 2020",2020,"Analysis of Plasmodium lineages identified in captive penguins (Sphenisciformes spp.), eiders (Somateria spp.), and inca terns (Larosterna inca) in a North American zoological collection","J Zoo Wildlife Medicine","51:140-149","Veterinary"
"Spurgin et al 2012",2012,"Biogeographical patterns and co-occurrence of pathogenic infection acros island populations of Berthelot's pipit (Anthus berhelotii)","Oecologia","168:691-701","Single species"
"Stangarm et al 2024",2024,"Molecular detection of blood protozoa and identification of black flies of the Simulium varicorne species group (Diptera: Simuliidae) in Thailand","Acta Tropica","254:107207","Vector screening"
"Stankovic et al 2019",2019,"Diversity of avian blood parasites in wild passerines in Serbia with special reference to two new lineages","J Ornithol",,"Community"
"Stjernman et al 2008",2008,"Maximum host survival at intermediate parasite infection intensities","PLoS ONE","3:e2463","Single species"
"Strehmann et al 2023",2023,"Half of a forest bird community infected with haemosporidian parasites","Frontiers in Ecology and Evolution","11:1107736","Community"
"Sujanová et al 2021",2021,"Seasonal dynamics and diversity of avian haemosporidians in a wild bird community in Slovakia","Diversity","13:439","Community"
"Svensson et al 2007",2007,"Widespread and structured distributions of blood parasite haplotypes across a migratory divide of the Sawinson's thrush","J Parasitol","93:1488-1495","Single species"
"Svoboda et al 2009",2009,"Identification of blood parasites in old world species from the Danube river delta","Avian Diseases","53:634-636","Community"
"Svoboda et al 2015",2015,"Blood parasite prevalence in the Bluethroat is associated with subspecies and breeding habitat","J Ornithol","156:371-380","Two Species"
"Svobodova et al 2013",2013,"The health signalling of ornamental traits in the Grey Partridge(Perdix perdix)","J Ornithol","154:717-725","Single species"
"Svobodova et al 2023",2023,"Blood parasites (Trypanosoma, Leucocytozoon, Haemoproteus) in the Eurasian sparrowhawk (Accipiter nisus): diversity,incidence and persistence of infection at the individual level","Parasites & Vectors","16:15","Single species"
"Synek et al 2013a",2013,"Haemosporidian parasites of a European passerine wintering in South Asia: diversity, mixed infections and effect on host condition","Parasitol Res",,"Single species"
"Synek et al 2013b",2013,"Avian haemosporidians in haematophagous insects in the Czech Republic","Parasitol Res","112:839-845","Vector screening"
"Synek et al 2016",2016,"Haemosporidian infections in the Tengmalm’s Owl (Aegolius funereus) and potential insect vectors of their transmission","Parasitol Res","115:291-298","Single species"
"Szymanski & Lovette 2005",2005,"High lineage diversity and host sharing of malarial parasites in a local avian assemblage","J Parasitol","91:768-774","Community"
"Szöllosi et al 2011",2011,"Determinants of distribution and prevalence of avian malaria in blue tit populations acros Europé: separating host and parasite effects","J Evol Biol","24:2014-2024","Single species"
"Szöllösi et al 2009",2009,"The effect of parental quality and malaria infection on nestling performance in the collared flycatcher","J Ornithol","150:519-527","Single species"
"Szöllösi et al 2016",2016,"Haemoproteus infection status of collared flycatcher males changes within a breeding season","Parasitol Res",,"Single species"
"Szöllősi et al 2020",2020,"Extremely low malaria prevalence in a wetland specialist passerine","Parasitology","147:87–95","Single species"
"Taioe et al 2020",2020,"Mosquito identification and haemosporidian parasites detection in the enclosure of the African penguins (Spheniscus demersus) at the SANBI zoological garden","IJP: Parasites and Wildlife","13:98-105","Vector screening"
"Tanigawa et al 2013",2013,"Molecular Identification of Avian Haemosporidia in Wild Birds and Mosquitoes on Tsushima Island, Japan","J Vet Med Sci","75:319-326","Community"
"Tasci et al 2018",2018,"Prevalence and molecular characterization of Haemosporidians in domestic geese: a new focus of Haemosporidian parasites, Kars Province, Northeastern Turkey","Israel J Vet Med","73:33-42","Veterinary"
"Tattiyapong et al 2016",2016,"Molecular characterization of Plasmodium juxtanucleare in Burmese red junglefowls (Gallus gallus spadiceus) in Thailand","J Protozool Res","26:1-10","Single species"
"Tchoumbou et al 2024",2024,"Molecular characterization of Haemoproteus enucleator with emphasis on the host and geographic distribution","Acta Tropica","253:107154","Taxonomic"
"Theodosopoulos et al 2023",2023,"Survey of haemosporidian parasite infections in an endangered high alpine bird","Parasites & Vectors",,"Single species"
"Tinajero et al 2019",2019,"Haemosporidian infection of the American Kestrel in the southern Chihuahua Desert, Mexico: relationship with land use","J Ornithol",,"Single species"
"Tostes et al 2017",2017,"Multidisciplinary re-description of Plasmodium (Novyella) paranucleophilum in Brazilian wild birds of the Atlantic Forest kept in captivity","Parasitol Res","116:1887-1897","Taxonomic"
"Tostes et al 2018",2018,"Molecular and morphological characterization of a Brazilian lineage of Plasmodium (novyella) unalis in Turdus spp. (Passeriformes) of the atlantic forest, with remarks on new hosts and high genetic variation","J Parasitol","104:70-78","Taxonomic"
"Turcotte et al 2018",2018,"Environmental determinants of haemosporidian parasite prevalence in a declining population of Tree swallows","Parasitology","145:961-970","Single species"
"Vaclav et al 2016",2016,"Nest ecology of blood parasites in the European roller and its ectoparasitic carnid fly","Exp Parasitol","165:71-80","Single species"
"Valkiunas & Iezhova 2022",2022,"Keys to the avian Haemoproteus parasites (Haemosporida, Haemoproteidae)","Acta Tropica","21:269","Taxonomic"
"Valkiunas et al 2006",2006,"Nested cytochrome b polymerase chain reaction diagnostics underestimate mixed infections of avian blood Haemosporidian parasites: microscopy is still essential","J Parasitol","92:418-422","Method"
"Valkiunas et al 2007a",2007,"Molecular phylogenetic analysis of circumnuclear hemoprotids (Haemosporida: Haemoptoteidae) of Sylviid birds, with a description of Haemoproteus parabeloposkyi sp. Nov.","J Parasitol","93:680-687","Taxonomic"
"Valkiunas et al 2007b",2007,"Linkage between mitochondrial cytochrome b lineages and morphospecies of two avian malaria parasites, with a description of Plasmodium (Novyella) ashfordi sp. Nov","Parasitol Res","100:1311-1322","Taxonomic"
"Valkiunas et al 2008a",2008,"Polymerase chain reaction-based identification of Plasmodium (Huffia) elongatum, with remarks on species identity of haemosporidian lineages deposited in GenBank","Parasitol Res","102:1185-1193","Infection Experiment"
"Valkiunas et al 2008b",2008,"New species of haemosporidian parasites (Haemosporida) from African rainforest birds, with remarks on their classification","Parasitol Res","103:1213-1228","Taxonomic"
"Valkiunas et al 2008c",2008,"In vitro hybridization of Haemoproteus spp.; an experimental approach for direct investigation of reproductive isolation of parasites","J Parasitol","94:1385-1394","Ookinete development and hybridization"
"Valkiunas et al 2008d",2008,"A comparative analysis of microscopy and PCR-based detection methods for blood parasites","J Parasitol","94:1395-1401","Method"
"Valkiunas et al 2009a",2009,"New malaria parasites of the subgenus Novyella in African rainforest birds, with remarks on their high prevalence, classification and diagnostics","Parasitol Res","104:1061-1077","Taxonomic"
"Valkiunas et al 2009b",2009,"Nested cytochrome b polymerase chain reaction diagnostics detect sporozoites of hemosporidian parasites in peripheral blood of naturally infected birds","J Parasitol","95:1512–1515","Method"
"Valkiunas et al 2010a",2010,"Identification of Leucozytozoon toddi group (Haemosporida: Leucocytozoidae), with remarks on the species taxonomy of leucocytozoids","J Parasitol","96:170-177","Taxonomic"
"Valkiunas et al 2010b",2010,"A new Haemoproteus species (Haemosporida: Hameproteidae) from the endemic Galapagos dove Zenaida galapagoensis, with remarks on the parasite distribution, vectors, and molecular diagnostics","J Parasitol","96:783-792","Taxonomic"
"Valkiunas et al 2013a",2013,"Further observations on in vitro hybridization of hemosporidian parasites: patterns of ookinete development in Haemoproteus spp.","J Parasitol","99:124-136","Ookinete development and hybridization"
"Valkiunas et al 2013b",2013,"Abortive long-lasting sporogony of two Haemoproteus species (Haemosporida, Haemoproteidae) in the mosquito Ochlerotatus cantans, with perspectives on haemosporidian vector research","Parasitol Res","112:2159-2169","Infection Experiment"
"Valkiunas et al 2013c",2013,"Two new haemoproteus species (haemosporida: haemoproteidae) from columbiform birds","J Parasitol","99:513-521","Taxonomic"
"Valkiunas et al 2014",2014,"Molecular characterization of five widespread avian haemosporidian parasites (Haemosporida), with perspectives on the PCR-based detection of haemosporidians in wildlife","Parasitol Res","113:2251-2263","Taxonomic"
"Valkiunas et al 2016a",2016,"Plasmodium delichoni n. sp.: description, molecular characterisation and remarks on the exoerythrocytic merogony, persistence, vectors and transmission","Parasitol Res","115:2625-2636","Taxonomic"
"Valkiunas et al 2017a",2017,"Molecular characterization and distribution of Plasmodium matutinum, a common avian malaria parasite","Parasitology",,"Taxonomic"
"Valkiunas et al 2017b",2017,"New Haemoproteus parasite of parrots, with remarks on the virulence of haemoproteids in naive avian hosts","Acta Tropica","176:256-262","Taxonomic"
"Valkiunas et al 2018",2018,"Characterization of Plasmodium relictum, a cosmopolitan agent of avian malaria","Malaria Journal","17:184","Taxonomic"
"Valkiunas et al 2019",2019,"Molecular characterization of six widespread avian haemoproteids, with description of three new Haemoproteus species","Acta Tropica","197:105051","Taxonomic"
"Valkiunas et al 2020",2020,"Molecular characterization of swallow haemoproteids, with description of one new Haemoproteus species","Acta Tropica","2017:105486","Taxonomic"
"Valkiunas et al 2021",2021,"Description of Haemoproteus asymmetricus n. sp. (Haemoproteidae), with remarks on predictability of the DNA haplotype networks in haemosporidian parasite taxonomy research","Acta Tropica","218:105905","Taxonomic"
"Valkiunas et al 2022",2022,"Increase of avian Plasmodium circumflexum prevalence, but not of other malaria parasites and related haemosporidians in northern Europe during the past 40 years","Malaria Journal","21:105","Community"
"Valkiunas et al 2024",2024,"First experimental observation on biology of the avian malaria parasite Plasmodium (Novyella) homonucleophilum (lineage pSW2), with remarks on virulence and distribution","Acta Tropica","253:107174","Infection Experiment"
"Van Hemert et al 2019",2019,"Prevalence and diversity of avian blood parasites in a resident northern passerine","Parasites & Vectors","12:292","Single species"
"Vanstreels et al 2015",2015,"Epidemiology and pathology of avian malaria in penguins undergoing rehabilitation in Brazil","Veterinary Research","46:30","Veterinary"
"Vanstreels et al 2019",2019,"Epidemiology, hematology, and unusual morphological characteristics of Plasmodium during an avian malaria outbreak in penguins in Brazil","Parasitol Res","118:3497-3508","Veterinary"
"Vanstreels et al 2020",2020,"First report of avian malaria in a Manx shearwater (Puﬃnus puﬃnus)","Parasitology International","78:102148","Veterinary"
"Ventim et al 2012a",2012,"Host-parasite associations and host-specificity in haemoparasites of reed bed passerines","Parasitology",,"Community"
"Ventim et al 2012b",2012,"Local haemoparasites in introduced wetland passerines","J Ornithol","153:1253-1259","Community"
"Ventim et al 2012c",2012,"Avian malaria infections in western European mosquitoes","Parasitol Res","11:637-645","Vector screening"
"Verwey et al 2018",2018,"Spillover of avian haemosporidian parasites(Haemosporidia: Plasmodium) and death of captive psittacine species","Australian Veterinary Journal","96:93–98","Veterinary"
"Villar et al 2013",2013,"Blood Parasites in Nestlings of Wood Stork Populations from Three Regions of the American Continent","J Parasitol","99:522-527","Single species"
"Voelker et al 2025",2025,"High Endemism of Haemosporidian Lineages in a Southern Vietnam Avian Community","Diversity","17:568","Community"
"Waldenström et al 2002",2002,"Cross-species infection of blood parasites between resident and migratory songbirds in Africa","Mol Ecol","11 :1545-1554","Community"
"Walther et al 2014",2014,"Description, molecular characterization, and patterns of distribution of a widespread New World avian malaria parasite (Haemosporida: Plasmodiidae), Plasmodium (Novyella) homopolare sp. nov.","Parasitol Res","113:3319-3332","Taxonomic"
"Walther et al 2016a",2016,"First molecular study of prevalence and diversity of avian haemosporidia in a Central California songbird community","J Ornithol","157:549-564","Community"
"Walther et al 2016b",2016,"Description and molecular characterization of a new Leucocytozoon parasite (Haemosporida: Leucocytozoidae), Leucocytozoon californicus sp. nov., found in American kestrels (Falco sparverius sparverius)","Parasitol Res","115:1853-1862","Taxonomic"
"Wardjomto et al 2021",2021,"Avian haemosporidia in native and invasive sparrows at an Afrotropical region","Parasitol Res","120:2631-2640","Community"
"Westerdahl et al 2005",2005,"Associations between malaria and MHC genes in a migratory songbird","Proc R Soc Lond B","272:1511-1518","Single species"
"Wiersch et al 2005",2005,"Plasmodium (Haemamoeba) cathemerium gene sequences for phylogenetic analysis of malaria parasites","Parasitol Res","96:90-94","Phylogenetic"
"Wiersch et al 2007",2007,"Haemosporidian infection in passerine birds from Lower Saxony","J Ornithol","148:17-24","Host clade"
"Wilkinson et al 2016",2016,"Avian malaria in a boreal resident species: long-term temporal variability, and increased prevalence in birds with avian keratin disorder","International Journal for Parasitology","46:281-290","Single species"
"Williamson et al 2019",2019,"Ecology, not distance, explains community composition in parasites of sky-island Audubon’s Warblers","Int J Parasitol","49:437-448","Single species"
"Win et al 2020",2020,"Detection and molecular identification of Leucocytozoon and Plasmodium species from village chickens in different areas of Myanmar","Acta Tropica","105719","Single species"
"Wlodarczyk et al 2022",2022,"Contrasting haemoparasite prevalence in larid species with divergent ecological niches and migration patterns","Parasitology",,"Two Species"
"Wood et al 2007",2007,"Within-population variation in prevalence and lineage distribution of avian malaria in blue tits, Cyanistes caeruleus","Mol Ecol","16 :3263-3273","Single species"
"Wood et al 2013",2013,"The epidemiology underlying age-related avian malaria infection in a long-lived host: the mute swan Cygnus olor","J Avian Biol","44:347–358","Single species"
"Woodrow et al 2023",2023,"Haemoproteus parasites and passerines: the effect of local generalists on inferences of host–parasite co-phylogeny in the British Isles","Parasitology","150:1307–1315","Community"
"Yabsley et al 2018",2018,"Parasitaemia data and molecular characterization of Haemoproteus catharti from New World vultures (Cathartidae) reveals a novel clade of Haemosporida","Malaria Journal","17:12","Single species"
"Yang et al 2023",2023,"Nowhere to escape: the cross-age avian haemosporidian exposure of migrants in northeast China","J Avian Biol","e03091","Two Species"
"Yohannes et al 2008",2008,"Isotope signatures in winter moulted feathers predict malaria prevalence in a breeding avian host","Oecologia","158:299-306","Single species"
"Yohannes et al 2009",2009,"Prevalence of malaria and related haemosporidian parasites in two shorebird species with different winter habitat distribution","J Ornithol","150:287-291","Two Species"
"Yusupova et al 2023",2023,"Haemosporidian blood parasites of passerine birds in north-western Siberia","Polar Research","46:497–511","Community"
"Zagalska-Neubauer & Bensch 2016",2016,"High prevalence of Leucocytozoon parasites in fresh water breeding gulls","J Ornithol","157:525-532","Single species"
"Zamora-Vilchis et al 2012",2012,"Environmental temperature affects prevalence of blood parasites of birds on an elevation gradient: implications for disease in a warming climate","PLoS ONE","7:e39208","Community"
"Zehtindjiev et al 2008",2008,"Dynamics of parasitemia of malaria parasites in a naturally and experimentally infected songbird, the great reed warbler Acrocephalus arundinaceus","Exp Parasitol","119:99-110","Infection Experiment"
"Zehtindjiev et al 2009",2009,"Occurrence of haemosporidian parasites in the paddyfield warbler, Acrocephalus agricola (Passeriformes, Sylviidae)","Acta Parasitologica","54:295-300","Single species"
"Zehtindjiev et al 2012",2012,"Haemosporidian infections in skylarks (Alauda arvensis):a comparative PCR-based and microscopy studyon the parasite diversity and prevalence in southern Italy and the Netherlands","Eur J Wildl Res","58:335-344","Single species"
"Zehtindjiev et al 2013",2013,"First data on the genetic diversity of avian haemosporidians in China: cytochrome b lineages of the genera Plasmodium and Haemoproteus (Haemosporida) from Gansu Province","Parasitol Res","112:3509-3515","Community"
"Zele et al 2014",2014,"Dynamics of prevalence and diversity of avian malaria infections in wild Culex pipiens mosquitoes: the effects of Wolbachia, filarial nematodes and insecticide resistance","Parasites & Vectors","7:437","Vector screening"
"Zhang et al 2014",2014,"Prevalence patterns of avian Plasmodium and Haemoproteus parasites and the influence of host relative abundance in southern China","PLoS ONE","9:e99501","Community"
"Ziegyte et al 2016",2016,"Haemoproteus tartakovskyi (Haemoproteidae): Complete sporogony in Culicoides nubeculosus (Ceratopogonidae), with implications for avian haemoproteid experimental research","Exp Parasitol","160:17-22","Vector experimental"
"Ziegyte et al 2017",2017,"The widespread biting midge Culicoides impunctatus (Ceratopogonidae) is susceptible to infection with numerous Haemoproteus (Haemoproteidae) species","Parasites & Vectors","10:397","Vector experimental"
"van Rooyen et al 2013a",2013,"Altitudinal variation in haemosporidian parasite distribution in great tit populations","Parasites & Vectors","6:139","Single species"
"van Rooyen et al 2013b",2013,"Avian haemosporidian persistence and co-infection in great tits at the individual level","Malaria Journal","12:40","Single species"
"van Rooyen et al 2014",2014,"North-African house martins endure greater haemosporidian infection than their European counterparts","J Avian Biol","45:450-456","Single species"
"von Rönn et al 2015",2015,"Transcontinental migratory connectivity predicts parasite prevalence in breeding populations of the European barn swallow","J Evol Biol","28:535-546","Single species"
