"lineage","aligned_length_bp","n_ambiguous_bases","n_gaps","n_stop_codons","has_stop_codon","shorter_than_frame","in_synonymy_group"
"H_ABSUP01",326,0,153,0,FALSE,TRUE,FALSE
"H_ABUCUJ01",477,0,2,0,FALSE,TRUE,FALSE
"H_ACAED01",305,0,174,0,FALSE,TRUE,TRUE
"H_ACAED02",429,0,50,0,FALSE,TRUE,FALSE
"H_ACAGR2",479,0,0,0,FALSE,FALSE,FALSE
"H_ACARUF01",479,0,0,0,FALSE,FALSE,FALSE
"H_ACATEN01",479,0,0,0,FALSE,FALSE,FALSE
"H_ACCBAD02",479,0,0,0,FALSE,FALSE,FALSE
"H_ACCGUL01",479,0,0,0,FALSE,FALSE,FALSE
"H_ACCGUL02",479,0,0,0,FALSE,FALSE,FALSE
"H_ACCNIS01",479,0,0,0,FALSE,FALSE,FALSE
"H_ACCNIS02",479,0,0,0,FALSE,FALSE,FALSE
"H_ACCNIS03",479,0,0,0,FALSE,FALSE,FALSE
"H_ACDUM1",479,0,0,0,FALSE,FALSE,FALSE
"H_ACDUM2",479,0,0,0,FALSE,FALSE,FALSE
"H_ACDUM3",479,0,0,0,FALSE,FALSE,TRUE
"H_ACDUM4",450,0,29,0,FALSE,TRUE,FALSE
"H_ACDUM5",479,0,0,0,FALSE,FALSE,FALSE
"H_ACNEW01",467,0,12,0,FALSE,TRUE,FALSE
"H_ACNEW02",479,0,0,0,FALSE,FALSE,FALSE
"H_ACSTE1",478,0,1,0,FALSE,TRUE,FALSE
"H_ACTLIN01",464,0,15,0,FALSE,TRUE,FALSE
"H_ACTLIN02",464,0,15,0,FALSE,TRUE,FALSE
"H_ACTLIN03",464,0,15,0,FALSE,TRUE,FALSE
"H_ACTRI01",305,0,174,0,FALSE,TRUE,FALSE
"H_ADEMEL01",456,0,23,0,FALSE,TRUE,TRUE
"H_ADEMEL02",478,0,1,0,FALSE,TRUE,FALSE
"H_AECA01",479,0,0,0,FALSE,FALSE,TRUE
"H_AEDSCA01",477,0,2,0,FALSE,TRUE,FALSE
"H_AEFUN03",479,0,0,0,FALSE,FALSE,TRUE
"H_AEGCAU01",432,0,47,0,FALSE,TRUE,FALSE
"H_AEGCAU02",432,0,47,0,FALSE,TRUE,FALSE
"H_AEGCAU05",479,0,0,0,FALSE,FALSE,FALSE
"H_AEGCON01",479,0,0,0,FALSE,FALSE,FALSE
"H_AEGLAF01",479,0,0,0,FALSE,FALSE,FALSE
"H_AFR002",478,0,1,0,FALSE,TRUE,FALSE
"H_AFR008",478,0,1,0,FALSE,TRUE,FALSE
"H_AFR019",478,0,1,0,FALSE,TRUE,FALSE
"H_AFR025",478,0,1,0,FALSE,TRUE,FALSE
"H_AFR029",478,0,1,0,FALSE,TRUE,FALSE
"H_AFR034",478,0,1,0,FALSE,TRUE,FALSE
"H_AFR035",478,0,1,0,FALSE,TRUE,FALSE
"H_AFR041",478,0,1,0,FALSE,TRUE,FALSE
"H_AFR042",478,0,1,0,FALSE,TRUE,FALSE
"H_AFR044",478,0,1,0,FALSE,TRUE,FALSE
"H_AFR048",478,0,1,0,FALSE,TRUE,FALSE
"H_AFR050",478,0,1,0,FALSE,TRUE,FALSE
"H_AFR051",478,0,1,0,FALSE,TRUE,FALSE
"H_AFR053",478,0,1,0,FALSE,TRUE,FALSE
"H_AFR057",478,0,1,0,FALSE,TRUE,FALSE
"H_AFR059",478,0,1,0,FALSE,TRUE,FALSE
"H_AFR061",478,0,1,0,FALSE,TRUE,FALSE
"H_AFR062",478,0,1,0,FALSE,TRUE,FALSE
"H_AFR063",478,0,1,0,FALSE,TRUE,FALSE
"H_AFR067",478,0,1,0,FALSE,TRUE,FALSE
"H_AFR070",478,0,1,0,FALSE,TRUE,FALSE
"H_AFR071",478,0,1,0,FALSE,TRUE,FALSE
"H_AFR072",478,0,1,0,FALSE,TRUE,FALSE
"H_AFR073",478,0,1,0,FALSE,TRUE,FALSE
"H_AFR075",478,0,1,0,FALSE,TRUE,FALSE
"H_AFR076",478,0,1,0,FALSE,TRUE,FALSE
"H_AFR078",478,0,1,0,FALSE,TRUE,FALSE
"H_AFR081",478,0,1,0,FALSE,TRUE,FALSE
"H_AFR084",478,0,1,0,FALSE,TRUE,FALSE
"H_AFR085",478,0,1,0,FALSE,TRUE,FALSE
"H_AFR090",478,0,1,0,FALSE,TRUE,FALSE
"H_AFR096",478,0,1,0,FALSE,TRUE,FALSE
"H_AFR103",478,0,1,0,FALSE,TRUE,FALSE
"H_AFR109",478,0,1,0,FALSE,TRUE,FALSE
"H_AFR111",478,0,1,0,FALSE,TRUE,FALSE
"H_AFR112",478,0,1,0,FALSE,TRUE,FALSE
"H_AFR116",478,0,1,0,FALSE,TRUE,FALSE
"H_AFR119",478,0,1,0,FALSE,TRUE,FALSE
"H_AFR120",478,0,1,0,FALSE,TRUE,FALSE
"H_AFR121",478,0,1,0,FALSE,TRUE,FALSE
"H_AFR122",478,0,1,0,FALSE,TRUE,FALSE
"H_AFR126",478,0,1,0,FALSE,TRUE,FALSE
"H_AFR130",478,0,1,0,FALSE,TRUE,FALSE
"H_AFR133",478,0,1,0,FALSE,TRUE,FALSE
"H_AFR137",478,0,1,0,FALSE,TRUE,FALSE
"H_AFR138",478,0,1,0,FALSE,TRUE,FALSE
"H_AFR139",478,0,1,0,FALSE,TRUE,FALSE
"H_AFR141",478,0,1,0,FALSE,TRUE,FALSE
"H_AFR144",478,0,1,0,FALSE,TRUE,FALSE
"H_AFR148",478,0,1,0,FALSE,TRUE,FALSE
"H_AFR149",478,0,1,0,FALSE,TRUE,FALSE
"H_AFR150",478,0,1,0,FALSE,TRUE,FALSE
"H_AFR151",478,0,1,0,FALSE,TRUE,FALSE
"H_AFTRU06",453,0,26,0,FALSE,TRUE,FALSE
"H_AGEBAD01",477,0,2,1,TRUE,TRUE,FALSE
"H_AGEBAD02",477,0,2,0,FALSE,TRUE,FALSE
"H_AGEBAD03",477,0,2,0,FALSE,TRUE,FALSE
"H_AGEBAD04",388,0,91,0,FALSE,TRUE,FALSE
"H_AGNIG01",479,0,0,0,FALSE,FALSE,FALSE
"H_AGNIG02",479,0,0,0,FALSE,FALSE,FALSE
"H_AIXSPO01",477,0,2,0,FALSE,TRUE,FALSE
"H_AKGPH02",425,0,54,0,FALSE,TRUE,FALSE
"H_AKGPH04",425,0,54,0,FALSE,TRUE,FALSE
"H_AKGPH05",425,0,54,0,FALSE,TRUE,FALSE
"H_AKGPH06",425,0,54,0,FALSE,TRUE,FALSE
"H_ALARV01_Haemoproteus_tartakovskyi",467,0,12,0,FALSE,TRUE,FALSE
"H_ALARV02_Haemoproteus_tartakovskyi",467,0,12,0,FALSE,TRUE,FALSE
"H_ALARV03_Haemoproteus_tartakovskyi",472,0,7,0,FALSE,TRUE,FALSE
"H_ALBRE01",479,0,0,0,FALSE,FALSE,FALSE
"H_ALCATT01",479,0,0,0,FALSE,FALSE,FALSE
"H_ALCATT02",455,0,24,0,FALSE,TRUE,FALSE
"H_ALCATT03",455,0,24,0,FALSE,TRUE,FALSE
"H_ALCATT04",455,0,24,0,FALSE,TRUE,FALSE
"H_ALCLEU01_Haemoproteus_enucleator",479,0,0,0,FALSE,FALSE,FALSE
"H_ALCLEU02",479,0,0,0,FALSE,FALSE,FALSE
"H_ALCLEU03",479,0,0,0,FALSE,FALSE,FALSE
"H_ALCPOI02",479,0,0,0,FALSE,FALSE,TRUE
"H_ALCPOI04",479,0,0,0,FALSE,FALSE,FALSE
"H_ALCPOI05",479,0,0,0,FALSE,FALSE,FALSE
"H_ALCPOI06",479,0,0,0,FALSE,FALSE,FALSE
"H_ALCQUA01",479,0,0,0,FALSE,FALSE,FALSE
"H_ALCQUA02",466,0,13,0,FALSE,TRUE,FALSE
"H_ALCQUA03",359,0,120,0,FALSE,TRUE,FALSE
"H_ALMOR06",326,0,153,0,FALSE,TRUE,TRUE
"H_ALMOR07",326,0,153,0,FALSE,TRUE,FALSE
"H_ALMOR08",326,0,153,0,FALSE,TRUE,FALSE
"H_ALMOR09",326,0,153,0,FALSE,TRUE,FALSE
"H_ALMOR10",326,0,153,0,FALSE,TRUE,FALSE
"H_ALNIP01",326,0,153,0,FALSE,TRUE,FALSE
"H_ALPAL01",326,0,153,0,FALSE,TRUE,FALSE
"H_ALPAL02",326,0,153,0,FALSE,TRUE,FALSE
"H_ALPOI01",326,0,153,0,FALSE,TRUE,FALSE
"H_ALPOI02",326,0,153,0,FALSE,TRUE,FALSE
"H_ALPOL01",297,0,182,0,FALSE,TRUE,FALSE
"H_AMAVIR01",478,0,1,0,FALSE,TRUE,FALSE
"H_AMBSUB01",479,0,0,0,FALSE,FALSE,FALSE
"H_AMPBIL01",479,0,0,0,FALSE,FALSE,FALSE
"H_AMPBIL02",479,0,0,0,FALSE,FALSE,FALSE
"H_AMPHO01",479,0,0,0,FALSE,FALSE,FALSE
"H_ANACRE01",479,0,0,0,FALSE,FALSE,TRUE
"H_ANACRE03",466,0,13,0,FALSE,TRUE,FALSE
"H_ANACRE05",477,0,2,0,FALSE,TRUE,FALSE
"H_ANACYA02",477,0,2,0,FALSE,TRUE,FALSE
"H_ANAGEO04",477,0,2,0,FALSE,TRUE,FALSE
"H_ANAPAR01",478,0,1,0,FALSE,TRUE,FALSE
"H_ANAPLA03",477,0,2,0,FALSE,TRUE,FALSE
"H_ANARUB03",446,0,33,0,FALSE,TRUE,FALSE
"H_ANIFLA01",477,0,2,0,FALSE,TRUE,TRUE
"H_ANIGN01",479,0,0,0,FALSE,FALSE,FALSE
"H_ANIIGN01",478,0,1,0,FALSE,TRUE,FALSE
"H_ANISOM01",478,0,1,0,FALSE,TRUE,FALSE
"H_ANISOM02",478,0,1,0,FALSE,TRUE,FALSE
"H_ANLAT02_Haemoproteus_vacuolatus",468,0,11,0,FALSE,TRUE,TRUE
"H_ANSANS01",476,0,3,0,FALSE,TRUE,FALSE
"H_ANSCAN02",392,0,87,0,FALSE,TRUE,FALSE
"H_ANSEI01",479,0,0,0,FALSE,FALSE,FALSE
"H_ANSIND01",476,0,3,0,FALSE,TRUE,FALSE
"H_ANSOM01_Haemoproteus_coatneyi",452,0,27,0,FALSE,TRUE,TRUE
"H_ANTCAM03",449,0,30,0,FALSE,TRUE,FALSE
"H_ANTCAM10",449,0,30,0,FALSE,TRUE,FALSE
"H_ANTHOD01",432,0,47,0,FALSE,TRUE,FALSE
"H_ANTPAR02",474,0,5,0,FALSE,TRUE,FALSE
"H_APPAT01",477,0,2,0,FALSE,TRUE,FALSE
"H_APSPI01",449,0,30,0,FALSE,TRUE,TRUE
"H_APSPI02",463,1,16,0,FALSE,TRUE,TRUE
"H_APSPI15",478,0,1,0,FALSE,TRUE,FALSE
"H_AQUCYR01",479,0,0,0,FALSE,FALSE,FALSE
"H_ARAPER01",479,2,0,0,FALSE,FALSE,FALSE
"H_ARBRU01_Haemoproteus_coatneyi",446,0,33,0,FALSE,TRUE,FALSE
"H_ARBRU02_Haemoproteus_coatneyi",479,0,0,0,FALSE,FALSE,FALSE
"H_AREAUR01",477,0,2,0,FALSE,TRUE,FALSE
"H_AREAUR02",477,0,2,0,FALSE,TRUE,FALSE
"H_ARGCAU1",479,0,0,0,FALSE,FALSE,TRUE
"H_ARIMON01",479,0,0,0,FALSE,FALSE,FALSE
"H_ARIMON02",445,0,34,0,FALSE,TRUE,FALSE
"H_ARITEP01",479,0,0,0,FALSE,FALSE,FALSE
"H_ARITEP03",479,0,0,0,FALSE,FALSE,FALSE
"H_ARITEP04",463,0,16,0,FALSE,TRUE,FALSE
"H_ARLON01",326,0,153,0,FALSE,TRUE,FALSE
"H_ARRFLA01",479,0,0,0,FALSE,FALSE,FALSE
"H_ARRFLA03",479,0,0,0,FALSE,FALSE,FALSE
"H_ARRTAC05",477,0,2,0,FALSE,TRUE,FALSE
"H_ARRTAC07",479,0,0,0,FALSE,FALSE,FALSE
"H_ARW1_Haemoproteus_belopolskyi",478,0,1,0,FALSE,TRUE,FALSE
"H_ARW2",463,0,16,0,FALSE,TRUE,FALSE
"H_ASCLA01",413,0,66,0,FALSE,TRUE,TRUE
"H_ASICLA01",477,0,2,0,FALSE,TRUE,FALSE
"H_ASIFLA02",479,0,0,0,FALSE,FALSE,FALSE
"H_ASIOTU01",467,0,12,1,TRUE,TRUE,FALSE
"H_ASIOTU05",478,0,1,0,FALSE,TRUE,FALSE
"H_ASOT03",282,0,197,0,FALSE,TRUE,TRUE
"H_ASOT04",290,0,189,0,FALSE,TRUE,FALSE
"H_ASOT07",432,0,47,0,FALSE,TRUE,TRUE
"H_ASTPYR01",477,0,2,0,FALSE,TRUE,FALSE
"H_ATECRO01",479,0,0,0,FALSE,FALSE,FALSE
"H_ATEPIT01",479,0,0,0,FALSE,FALSE,FALSE
"H_ATHBRA01",479,0,0,0,FALSE,FALSE,FALSE
"H_ATHNOC01",478,0,1,0,FALSE,TRUE,FALSE
"H_ATLBRU01",477,0,2,0,FALSE,TRUE,FALSE
"H_ATLLAT02",478,0,1,0,FALSE,TRUE,FALSE
"H_ATLPIL01",477,0,2,0,FALSE,TRUE,FALSE
"H_ATLPIL02",477,0,2,0,FALSE,TRUE,FALSE
"H_ATLPIL04",479,0,0,0,FALSE,FALSE,FALSE
"H_ATMEL01",464,0,15,0,FALSE,TRUE,FALSE
"H_ATNO2",479,0,0,0,FALSE,FALSE,FALSE
"H_ATNO3",474,0,5,0,FALSE,TRUE,FALSE
"H_ATPAL02_Haemoproteus_coatneyi",435,0,44,0,FALSE,TRUE,FALSE
"H_AUTINF05",477,0,2,0,FALSE,TRUE,FALSE
"H_AUTINF06",479,0,0,0,FALSE,FALSE,FALSE
"H_AUTOCH01",477,0,2,0,FALSE,TRUE,FALSE
"H_AUTOCH04",477,0,2,0,FALSE,TRUE,FALSE
"H_AUTRUF01",477,0,2,0,FALSE,TRUE,FALSE
"H_AYTAFF02",477,0,2,0,FALSE,TRUE,FALSE
"H_AYTFER01",479,0,0,0,FALSE,FALSE,FALSE
"H_AYTFER02",479,0,0,0,FALSE,FALSE,FALSE
"H_BAFLA02",478,0,1,0,FALSE,TRUE,FALSE
"H_BAREGI03",474,0,5,0,FALSE,TRUE,FALSE
"H_BAREGI04",474,0,5,0,FALSE,TRUE,FALSE
"H_BAREGI05",474,0,5,0,FALSE,TRUE,FALSE
"H_BAREGI06",474,0,5,0,FALSE,TRUE,FALSE
"H_BAREGI07",474,0,5,0,FALSE,TRUE,FALSE
"H_BAREGI08",474,0,5,0,FALSE,TRUE,FALSE
"H_BASBEL01",479,0,0,0,FALSE,FALSE,FALSE
"H_BERMAD02",479,0,0,0,FALSE,FALSE,FALSE
"H_BESUN1",479,0,0,0,FALSE,FALSE,FALSE
"H_BLBAB1",479,0,0,0,FALSE,FALSE,FALSE
"H_BLESY01",479,0,0,0,FALSE,FALSE,FALSE
"H_BLNW1",479,0,0,0,FALSE,FALSE,FALSE
"H_BLUTI09",478,0,1,0,FALSE,TRUE,TRUE
"H_BNOW01",479,0,0,0,FALSE,FALSE,FALSE
"H_BNOW02",479,0,0,0,FALSE,FALSE,FALSE
"H_BNOW03",479,0,0,0,FALSE,FALSE,TRUE
"H_BONUM01",361,0,118,0,FALSE,TRUE,FALSE
"H_BOSHAG01",455,0,24,0,FALSE,TRUE,FALSE
"H_BOSHAG02",468,0,11,0,FALSE,TRUE,FALSE
"H_BRABAB01",437,0,42,0,FALSE,TRUE,FALSE
"H_BRAM1",479,0,0,0,FALSE,FALSE,FALSE
"H_BRW1",478,0,1,0,FALSE,TRUE,FALSE
"H_BUBBUB01",479,0,0,0,FALSE,FALSE,FALSE
"H_BUBBUB02",479,0,0,0,FALSE,FALSE,TRUE
"H_BUBIBI01",478,0,1,0,FALSE,TRUE,FALSE
"H_BUBO3",432,0,47,0,FALSE,TRUE,FALSE
"H_BUBSCA02",479,0,0,0,FALSE,FALSE,FALSE
"H_BUCCLA01",477,0,2,0,FALSE,TRUE,FALSE
"H_BUCLA01",361,0,118,0,FALSE,TRUE,FALSE
"H_BUCMAC01",478,0,1,0,FALSE,TRUE,FALSE
"H_BUL1_Haemoproteus_sanguinis",479,0,0,0,FALSE,FALSE,FALSE
"H_BUL2_Haemoproteus_sanguinis",479,0,0,0,FALSE,FALSE,FALSE
"H_BUL4",361,0,118,0,FALSE,TRUE,FALSE
"H_BUPE1",479,0,0,0,FALSE,FALSE,FALSE
"H_BUTBUT04",479,0,0,0,FALSE,FALSE,FALSE
"H_BUTBUT15",432,0,47,0,FALSE,TRUE,FALSE
"H_BUTBUT16",479,0,0,0,FALSE,FALSE,FALSE
"H_BUTHEM01",479,0,0,0,FALSE,FALSE,FALSE
"H_BUTIND01",479,0,0,0,FALSE,FALSE,FALSE
"H_BUTJAM12",479,108,0,0,FALSE,FALSE,FALSE
"H_BUTJAM19",477,0,2,0,FALSE,TRUE,FALSE
"H_BUTLIV01",479,0,0,0,FALSE,FALSE,FALSE
"H_BUTVER01",455,0,24,0,FALSE,TRUE,FALSE
"H_BUVIR08",479,0,0,0,FALSE,FALSE,FALSE
"H_BWTE02",479,0,0,0,FALSE,FALSE,FALSE
"H_BWTE03",479,0,0,0,FALSE,FALSE,FALSE
"H_CAIMOS01",477,0,2,0,FALSE,TRUE,FALSE
"H_CAMPRO01",479,0,0,0,FALSE,FALSE,FALSE
"H_CAMRUB01",477,0,2,0,FALSE,TRUE,FALSE
"H_CAMRUB02",477,0,2,0,FALSE,TRUE,FALSE
"H_CAMRUB03",478,0,1,0,FALSE,TRUE,FALSE
"H_CAMVIL01",478,0,1,0,FALSE,TRUE,FALSE
"H_CANLEU03",477,0,2,0,FALSE,TRUE,FALSE
"H_CANLEU04",477,0,2,0,FALSE,TRUE,FALSE
"H_CANLEU05",477,0,2,0,FALSE,TRUE,FALSE
"H_CARCAN02",479,0,0,0,FALSE,FALSE,TRUE
"H_CARCAN03",479,0,0,0,FALSE,FALSE,FALSE
"H_CARCAR01",479,0,0,0,FALSE,FALSE,FALSE
"H_CARCAR02",478,0,1,0,FALSE,TRUE,FALSE
"H_CARCAR04",479,0,0,0,FALSE,FALSE,FALSE
"H_CARCAR10",479,2,0,0,FALSE,FALSE,TRUE
"H_CARCAR12",425,0,54,0,FALSE,TRUE,FALSE
"H_CARCAR29",479,0,0,0,FALSE,FALSE,FALSE
"H_CARCAR30",478,0,1,0,FALSE,TRUE,FALSE
"H_CARCAR31",478,0,1,0,FALSE,TRUE,FALSE
"H_CARCAR32",478,0,1,0,FALSE,TRUE,FALSE
"H_CARCAR33",479,0,0,0,FALSE,FALSE,FALSE
"H_CARCAR39",477,0,2,0,FALSE,TRUE,FALSE
"H_CARCHL01",479,0,0,0,FALSE,FALSE,FALSE
"H_CARCHL02",479,0,0,0,FALSE,FALSE,FALSE
"H_CARCHL05",479,0,0,0,FALSE,FALSE,FALSE
"H_CARCHL06",479,0,0,0,FALSE,FALSE,FALSE
"H_CARCHL07",425,0,54,0,FALSE,TRUE,FALSE
"H_CARFLA01",479,0,0,0,FALSE,FALSE,FALSE
"H_CARMEX02",285,0,194,0,FALSE,TRUE,FALSE
"H_CARMEX03",285,0,194,0,FALSE,TRUE,FALSE
"H_CARMEX04",285,0,194,0,FALSE,TRUE,FALSE
"H_CARUF01",478,0,1,0,FALSE,TRUE,FALSE
"H_CATANA01",478,0,1,0,FALSE,TRUE,FALSE
"H_CATAUR01_Haemoproteus_catharti",479,0,0,0,FALSE,FALSE,FALSE
"H_CATAUR02",368,0,111,0,FALSE,TRUE,FALSE
"H_CATGUT01",479,0,0,0,FALSE,FALSE,FALSE
"H_CATUST02",276,0,203,0,FALSE,TRUE,TRUE
"H_CATUST07",479,0,0,0,FALSE,FALSE,FALSE
"H_CATUST10",479,0,0,0,FALSE,FALSE,FALSE
"H_CATUST13",459,0,20,0,FALSE,TRUE,FALSE
"H_CATUST15",479,0,0,0,FALSE,FALSE,FALSE
"H_CATUST16",479,0,0,0,FALSE,FALSE,FALSE
"H_CATUST17",479,0,0,0,FALSE,FALSE,FALSE
"H_CATUST18",479,0,0,0,FALSE,FALSE,FALSE
"H_CATUST19",479,0,0,0,FALSE,FALSE,FALSE
"H_CATUST20",431,0,48,0,FALSE,TRUE,FALSE
"H_CATUST22",478,0,1,0,FALSE,TRUE,TRUE
"H_CATUST43",463,0,16,0,FALSE,TRUE,FALSE
"H_CATUST44",477,0,2,0,FALSE,TRUE,FALSE
"H_CATUST46",477,0,2,0,FALSE,TRUE,FALSE
"H_CCF09",479,0,0,0,FALSE,FALSE,FALSE
"H_CCF1",479,0,0,0,FALSE,FALSE,FALSE
"H_CCF10",479,0,0,0,FALSE,FALSE,FALSE
"H_CCF11",479,0,0,0,FALSE,FALSE,FALSE
"H_CCF12",479,0,0,0,FALSE,FALSE,FALSE
"H_CCF17",479,0,0,0,FALSE,FALSE,FALSE
"H_CCF18",479,0,0,0,FALSE,FALSE,FALSE
"H_CCF2",470,0,9,0,FALSE,TRUE,FALSE
"H_CCF21",479,0,0,0,FALSE,FALSE,FALSE
"H_CCF23",479,0,0,0,FALSE,FALSE,FALSE
"H_CCF24",479,0,0,0,FALSE,FALSE,FALSE
"H_CCF26",446,0,33,0,FALSE,TRUE,FALSE
"H_CCF27",472,0,7,0,FALSE,TRUE,FALSE
"H_CCF3_Haemoproteus_fringillae",474,0,5,0,FALSE,TRUE,FALSE
"H_CCF4",479,0,0,0,FALSE,FALSE,FALSE
"H_CCF5_Haemoproteus_majoris",479,0,0,0,FALSE,FALSE,FALSE
"H_CCF6",479,0,0,0,FALSE,FALSE,FALSE
"H_CCF7_Haemoproteus_magnus",361,0,118,0,FALSE,TRUE,FALSE
"H_CELEC01_Haemoproteus_fuscae",479,0,0,0,FALSE,FALSE,FALSE
"H_CENSIN01",479,0,0,0,FALSE,FALSE,FALSE
"H_CERATR01",479,0,0,0,FALSE,FALSE,FALSE
"H_CERATR02",479,0,0,0,FALSE,FALSE,FALSE
"H_CERBRA01",479,0,0,0,FALSE,FALSE,FALSE
"H_CERCIN04",477,0,2,0,FALSE,TRUE,FALSE
"H_CEYLEP01",479,0,0,0,FALSE,FALSE,FALSE
"H_CHAFA01",361,0,118,0,FALSE,TRUE,FALSE
"H_CHAFUL01",479,0,0,0,FALSE,FALSE,FALSE
"H_CHAIND02",461,0,18,0,FALSE,TRUE,FALSE
"H_CHAPOL01",479,0,0,0,FALSE,FALSE,FALSE
"H_CHAPOL02",479,0,0,0,FALSE,FALSE,FALSE
"H_CHAPOL04",475,0,4,0,FALSE,TRUE,FALSE
"H_CHASEN01",479,0,0,0,FALSE,FALSE,FALSE
"H_CHASEN02",479,0,0,0,FALSE,FALSE,FALSE
"H_CHASEN03",479,0,0,0,FALSE,FALSE,FALSE
"H_CHASEN04",479,0,0,0,FALSE,FALSE,FALSE
"H_CHASEN05",479,0,0,0,FALSE,FALSE,FALSE
"H_CHASPI01",479,0,0,0,FALSE,FALSE,FALSE
"H_CHETEN01",477,0,2,0,FALSE,TRUE,FALSE
"H_CHICAU01",479,0,0,0,FALSE,FALSE,FALSE
"H_CHIPAR01",478,0,1,0,FALSE,TRUE,FALSE
"H_CHLAME01",477,0,2,0,FALSE,TRUE,FALSE
"H_CHLFLA01",479,0,0,0,FALSE,FALSE,FALSE
"H_CHLFLA02",479,0,0,0,FALSE,FALSE,FALSE
"H_CHLFLA03",477,0,2,0,FALSE,TRUE,FALSE
"H_CHLFLA04",477,0,2,0,FALSE,TRUE,FALSE
"H_CHLFLA05",477,0,2,0,FALSE,TRUE,FALSE
"H_CHLIND01",477,0,2,0,FALSE,TRUE,FALSE
"H_CHLOP01",464,0,15,0,FALSE,TRUE,TRUE
"H_CHLOPH01",477,0,2,0,FALSE,TRUE,FALSE
"H_CHLOPH02",477,0,2,0,FALSE,TRUE,FALSE
"H_CHLOPH03",477,0,2,0,FALSE,TRUE,FALSE
"H_CHLOPH04",477,0,2,0,FALSE,TRUE,FALSE
"H_CHLOR01",479,0,0,0,FALSE,FALSE,FALSE
"H_CHLRIE01",478,0,1,0,FALSE,TRUE,FALSE
"H_CHLSPI02",477,0,2,0,FALSE,TRUE,FALSE
"H_CHOACU01",477,0,2,0,FALSE,TRUE,FALSE
"H_CHOGRA01",478,0,1,0,FALSE,TRUE,FALSE
"H_CHOGRA02",478,0,1,0,FALSE,TRUE,FALSE
"H_CHOMIN01",478,0,1,0,FALSE,TRUE,FALSE
"H_CHRCAP01",423,0,56,0,FALSE,TRUE,FALSE
"H_CHRCAP02",470,0,9,0,FALSE,TRUE,FALSE
"H_CHRKLA01",470,0,9,0,FALSE,TRUE,FALSE
"H_CHRRID01",479,0,0,0,FALSE,FALSE,TRUE
"H_CILEU01",326,0,153,0,FALSE,TRUE,FALSE
"H_CILEU02",326,0,153,0,FALSE,TRUE,FALSE
"H_CINCIN01",461,0,18,0,FALSE,TRUE,FALSE
"H_CINCIN02",461,0,18,0,FALSE,TRUE,FALSE
"H_CINCIN03",461,0,18,0,FALSE,TRUE,FALSE
"H_CINCIN04",461,0,18,0,FALSE,TRUE,FALSE
"H_CINNOT01",479,0,0,0,FALSE,FALSE,FALSE
"H_CINPRE01",479,0,0,0,FALSE,FALSE,FALSE
"H_CINSOV01",479,0,0,0,FALSE,FALSE,TRUE
"H_CIRCUM01_Haemoproteus_noctuae",478,0,1,0,FALSE,TRUE,FALSE
"H_CIRCUM02",478,0,1,0,FALSE,TRUE,FALSE
"H_CIRCUM03",478,0,1,0,FALSE,TRUE,FALSE
"H_CIRCUM05",478,0,1,0,FALSE,TRUE,FALSE
"H_CIRCUM06",478,0,1,0,FALSE,TRUE,FALSE
"H_CLAPOM07",478,0,1,0,FALSE,TRUE,FALSE
"H_CLAPOM08",478,0,1,0,FALSE,TRUE,FALSE
"H_CLAPRE01",477,0,2,0,FALSE,TRUE,FALSE
"H_CLIPIC01",479,0,0,0,FALSE,FALSE,FALSE
"H_CLIPIC02",479,0,0,0,FALSE,FALSE,FALSE
"H_CNERUB01",478,0,1,0,FALSE,TRUE,FALSE
"H_COBRA01",479,0,0,0,FALSE,FALSE,TRUE
"H_COBRA14",479,1,0,0,FALSE,FALSE,TRUE
"H_COCOR01_Haemoproteus_danilewskyii",361,0,118,0,FALSE,TRUE,TRUE
"H_COCOR14",479,0,0,0,FALSE,FALSE,FALSE
"H_COCOR15",479,0,0,0,FALSE,FALSE,FALSE
"H_COCVES01",478,0,1,0,FALSE,TRUE,FALSE
"H_COECOE01",477,0,2,0,FALSE,TRUE,FALSE
"H_COECOE08",478,0,1,0,FALSE,TRUE,FALSE
"H_COECOE09",478,1,1,0,FALSE,TRUE,FALSE
"H_COECOE10",465,0,14,0,FALSE,TRUE,FALSE
"H_COEFLA01",478,0,1,0,FALSE,TRUE,FALSE
"H_COETOR04",465,0,14,0,FALSE,TRUE,FALSE
"H_COETOR05",478,0,1,0,FALSE,TRUE,FALSE
"H_COETOR06",478,0,1,0,FALSE,TRUE,FALSE
"H_COETOR07",478,0,1,0,FALSE,TRUE,FALSE
"H_COEVIO01",462,0,17,0,FALSE,TRUE,FALSE
"H_COFLA01",479,0,0,0,FALSE,FALSE,FALSE
"H_COFLA02",263,1,216,0,FALSE,TRUE,TRUE
"H_COFLA03",479,0,0,0,FALSE,FALSE,FALSE
"H_COFLA04",479,0,0,0,FALSE,FALSE,FALSE
"H_COFLA05",479,13,0,0,FALSE,FALSE,TRUE
"H_COFLA06",479,0,0,0,FALSE,FALSE,TRUE
"H_COFLA07",479,12,0,0,FALSE,FALSE,FALSE
"H_COFLA08",479,0,0,0,FALSE,FALSE,TRUE
"H_COFLA12",479,0,0,0,FALSE,FALSE,FALSE
"H_COFLA13",479,1,0,0,FALSE,FALSE,TRUE
"H_COFLA14",479,0,0,0,FALSE,FALSE,TRUE
"H_COLBUC01_Haemoproteus_multipigmentatus",479,0,0,0,FALSE,FALSE,FALSE
"H_COLCRU01",347,0,132,0,FALSE,TRUE,FALSE
"H_COLELP01",479,0,0,0,FALSE,FALSE,FALSE
"H_COLINC01",375,0,104,0,FALSE,TRUE,FALSE
"H_COLINC02",451,0,28,0,FALSE,TRUE,FALSE
"H_COLINC03",478,0,1,0,FALSE,TRUE,FALSE
"H_COLIV03_Haemoproteus_columbae",479,0,0,0,FALSE,FALSE,FALSE
"H_COLIV06",479,0,0,0,FALSE,FALSE,FALSE
"H_COLIV07",479,0,0,0,FALSE,FALSE,FALSE
"H_COLIV08",479,0,0,0,FALSE,FALSE,FALSE
"H_COLL2_Haemoproteus_pallidus",479,0,0,0,FALSE,FALSE,FALSE
"H_COLL3_Haemoproteus_balmorali",479,0,0,0,FALSE,FALSE,FALSE
"H_COLMAL01",441,0,38,0,FALSE,TRUE,FALSE
"H_COLMEG01",479,0,0,0,FALSE,FALSE,FALSE
"H_COLMEG02",479,0,0,0,FALSE,FALSE,FALSE
"H_COLMEG03",479,0,0,0,FALSE,FALSE,FALSE
"H_COLMEG04",479,0,0,0,FALSE,FALSE,FALSE
"H_COLMEG05",479,0,0,0,FALSE,FALSE,FALSE
"H_COLMIN01",477,0,2,0,FALSE,TRUE,FALSE
"H_COLPAL01",479,0,0,0,FALSE,FALSE,FALSE
"H_COLPAL02",479,0,0,0,FALSE,FALSE,FALSE
"H_COLPAL05",478,0,1,0,FALSE,TRUE,FALSE
"H_COLPAS01",305,0,174,0,FALSE,TRUE,TRUE
"H_COLPAS02",347,0,132,0,FALSE,TRUE,FALSE
"H_COLPAS03_Haemoproteus_paramultipigmentatus",479,0,0,0,FALSE,FALSE,TRUE
"H_COLPAS04",479,0,0,0,FALSE,FALSE,FALSE
"H_COLPAS05_Haemoproteus_paramultipigmentatus",447,0,32,0,FALSE,TRUE,FALSE
"H_COLPAS06",477,0,2,0,FALSE,TRUE,FALSE
"H_COLPAS10",477,0,2,0,FALSE,TRUE,FALSE
"H_COLPIC01",439,0,40,0,FALSE,TRUE,TRUE
"H_COLPLU02",477,0,2,0,FALSE,TRUE,FALSE
"H_COLRUB01",478,0,1,0,FALSE,TRUE,FALSE
"H_COLSQU01",347,0,132,0,FALSE,TRUE,TRUE
"H_COLSQU02",346,0,133,0,FALSE,TRUE,FALSE
"H_COLTAL01_Haemoproteus_multipigmentatus",479,0,0,0,FALSE,FALSE,TRUE
"H_COLTAL02",477,0,2,0,FALSE,TRUE,FALSE
"H_COLTAL03",477,0,2,0,FALSE,TRUE,FALSE
"H_COLTAL04",478,0,1,1,TRUE,TRUE,FALSE
"H_COLTAL07",478,0,1,0,FALSE,TRUE,FALSE
"H_COLVIR01",479,0,0,0,FALSE,FALSE,FALSE
"H_COLVIR02",479,0,0,0,FALSE,FALSE,FALSE
"H_COLVIR03",479,0,0,0,FALSE,FALSE,FALSE
"H_CONCIN03",478,0,1,0,FALSE,TRUE,FALSE
"H_COPIC01",479,0,0,0,FALSE,FALSE,TRUE
"H_COPMAL01",479,0,0,0,FALSE,FALSE,FALSE
"H_COPMAL03",461,0,18,0,FALSE,TRUE,FALSE
"H_COPMAL04",326,0,153,0,FALSE,TRUE,FALSE
"H_COPSAU01",464,0,15,0,FALSE,TRUE,FALSE
"H_COQUI05_Haemoproteus_columbae",479,0,0,0,FALSE,FALSE,FALSE
"H_COQUI08",452,0,27,0,FALSE,TRUE,FALSE
"H_CORCAU01",425,0,54,0,FALSE,TRUE,FALSE
"H_CORCRI01_Haemoproteus_minchini",479,0,0,0,FALSE,FALSE,FALSE
"H_CORCRY01",450,0,29,0,FALSE,TRUE,FALSE
"H_CORGAR01_Haemoproteus_coraciae",448,0,31,0,FALSE,TRUE,FALSE
"H_CORMAC04",479,0,0,0,FALSE,FALSE,FALSE
"H_CORPIL03",477,0,2,0,FALSE,TRUE,FALSE
"H_CORPIL04",477,0,2,0,FALSE,TRUE,FALSE
"H_CORPIL06",477,0,2,0,FALSE,TRUE,FALSE
"H_CORPIL08",477,0,2,0,FALSE,TRUE,FALSE
"H_CORPIL10",477,0,2,0,FALSE,TRUE,FALSE
"H_CORPIL11",477,0,2,0,FALSE,TRUE,FALSE
"H_COSQU01",478,0,1,0,FALSE,TRUE,FALSE
"H_COSQU02",479,0,0,0,FALSE,FALSE,FALSE
"H_COSQU03",479,0,0,0,FALSE,FALSE,FALSE
"H_COSQU04",479,0,0,0,FALSE,FALSE,TRUE
"H_COTCOT03",479,0,0,0,FALSE,FALSE,FALSE
"H_COUREY01",479,0,0,0,FALSE,FALSE,FALSE
"H_CRALOU01_Haemoproteus_bukaka",479,0,0,0,FALSE,FALSE,FALSE
"H_CRANIG01",479,0,0,0,FALSE,FALSE,FALSE
"H_CRAQUO01",479,0,0,0,FALSE,FALSE,FALSE
"H_CRECIN02",456,0,23,0,FALSE,TRUE,FALSE
"H_CRECRI01",479,0,0,0,FALSE,FALSE,FALSE
"H_CREFUR01_Haemoproteus_jenniae",479,0,0,0,FALSE,FALSE,FALSE
"H_CRIATR01",478,0,1,0,FALSE,TRUE,FALSE
"H_CRIBUR01",479,0,0,0,FALSE,FALSE,FALSE
"H_CRIMOZ02",479,0,0,0,FALSE,FALSE,FALSE
"H_CRIMOZ04",454,0,25,0,FALSE,TRUE,FALSE
"H_CRIMOZ05",479,0,0,0,FALSE,FALSE,FALSE
"H_CRIRUF01",478,0,1,0,FALSE,TRUE,FALSE
"H_CRIRUF05",478,0,1,0,FALSE,TRUE,FALSE
"H_CRYRE01",479,0,0,0,FALSE,FALSE,FALSE
"H_CUCUR01",479,0,0,0,FALSE,FALSE,FALSE
"H_CUKI1_Haemoproteus_homominutus",479,0,0,0,FALSE,FALSE,FALSE
"H_CULARA01",479,0,0,0,FALSE,FALSE,FALSE
"H_CULARA02",479,0,0,0,FALSE,FALSE,FALSE
"H_CULCIR01",478,0,1,0,FALSE,TRUE,FALSE
"H_CULKIB01_Haemoproteus_syrnii",479,0,0,0,FALSE,FALSE,FALSE
"H_CULKIB02",479,0,0,0,FALSE,FALSE,FALSE
"H_CULKIB03",479,0,0,0,FALSE,FALSE,FALSE
"H_CULKIB04",479,0,0,0,FALSE,FALSE,FALSE
"H_CULKIB05",479,0,0,0,FALSE,FALSE,FALSE
"H_CULPIC01",479,0,0,0,FALSE,FALSE,FALSE
"H_CULPIC02",479,0,0,0,FALSE,FALSE,TRUE
"H_CULPIP03",479,0,0,0,FALSE,FALSE,FALSE
"H_CULREJ02",457,0,22,0,FALSE,TRUE,FALSE
"H_CULSCO01",479,0,0,0,FALSE,FALSE,FALSE
"H_CULSTI02",479,0,0,0,FALSE,FALSE,FALSE
"H_CWT1",473,1,6,0,FALSE,TRUE,FALSE
"H_CWT10",463,0,16,0,FALSE,TRUE,FALSE
"H_CWT11",478,0,1,0,FALSE,TRUE,FALSE
"H_CWT2",479,0,0,0,FALSE,FALSE,FALSE
"H_CWT3",478,0,1,0,FALSE,TRUE,FALSE
"H_CWT4_Haemoproteus_majoris",479,0,0,0,FALSE,FALSE,FALSE
"H_CWT5",479,0,0,0,FALSE,FALSE,FALSE
"H_CWT7",479,0,0,0,FALSE,FALSE,FALSE
"H_CWT9",478,0,1,0,FALSE,TRUE,FALSE
"H_CXNEA02",467,0,12,0,FALSE,TRUE,FALSE
"H_CXPER03",400,0,79,0,FALSE,TRUE,FALSE
"H_CXPIP16",479,0,0,0,FALSE,FALSE,FALSE
"H_CXPIP17",479,0,0,0,FALSE,FALSE,FALSE
"H_CXPIP18",479,0,0,0,FALSE,FALSE,FALSE
"H_CXPIP19",479,0,0,0,FALSE,FALSE,FALSE
"H_CXPIP27",479,0,0,0,FALSE,FALSE,TRUE
"H_CXPIP28",478,0,1,0,FALSE,TRUE,FALSE
"H_CXPIP29",479,0,0,0,FALSE,FALSE,FALSE
"H_CYACAE01",479,0,0,0,FALSE,FALSE,FALSE
"H_CYACAE08",478,0,1,0,FALSE,TRUE,TRUE
"H_CYACAE09",478,0,1,0,FALSE,TRUE,TRUE
"H_CYACRI01",479,0,0,0,FALSE,FALSE,TRUE
"H_CYACRI02",477,0,2,0,FALSE,TRUE,FALSE
"H_CYACYA02",477,0,2,0,FALSE,TRUE,FALSE
"H_CYACYA05",477,0,2,0,FALSE,TRUE,FALSE
"H_CYACYA07",479,0,0,0,FALSE,FALSE,FALSE
"H_CYACYA08",479,0,0,0,FALSE,FALSE,FALSE
"H_CYAMAD01",479,0,0,0,FALSE,FALSE,FALSE
"H_CYAMEL01",477,0,2,0,FALSE,TRUE,FALSE
"H_CYAOLI03_Haemoproteus_cyanomitrae",479,0,0,0,FALSE,FALSE,TRUE
"H_CYAOLI05_Haemoproteus_cyanomitrae",479,0,0,0,FALSE,FALSE,TRUE
"H_CYAOLI06_Haemoproteus_cyanomitrae",479,0,0,0,FALSE,FALSE,FALSE
"H_CYAOLI07",479,0,0,0,FALSE,FALSE,FALSE
"H_CYAOLI08",276,0,203,0,FALSE,TRUE,FALSE
"H_CYAORI03",479,0,0,0,FALSE,FALSE,FALSE
"H_CYAPIC01",449,0,30,0,FALSE,TRUE,FALSE
"H_CYASTE05",478,0,1,0,FALSE,TRUE,FALSE
"H_CYASTE06",478,0,1,0,FALSE,TRUE,FALSE
"H_CYASTE09",479,0,0,0,FALSE,FALSE,FALSE
"H_CYAYNC01",478,0,1,0,FALSE,TRUE,FALSE
"H_CYBAN01",326,0,153,0,FALSE,TRUE,FALSE
"H_CYCGUJ02",478,0,1,0,FALSE,TRUE,FALSE
"H_CYCYAN01",477,0,2,0,FALSE,TRUE,FALSE
"H_CYGNUS01",479,0,0,0,FALSE,FALSE,FALSE
"H_CYOPAL01",479,0,0,0,FALSE,FALSE,FALSE
"H_CYPHIR01",477,0,2,0,FALSE,TRUE,FALSE
"H_CYPHIR02",477,0,2,0,FALSE,TRUE,FALSE
"H_CYPHIR03",477,0,2,0,FALSE,TRUE,FALSE
"H_CYPHIR04",477,0,2,0,FALSE,TRUE,FALSE
"H_DACGAU01",479,0,0,0,FALSE,FALSE,TRUE
"H_DACLIN01",478,0,1,0,FALSE,TRUE,FALSE
"H_DECLON01",477,0,2,0,FALSE,TRUE,FALSE
"H_DEFOR01",326,0,153,0,FALSE,TRUE,FALSE
"H_DELCAS01",478,0,1,0,FALSE,TRUE,FALSE
"H_DELFRA01",479,0,0,0,FALSE,FALSE,FALSE
"H_DELFRA02",479,0,0,0,FALSE,FALSE,FALSE
"H_DELURB1_Haemoproteus_hirundinis",479,0,0,0,FALSE,FALSE,FALSE
"H_DELURB2_Haemoproteus_hirundinis",479,0,0,0,FALSE,FALSE,FALSE
"H_DELURB3",479,0,0,0,FALSE,FALSE,FALSE
"H_DELURB7",476,0,3,0,FALSE,TRUE,FALSE
"H_DENADE01",479,0,0,0,FALSE,FALSE,TRUE
"H_DENAUT01_Haemoproteus_macrovacuolatus",479,0,0,0,FALSE,FALSE,FALSE
"H_DENCER02",477,0,2,0,FALSE,TRUE,FALSE
"H_DENCOR01_Haemoproteus_coatneyi",361,0,118,0,FALSE,TRUE,TRUE
"H_DENCOR03",479,0,0,0,FALSE,FALSE,TRUE
"H_DENFUL01",477,0,2,0,FALSE,TRUE,FALSE
"H_DENJAV01",464,0,15,0,FALSE,TRUE,FALSE
"H_DENMAG01",479,0,0,0,FALSE,FALSE,FALSE
"H_DENPEN02",479,1,0,0,FALSE,FALSE,TRUE
"H_DENPET01",285,0,194,0,FALSE,TRUE,TRUE
"H_DENVAG01",305,0,174,0,FALSE,TRUE,FALSE
"H_DENVAG02",305,2,174,0,FALSE,TRUE,FALSE
"H_DICADS01",460,0,19,0,FALSE,TRUE,TRUE
"H_DICBAL01",464,1,15,0,FALSE,TRUE,TRUE
"H_DICBAL02",464,0,15,0,FALSE,TRUE,TRUE
"H_DICBAL03",464,0,15,0,FALSE,TRUE,FALSE
"H_DICBAL04",464,0,15,0,FALSE,TRUE,TRUE
"H_DICBAL05",464,0,15,0,FALSE,TRUE,FALSE
"H_DICBAL06",458,0,21,0,FALSE,TRUE,TRUE
"H_DICLEU01",305,0,174,0,FALSE,TRUE,TRUE
"H_DICLEU02",479,0,0,0,FALSE,FALSE,FALSE
"H_DICLEU03",479,0,0,0,FALSE,FALSE,FALSE
"H_DICTRI01",455,0,24,0,FALSE,TRUE,FALSE
"H_DIGBRU01",479,0,0,0,FALSE,FALSE,FALSE
"H_DIGCAE01",479,0,0,0,FALSE,FALSE,TRUE
"H_DIGCYA01",456,0,23,0,FALSE,TRUE,TRUE
"H_DIGCYA03",456,0,23,0,FALSE,TRUE,TRUE
"H_DIGCYA10",478,0,1,0,FALSE,TRUE,FALSE
"H_DIGGLA01",478,0,1,0,FALSE,TRUE,FALSE
"H_DIGHUM01",478,0,1,0,FALSE,TRUE,FALSE
"H_DIGSIT01",458,0,21,0,FALSE,TRUE,FALSE
"H_DIUDIU01",477,0,2,0,FALSE,TRUE,FALSE
"H_DIUDIU04",477,0,2,0,FALSE,TRUE,FALSE
"H_DIUDIU05",477,0,2,0,FALSE,TRUE,FALSE
"H_DIUDIU12",479,0,0,0,FALSE,FALSE,FALSE
"H_DORLUD01",465,0,14,0,FALSE,TRUE,FALSE
"H_DUMCAR08",478,0,1,0,FALSE,TRUE,TRUE
"H_DUMCAR10",413,0,66,0,FALSE,TRUE,TRUE
"H_DUMCAR23",477,0,2,0,FALSE,TRUE,FALSE
"H_DUMCAR47",477,0,2,0,FALSE,TRUE,FALSE
"H_DUNNO01",479,0,0,0,FALSE,FALSE,TRUE
"H_ELAALB01",477,0,2,0,FALSE,TRUE,TRUE
"H_ELACHI01",477,0,2,0,FALSE,TRUE,FALSE
"H_ELAFLA01",477,0,2,0,FALSE,TRUE,FALSE
"H_ELALB01",464,0,15,0,FALSE,TRUE,TRUE
"H_ELASPE01",477,0,2,0,FALSE,TRUE,FALSE
"H_ELFLA01",478,0,1,0,FALSE,TRUE,FALSE
"H_ELMALB01",477,0,2,0,FALSE,TRUE,FALSE
"H_ELMALB02",454,0,25,0,FALSE,TRUE,FALSE
"H_ELMALB03",479,0,0,0,FALSE,FALSE,FALSE
"H_EMBFLA01",434,0,45,0,FALSE,TRUE,FALSE
"H_EMBUC01",479,0,0,0,FALSE,FALSE,FALSE
"H_EMCIR01_Haemoproteus_dumbbellus",479,0,0,0,FALSE,FALSE,FALSE
"H_EMGOD01",432,0,47,0,FALSE,TRUE,TRUE
"H_EMGOD02",432,0,47,0,FALSE,TRUE,FALSE
"H_EMPALN02",479,0,0,0,FALSE,FALSE,FALSE
"H_EMPFUL01",477,0,2,0,FALSE,TRUE,FALSE
"H_EMPFUL02",477,0,2,0,FALSE,TRUE,FALSE
"H_EMPOBE02",478,0,1,0,FALSE,TRUE,FALSE
"H_EMPVAR01",477,0,2,0,FALSE,TRUE,FALSE
"H_EMRUT01",479,0,0,0,FALSE,FALSE,FALSE
"H_EMSPO01",479,0,0,0,FALSE,FALSE,FALSE
"H_EMSPO02",479,0,0,0,FALSE,FALSE,FALSE
"H_EMSPO03",479,0,0,0,FALSE,FALSE,FALSE
"H_EMTRI01",432,0,47,0,FALSE,TRUE,FALSE
"H_EOPAUS01",479,0,0,0,FALSE,FALSE,FALSE
"H_EOPAUS02",479,0,0,0,FALSE,FALSE,FALSE
"H_EREPUS01",479,0,0,0,FALSE,FALSE,FALSE
"H_ERIRUB02",478,0,1,0,FALSE,TRUE,FALSE
"H_ERIRUB03",478,0,1,0,FALSE,TRUE,FALSE
"H_ERIRUB04",478,0,1,0,FALSE,TRUE,FALSE
"H_ERIRUB05",438,0,41,0,FALSE,TRUE,FALSE
"H_ERPRA01",479,1,0,0,FALSE,FALSE,FALSE
"H_ERZAN02",326,0,153,0,FALSE,TRUE,FALSE
"H_ESTCAE01",479,0,0,0,FALSE,FALSE,FALSE
"H_ESTMEL01",479,0,0,0,FALSE,FALSE,FALSE
"H_ESTMEL02",464,0,15,0,FALSE,TRUE,FALSE
"H_ESTMEL03",478,0,1,0,FALSE,TRUE,FALSE
"H_ESTMEL04",479,0,0,0,FALSE,FALSE,FALSE
"H_ESTNON01",479,0,0,0,FALSE,FALSE,FALSE
"H_ESTNON02",479,0,0,0,FALSE,FALSE,FALSE
"H_EUAINS01",479,0,0,0,FALSE,FALSE,FALSE
"H_EUCYA01",479,1,0,0,FALSE,FALSE,FALSE
"H_EUDRUB01",479,0,0,0,FALSE,FALSE,FALSE
"H_EUMIN01",479,0,0,0,FALSE,FALSE,FALSE
"H_EUMIN02",479,0,0,0,FALSE,FALSE,FALSE
"H_EUPHOR01",478,0,1,0,FALSE,TRUE,FALSE
"H_EUPMAC01",477,0,2,0,FALSE,TRUE,FALSE
"H_EUPMAC03",477,0,2,0,FALSE,TRUE,FALSE
"H_EUPORI01",463,0,16,0,FALSE,TRUE,FALSE
"H_EUPXAN02",478,0,1,0,FALSE,TRUE,TRUE
"H_EURLAT01",479,0,0,0,FALSE,FALSE,FALSE
"H_EUXAN01",479,0,0,0,FALSE,FALSE,FALSE
"H_FALAMU01",479,0,0,0,FALSE,FALSE,FALSE
"H_FALAMU02",479,0,0,0,FALSE,FALSE,FALSE
"H_FALCOL01",477,0,2,0,FALSE,TRUE,FALSE
"H_FALPER01",479,0,0,0,FALSE,FALSE,FALSE
"H_FALPER03",477,0,2,0,FALSE,TRUE,FALSE
"H_FALSUB01_Haemoproteus_tinnunculi",479,0,0,0,FALSE,FALSE,FALSE
"H_FALSUB02",479,0,0,0,FALSE,FALSE,FALSE
"H_FALTIN01",479,0,0,0,FALSE,FALSE,FALSE
"H_FALTIN02",479,0,0,0,FALSE,FALSE,FALSE
"H_FALTIN03",479,0,0,0,FALSE,FALSE,FALSE
"H_FALTIN04",479,0,0,0,FALSE,FALSE,FALSE
"H_FALTIN06",479,0,0,0,FALSE,FALSE,FALSE
"H_FALTIN07",479,0,0,0,FALSE,FALSE,FALSE
"H_FALTIN08",479,0,0,0,FALSE,FALSE,FALSE
"H_FALTIN09",479,0,0,0,FALSE,FALSE,FALSE
"H_FALTIN17",479,0,0,0,FALSE,FALSE,FALSE
"H_FANTAIL02",249,0,230,0,FALSE,TRUE,FALSE
"H_FANTAIL03",479,0,0,0,FALSE,FALSE,FALSE
"H_FASPA01",361,0,118,0,FALSE,TRUE,TRUE
"H_FASPA03",479,0,0,0,FALSE,FALSE,FALSE
"H_FASPA04",478,0,1,0,FALSE,TRUE,FALSE
"H_FICNAR01",479,0,0,0,FALSE,FALSE,FALSE
"H_FICZAN01",479,0,0,0,FALSE,FALSE,FALSE
"H_FICZAN13",479,0,0,0,FALSE,FALSE,FALSE
"H_FICZAN15",479,0,0,0,FALSE,FALSE,FALSE
"H_FICZAN16",479,0,0,0,FALSE,FALSE,FALSE
"H_FICZAN20",479,0,0,0,FALSE,FALSE,FALSE
"H_FICZAN22",479,0,0,0,FALSE,FALSE,FALSE
"H_FICZAN24",479,0,0,0,FALSE,FALSE,FALSE
"H_FIMON01",326,0,153,0,FALSE,TRUE,FALSE
"H_FIPAR02",479,0,0,0,FALSE,FALSE,TRUE
"H_FISEM01",479,0,0,0,FALSE,FALSE,TRUE
"H_FISEM02",479,0,0,0,FALSE,FALSE,FALSE
"H_FIWES01",326,0,153,0,FALSE,TRUE,FALSE
"H_FIZAN01",326,0,153,0,FALSE,TRUE,TRUE
"H_FOGRI01",478,0,1,0,FALSE,TRUE,FALSE
"H_FOUMAD01",479,0,0,0,FALSE,FALSE,FALSE
"H_FOUMAD02",479,0,0,0,FALSE,FALSE,FALSE
"H_FOUOMI01",479,0,0,0,FALSE,FALSE,FALSE
"H_FRAG01",479,0,0,0,FALSE,FALSE,FALSE
"H_FRAG05",479,0,0,0,FALSE,FALSE,FALSE
"H_FRAG13",479,0,0,0,FALSE,FALSE,FALSE
"H_FRAG14",479,0,0,0,FALSE,FALSE,FALSE
"H_FRAG25",479,0,0,0,FALSE,FALSE,FALSE
"H_FRAG26",479,0,0,0,FALSE,FALSE,FALSE
"H_FRAG27",479,0,0,0,FALSE,FALSE,FALSE
"H_FRAG28",479,0,0,0,FALSE,FALSE,FALSE
"H_FREAND01_Haemoproteus_valkiunasi",479,0,0,0,FALSE,FALSE,FALSE
"H_FREMIN01_Haemoproteus_iwa",479,0,0,0,FALSE,FALSE,FALSE
"H_FULEU01",478,0,1,0,FALSE,TRUE,FALSE
"H_FURLEU02",477,0,2,0,FALSE,TRUE,FALSE
"H_GAGLA02",479,0,0,0,FALSE,FALSE,FALSE
"H_GAGLA03",460,8,19,1,TRUE,TRUE,FALSE
"H_GAGLA05",479,0,0,0,FALSE,FALSE,FALSE
"H_GAGLA07_Haemoproteus_homopicae",479,0,0,0,FALSE,FALSE,FALSE
"H_GALHAR01",479,0,0,0,FALSE,FALSE,FALSE
"H_GALMEG02",479,0,0,0,FALSE,FALSE,FALSE
"H_GARDEL01",479,0,0,0,FALSE,FALSE,FALSE
"H_GARLAN01",478,0,1,0,FALSE,TRUE,FALSE
"H_GAVVIR01",475,0,4,0,FALSE,TRUE,FALSE
"H_GAVVIR02",475,0,4,0,FALSE,TRUE,FALSE
"H_GEMON01",347,0,132,0,FALSE,TRUE,TRUE
"H_GEOFRE01",477,0,2,0,FALSE,TRUE,FALSE
"H_GEOLIN01",464,1,15,0,FALSE,TRUE,FALSE
"H_GEOMON01",477,0,2,0,FALSE,TRUE,FALSE
"H_GEOMON02",478,0,1,0,FALSE,TRUE,FALSE
"H_GEOTRI04",479,0,0,0,FALSE,FALSE,FALSE
"H_GEOTRY01",479,0,0,0,FALSE,FALSE,FALSE
"H_GERPAL01",479,0,0,0,FALSE,FALSE,FALSE
"H_GERPAL02",479,0,0,0,FALSE,FALSE,FALSE
"H_GLACUC01",305,1,174,0,FALSE,TRUE,TRUE
"H_GLACUC03",479,0,0,0,FALSE,FALSE,FALSE
"H_GLACUC04",479,0,0,0,FALSE,FALSE,FALSE
"H_GLACUC09",479,0,0,0,FALSE,FALSE,FALSE
"H_GLAHIR04",477,0,2,0,FALSE,TRUE,FALSE
"H_GLBRO01",326,0,153,0,FALSE,TRUE,FALSE
"H_GLBRO02",326,0,153,0,FALSE,TRUE,FALSE
"H_GLSJO01",479,0,0,0,FALSE,FALSE,FALSE
"H_GLYSPI02",456,0,23,0,FALSE,TRUE,FALSE
"H_GLYSPI03",477,0,2,0,FALSE,TRUE,FALSE
"H_GRBRU01",479,0,0,0,FALSE,FALSE,FALSE
"H_GRBRU02",479,0,0,0,FALSE,FALSE,FALSE
"H_GRMEL01",479,0,0,0,FALSE,FALSE,TRUE
"H_GRMEL02",479,0,0,0,FALSE,FALSE,FALSE
"H_GRUAME01_Haemoproteus_antigonis",479,0,0,0,FALSE,FALSE,FALSE
"H_GRUAME02_Haemoproteus_antigonis",479,0,0,0,FALSE,FALSE,FALSE
"H_GRUAME03_Haemoproteus_antigonis",479,0,0,0,FALSE,FALSE,FALSE
"H_GRW01_Haemoproteus_nucleocondensus",478,0,1,0,FALSE,TRUE,FALSE
"H_GRW03",478,0,1,0,FALSE,TRUE,FALSE
"H_GRW05",478,0,1,0,FALSE,TRUE,FALSE
"H_GRW08",479,0,0,0,FALSE,FALSE,FALSE
"H_GRW13",476,0,3,0,FALSE,TRUE,FALSE
"H_GRW16",470,0,9,0,FALSE,TRUE,FALSE
"H_GRW18",464,0,15,0,FALSE,TRUE,FALSE
"H_GRW19",476,0,3,0,FALSE,TRUE,FALSE
"H_GUIGUI01",477,0,2,0,FALSE,TRUE,FALSE
"H_GW1",478,0,1,0,FALSE,TRUE,FALSE
"H_GW3",461,0,18,0,FALSE,TRUE,FALSE
"H_GW5",448,0,31,0,FALSE,TRUE,TRUE
"H_GW7",479,0,0,0,FALSE,FALSE,FALSE
"H_GYMCYA02",478,0,1,0,FALSE,TRUE,FALSE
"H_GYMDEN01",479,0,0,0,FALSE,FALSE,FALSE
"H_GYMSAL01",477,0,2,0,FALSE,TRUE,FALSE
"H_GYMSAL02",477,0,2,0,FALSE,TRUE,FALSE
"H_GYMXAN1",479,0,0,0,FALSE,FALSE,FALSE
"H_GYMXAN2",479,0,0,0,FALSE,FALSE,FALSE
"H_GYPFUL01",478,0,1,0,FALSE,TRUE,FALSE
"H_HABFUS01",477,0,2,0,FALSE,TRUE,FALSE
"H_HAECOL1_Haemoproteus_columbae",479,0,0,0,FALSE,FALSE,FALSE
"H_HAEMEX01",461,0,18,0,FALSE,TRUE,FALSE
"H_HAEMEX02",464,0,15,0,FALSE,TRUE,FALSE
"H_HALALB01",456,0,23,0,FALSE,TRUE,FALSE
"H_HALALB03",478,0,1,0,FALSE,TRUE,FALSE
"H_HALMAL01",479,0,0,0,FALSE,FALSE,FALSE
"H_HALSEN01",470,0,9,0,FALSE,TRUE,FALSE
"H_HALSEN02",462,0,17,0,FALSE,TRUE,FALSE
"H_HALSEN03",479,0,0,0,FALSE,FALSE,FALSE
"H_HALTOR01",479,0,0,0,FALSE,FALSE,FALSE
"H_HAWF1_Haemoproteus_tartakovskyi",479,0,0,0,FALSE,FALSE,FALSE
"H_HAWF2_Haemoproteus_concavocentralis",479,0,0,0,FALSE,FALSE,FALSE
"H_HAWF4",479,0,0,0,FALSE,FALSE,FALSE
"H_HAWF6",479,0,0,0,FALSE,FALSE,FALSE
"H_HAWF8",479,0,0,0,FALSE,FALSE,FALSE
"H_HAWF9",479,0,0,0,FALSE,FALSE,FALSE
"H_HECAS01",326,0,153,0,FALSE,TRUE,FALSE
"H_HELAME01",478,0,1,0,FALSE,TRUE,FALSE
"H_HELAUR01",478,0,1,0,FALSE,TRUE,FALSE
"H_HELSCH01",449,0,30,0,FALSE,TRUE,FALSE
"H_HELVIO01",447,0,32,0,FALSE,TRUE,FALSE
"H_HELVIO02",455,1,24,0,FALSE,TRUE,TRUE
"H_HEMATR01",479,0,0,0,FALSE,FALSE,TRUE
"H_HEMEL01",326,0,153,0,FALSE,TRUE,FALSE
"H_HEMEL02",326,0,153,0,FALSE,TRUE,FALSE
"H_HEMGUI01",477,0,2,0,FALSE,TRUE,FALSE
"H_HETALB01",479,0,0,0,FALSE,FALSE,FALSE
"H_HETALB02",479,0,0,0,FALSE,FALSE,FALSE
"H_HETALB03",479,0,0,0,FALSE,FALSE,FALSE
"H_HETALB04",479,0,0,0,FALSE,FALSE,FALSE
"H_HETALB05",479,0,0,0,FALSE,FALSE,FALSE
"H_HETALB06",479,0,0,0,FALSE,FALSE,FALSE
"H_HETALB07",479,0,0,0,FALSE,FALSE,FALSE
"H_HETALB08",479,0,0,0,FALSE,FALSE,FALSE
"H_HIICT1_Haemoproteus_belopolskyi",479,0,0,0,FALSE,FALSE,FALSE
"H_HIICT2",466,0,13,0,FALSE,TRUE,FALSE
"H_HIICT3_Haemoproteus_belopolskyi",478,0,1,0,FALSE,TRUE,FALSE
"H_HIICT4_Haemoproteus_belopolskyi",478,0,1,0,FALSE,TRUE,FALSE
"H_HIICT5_Haemoproteus_belopolskyi",470,0,9,0,FALSE,TRUE,FALSE
"H_HIP1",479,2,0,0,FALSE,FALSE,FALSE
"H_HIP2",478,0,1,0,FALSE,TRUE,FALSE
"H_HIP3",469,0,10,0,FALSE,TRUE,FALSE
"H_HIP4",478,0,1,0,FALSE,TRUE,FALSE
"H_HIP5",361,0,118,0,FALSE,TRUE,FALSE
"H_HIPOL1",479,0,0,0,FALSE,FALSE,FALSE
"H_HIPOL2",478,0,1,0,FALSE,TRUE,FALSE
"H_HIPOL3",479,0,0,0,FALSE,FALSE,FALSE
"H_HIRUS01",479,0,0,0,FALSE,FALSE,FALSE
"H_HIRUS02",466,0,13,0,FALSE,TRUE,FALSE
"H_HIRUS03",469,0,10,0,FALSE,TRUE,FALSE
"H_HIRUS04",443,0,36,0,FALSE,TRUE,FALSE
"H_HIRUS05_Haemoproteus_parahirundinis",479,0,0,0,FALSE,FALSE,FALSE
"H_HIRUS14",448,2,31,0,FALSE,TRUE,FALSE
"H_HIRUS17",479,0,0,0,FALSE,FALSE,FALSE
"H_HLW1",478,0,1,0,FALSE,TRUE,FALSE
"H_HLW2",448,0,31,0,FALSE,TRUE,FALSE
"H_HORDIP03",471,0,8,0,FALSE,TRUE,FALSE
"H_HYLLEU01",477,0,2,0,FALSE,TRUE,FALSE
"H_HYLPUN02",477,0,2,0,FALSE,TRUE,FALSE
"H_HYPHI01",464,0,15,0,FALSE,TRUE,FALSE
"H_HYPHI02",464,0,15,0,FALSE,TRUE,FALSE
"H_HYPHI03",464,0,15,0,FALSE,TRUE,FALSE
"H_HYPHI04",464,0,15,0,FALSE,TRUE,FALSE
"H_HYPHI05",464,0,15,0,FALSE,TRUE,FALSE
"H_HYPHI06",464,0,15,0,FALSE,TRUE,FALSE
"H_HYPHI07",464,0,15,0,FALSE,TRUE,FALSE
"H_HYPHI08",464,0,15,0,FALSE,TRUE,FALSE
"H_HYPHI09",464,0,15,0,FALSE,TRUE,FALSE
"H_HYPHI10",464,0,15,0,FALSE,TRUE,FALSE
"H_HYPHI11",464,0,15,0,FALSE,TRUE,FALSE
"H_HYPHI12",464,0,15,0,FALSE,TRUE,FALSE
"H_HYPHI13",464,0,15,0,FALSE,TRUE,FALSE
"H_HYPHI14",464,0,15,0,FALSE,TRUE,FALSE
"H_HYPHI15",464,0,15,0,FALSE,TRUE,FALSE
"H_HYPHI16",464,0,15,0,FALSE,TRUE,FALSE
"H_HYPHI17",464,0,15,0,FALSE,TRUE,FALSE
"H_HYPHI18",464,0,15,0,FALSE,TRUE,FALSE
"H_HYPHI19",464,0,15,0,FALSE,TRUE,FALSE
"H_HYPHI20",464,0,15,0,FALSE,TRUE,FALSE
"H_HYPHI21",464,0,15,0,FALSE,TRUE,FALSE
"H_HYPHI22",464,0,15,0,FALSE,TRUE,FALSE
"H_HYPHI23",464,0,15,0,FALSE,TRUE,FALSE
"H_HYPHI24",464,0,15,0,FALSE,TRUE,FALSE
"H_HYPHI25",464,0,15,0,FALSE,TRUE,FALSE
"H_HYPHI26",464,0,15,0,FALSE,TRUE,FALSE
"H_HYPHI27",464,0,15,0,FALSE,TRUE,FALSE
"H_HYPLEU02",479,0,0,0,FALSE,FALSE,FALSE
"H_HYPRO01",326,0,153,0,FALSE,TRUE,FALSE
"H_HYPSTR10",477,0,2,0,FALSE,TRUE,FALSE
"H_HYPSTR12",477,0,2,0,FALSE,TRUE,FALSE
"H_IBYAME01",477,1,2,0,FALSE,TRUE,FALSE
"H_ICTBUL01",478,0,1,0,FALSE,TRUE,FALSE
"H_ICTCAY02",479,0,0,0,FALSE,FALSE,FALSE
"H_ICTCHR02",477,0,2,0,FALSE,TRUE,FALSE
"H_ICTGAL01",479,0,0,0,FALSE,FALSE,FALSE
"H_ICTGAL02",479,0,0,0,FALSE,FALSE,FALSE
"H_ICTGAL03",479,0,0,0,FALSE,FALSE,FALSE
"H_ICTGAL04",478,0,1,0,FALSE,TRUE,FALSE
"H_ICTGAL07",477,0,2,0,FALSE,TRUE,FALSE
"H_ICTGAL09",477,0,2,0,FALSE,TRUE,FALSE
"H_ICTGUL02",479,0,0,0,FALSE,FALSE,FALSE
"H_ICTGUL03",479,0,0,0,FALSE,FALSE,FALSE
"H_ICTLEU01",479,0,0,0,FALSE,FALSE,FALSE
"H_ICTPUS01",478,0,1,0,FALSE,TRUE,FALSE
"H_ICTSPU01",463,0,16,0,FALSE,TRUE,FALSE
"H_IDPAL01",479,0,0,0,FALSE,FALSE,FALSE
"H_IDUOPA01",479,0,0,0,FALSE,FALSE,FALSE
"H_IDUOPA02",479,0,0,0,FALSE,FALSE,FALSE
"H_ILABY01",479,0,0,0,FALSE,FALSE,FALSE
"H_ILABY02",479,0,0,0,FALSE,FALSE,TRUE
"H_ILCLE01",479,0,0,0,FALSE,FALSE,FALSE
"H_INMAC01",479,0,0,0,FALSE,FALSE,FALSE
"H_IOLIND01",479,0,0,0,FALSE,FALSE,FALSE
"H_IOLPRO02",479,0,0,0,FALSE,FALSE,FALSE
"H_IOOLI01",443,0,36,0,FALSE,TRUE,FALSE
"H_IOPRO01",249,0,230,0,FALSE,TRUE,FALSE
"H_ISLHAU03",477,0,2,0,FALSE,TRUE,FALSE
"H_ISPIC01",479,0,0,0,FALSE,FALSE,FALSE
"H_ISPIC02",479,0,0,0,FALSE,FALSE,FALSE
"H_ISPIC03",479,0,0,0,FALSE,FALSE,FALSE
"H_JUHYE01",296,0,183,0,FALSE,TRUE,TRUE
"H_JUHYE02",479,0,0,0,FALSE,FALSE,FALSE
"H_JUHYE03",479,0,0,0,FALSE,FALSE,FALSE
"H_JUHYE07",479,0,0,0,FALSE,FALSE,FALSE
"H_JUHYE08",479,0,0,0,FALSE,FALSE,FALSE
"H_JUHYE09",479,0,0,0,FALSE,FALSE,FALSE
"H_JUHYE10",479,0,0,0,FALSE,FALSE,FALSE
"H_JUHYE11",479,0,0,0,FALSE,FALSE,FALSE
"H_JUHYE12",479,0,0,0,FALSE,FALSE,FALSE
"H_JUHYE13",479,0,0,0,FALSE,FALSE,TRUE
"H_JUHYE14",479,0,0,0,FALSE,FALSE,FALSE
"H_JUHYE15",479,0,0,0,FALSE,FALSE,FALSE
"H_JUNPHA01",477,0,2,0,FALSE,TRUE,FALSE
"H_JUNPHA02",477,0,2,0,FALSE,TRUE,FALSE
"H_JUNPHA04",479,0,0,0,FALSE,FALSE,TRUE
"H_JUNPHA05",479,0,0,0,FALSE,FALSE,FALSE
"H_JUNPHA08",479,0,0,0,FALSE,FALSE,FALSE
"H_JUNPHA11",479,0,0,0,FALSE,FALSE,FALSE
"H_JUNPHA12",479,0,0,0,FALSE,FALSE,FALSE
"H_JUNPHA13",479,0,0,0,FALSE,FALSE,FALSE
"H_JUNPHA14",479,0,0,0,FALSE,FALSE,FALSE
"H_JUNPHA16",479,0,0,0,FALSE,FALSE,FALSE
"H_JUNPHA17",479,0,0,0,FALSE,FALSE,FALSE
"H_JUNPHA18",479,0,0,0,FALSE,FALSE,FALSE
"H_JUNPHA19",479,0,0,0,FALSE,FALSE,FALSE
"H_KNIPOE01",477,0,2,0,FALSE,TRUE,FALSE
"H_LACPUL01",452,0,27,0,FALSE,TRUE,TRUE
"H_LACPUL02",479,0,0,0,FALSE,FALSE,TRUE
"H_LALLEU01",479,0,0,0,FALSE,FALSE,FALSE
"H_LAMAME01",479,0,0,0,FALSE,FALSE,FALSE
"H_LAMCHA01",463,0,16,0,FALSE,TRUE,FALSE
"H_LAMCHA03",479,0,0,0,FALSE,FALSE,FALSE
"H_LAMMEL01",479,0,0,0,FALSE,FALSE,FALSE
"H_LAMMEL02",477,0,2,0,FALSE,TRUE,FALSE
"H_LAMPUR01_Haemoproteus_pastoris",479,0,0,0,FALSE,FALSE,FALSE
"H_LAMPUR02",479,0,0,0,FALSE,FALSE,FALSE
"H_LANATR01",479,0,0,0,FALSE,FALSE,FALSE
"H_LANATR02",474,0,5,0,FALSE,TRUE,FALSE
"H_LANBUC01",479,0,0,0,FALSE,FALSE,FALSE
"H_LANLUD01",478,0,1,0,FALSE,TRUE,FALSE
"H_LANMER01",454,0,25,0,FALSE,TRUE,FALSE
"H_LANMER02",454,0,25,0,FALSE,TRUE,FALSE
"H_LANMER03",454,0,25,0,FALSE,TRUE,FALSE
"H_LARCAC01",199,0,280,0,FALSE,TRUE,TRUE
"H_LARCRA01",479,0,0,0,FALSE,FALSE,FALSE
"H_LARCRA02",479,0,0,0,FALSE,FALSE,FALSE
"H_LARCYA01",479,0,0,0,FALSE,FALSE,FALSE
"H_LARSCO01",286,0,193,0,FALSE,TRUE,TRUE
"H_LATEUL01",477,0,2,0,FALSE,TRUE,FALSE
"H_LAVA1",479,0,0,0,FALSE,FALSE,FALSE
"H_LCLW1",478,0,1,0,FALSE,TRUE,FALSE
"H_LEARG01",326,0,153,0,FALSE,TRUE,FALSE
"H_LEARG02",326,0,153,0,FALSE,TRUE,FALSE
"H_LEIPER02",479,0,0,0,FALSE,FALSE,TRUE
"H_LELUT01",326,0,153,0,FALSE,TRUE,FALSE
"H_LELUT02",326,0,153,0,FALSE,TRUE,FALSE
"H_LEPCHA01",479,0,0,0,FALSE,FALSE,FALSE
"H_LEPCOR03",479,0,0,0,FALSE,FALSE,FALSE
"H_LEPCOR08",477,0,2,0,FALSE,TRUE,FALSE
"H_LEPJAM01",229,0,250,0,FALSE,TRUE,FALSE
"H_LEPPLU01",479,1,0,0,FALSE,FALSE,FALSE
"H_LEPRUF01",305,0,174,0,FALSE,TRUE,TRUE
"H_LEPRUF02",478,0,1,0,FALSE,TRUE,FALSE
"H_LEPSTR01",479,0,0,0,FALSE,FALSE,FALSE
"H_LEPVER04",477,0,2,0,FALSE,TRUE,FALSE
"H_LESNUN01",478,0,1,0,FALSE,TRUE,FALSE
"H_LICFRE01",479,0,0,0,FALSE,FALSE,FALSE
"H_LICFRE02",479,0,0,0,FALSE,FALSE,FALSE
"H_LICFRE03",479,0,0,0,FALSE,FALSE,FALSE
"H_LICHRYS01_Haemoproteus_ptilotis",479,0,0,0,FALSE,FALSE,FALSE
"H_LINOLI02",479,0,0,0,FALSE,FALSE,FALSE
"H_LISP01",478,0,1,0,FALSE,TRUE,FALSE
"H_LK02",478,0,1,0,FALSE,TRUE,FALSE
"H_LK03_Haemoproteus_brachiatus",478,0,1,0,FALSE,TRUE,FALSE
"H_LK04",478,0,1,0,FALSE,TRUE,FALSE
"H_LONBIC01",478,0,1,0,FALSE,TRUE,FALSE
"H_LONCUC01",478,0,1,0,FALSE,TRUE,FALSE
"H_LONCUC02",478,0,1,0,FALSE,TRUE,FALSE
"H_LONPUN01",479,0,0,0,FALSE,FALSE,FALSE
"H_LONPUN02",477,0,2,0,FALSE,TRUE,FALSE
"H_LOXLEU01",479,0,0,0,FALSE,FALSE,FALSE
"H_LOXNOC01",479,2,0,0,FALSE,FALSE,TRUE
"H_LOXPOR01",479,0,0,0,FALSE,FALSE,FALSE
"H_LOXVIO01",479,0,0,0,FALSE,FALSE,TRUE
"H_LSW1",475,0,4,0,FALSE,TRUE,FALSE
"H_LSW2",478,0,1,0,FALSE,TRUE,FALSE
"H_LULU1_Haemoproteus_balmorali",470,0,9,0,FALSE,TRUE,FALSE
"H_LUSVE02",459,0,20,0,FALSE,TRUE,FALSE
"H_LUSVE03",459,0,20,0,FALSE,TRUE,FALSE
"H_LUSVE04",459,0,20,0,FALSE,TRUE,FALSE
"H_LUSVE05",459,0,20,0,FALSE,TRUE,FALSE
"H_LUSVE06",459,0,20,0,FALSE,TRUE,FALSE
"H_LUSVE07",459,0,20,0,FALSE,TRUE,FALSE
"H_LUSVE08",459,0,20,0,FALSE,TRUE,FALSE
"H_LUSVE09",459,0,20,0,FALSE,TRUE,FALSE
"H_LUSVE11",459,0,20,0,FALSE,TRUE,FALSE
"H_LWT1",478,0,1,0,FALSE,TRUE,FALSE
"H_LWT2",470,0,9,0,FALSE,TRUE,FALSE
"H_LWT3",305,0,174,0,FALSE,TRUE,TRUE
"H_LWT4",460,0,19,0,FALSE,TRUE,FALSE
"H_MACAMB01",479,0,0,0,FALSE,FALSE,FALSE
"H_MACFLA01",249,0,230,0,FALSE,TRUE,TRUE
"H_MAFUS01",438,0,41,0,FALSE,TRUE,FALSE
"H_MAFUS02",479,0,0,0,FALSE,FALSE,FALSE
"H_MAFUS03",479,3,0,0,FALSE,FALSE,FALSE
"H_MAFUS04",479,0,0,0,FALSE,FALSE,FALSE
"H_MALERY01",479,1,0,0,FALSE,FALSE,FALSE
"H_MALFUS01",479,0,0,0,FALSE,FALSE,FALSE
"H_MALMEL02",479,4,0,0,FALSE,FALSE,FALSE
"H_MALNI01",479,2,0,0,FALSE,FALSE,FALSE
"H_MALRUB01_Haemoproteus_paranucleophilus",476,0,3,0,FALSE,TRUE,FALSE
"H_MALRUB02_Haemoproteus_nucleofascialis",476,0,3,0,FALSE,TRUE,FALSE
"H_MARFUS05",479,11,0,0,FALSE,FALSE,FALSE
"H_MEAPI01_Haemoproteus_manwelli",479,0,0,0,FALSE,FALSE,FALSE
"H_MEAPI02_Haemoproteus_gavrilovi",479,0,0,0,FALSE,FALSE,FALSE
"H_MEAPI03",479,0,0,0,FALSE,FALSE,FALSE
"H_MEAPI04",479,0,0,0,FALSE,FALSE,FALSE
"H_MEAPI05",479,0,0,0,FALSE,FALSE,FALSE
"H_MEAPI06",463,0,16,0,FALSE,TRUE,FALSE
"H_MEAPI07",479,0,0,0,FALSE,FALSE,FALSE
"H_MEAPI08",479,0,0,0,FALSE,FALSE,FALSE
"H_MEAPI13",479,0,0,0,FALSE,FALSE,FALSE
"H_MEAPI14",479,0,0,0,FALSE,FALSE,FALSE
"H_MEAPI15",479,0,0,0,FALSE,FALSE,FALSE
"H_MEAPI16",479,0,0,0,FALSE,FALSE,FALSE
"H_MEAPI17",479,0,0,0,FALSE,FALSE,FALSE
"H_MEBRE01",479,0,0,0,FALSE,FALSE,FALSE
"H_MEBRE02",305,0,174,0,FALSE,TRUE,FALSE
"H_MEGASI01",479,0,0,0,FALSE,FALSE,TRUE
"H_MEGHEN01",455,0,24,0,FALSE,TRUE,FALSE
"H_MEGLIN01",479,0,0,0,FALSE,FALSE,FALSE
"H_MELALB01_Haemoproteus_ptilotis",479,0,0,0,FALSE,FALSE,FALSE
"H_MELALB02_Haemoproteus_ptilotis",479,0,0,0,FALSE,FALSE,FALSE
"H_MELAUR02",478,0,1,0,FALSE,TRUE,FALSE
"H_MELBEL01",438,0,41,0,FALSE,TRUE,FALSE
"H_MELBEL02",444,0,35,0,FALSE,TRUE,FALSE
"H_MELBEL03",479,2,0,0,FALSE,FALSE,FALSE
"H_MELCAR01_Haemoproteus_velans",479,0,0,0,FALSE,FALSE,FALSE
"H_MELFUM01",479,0,0,0,FALSE,FALSE,FALSE
"H_MELFUS01",479,0,0,0,FALSE,FALSE,FALSE
"H_MELFUS02",479,0,0,0,FALSE,FALSE,FALSE
"H_MELFUS03",479,0,0,0,FALSE,FALSE,FALSE
"H_MELFUS04",453,0,26,0,FALSE,TRUE,FALSE
"H_MELGEO01",269,0,210,0,FALSE,TRUE,TRUE
"H_MELLEW01_Haemoproteus_ptilotis",479,0,0,0,FALSE,FALSE,FALSE
"H_MELLIN01",478,0,1,0,FALSE,TRUE,FALSE
"H_MELLIN05",478,0,1,0,FALSE,TRUE,FALSE
"H_MELMEG01",479,0,0,0,FALSE,FALSE,FALSE
"H_MELMEG02",444,0,35,0,FALSE,TRUE,FALSE
"H_MELMEG03",444,0,35,0,FALSE,TRUE,FALSE
"H_MELMEG04",479,0,0,0,FALSE,FALSE,FALSE
"H_MELMEG05",479,0,0,0,FALSE,FALSE,FALSE
"H_MELMON01",479,0,0,0,FALSE,FALSE,FALSE
"H_MELNIG01",479,0,0,0,FALSE,FALSE,FALSE
"H_MELNIG02",479,0,0,0,FALSE,FALSE,FALSE
"H_MELNIG03",479,0,0,0,FALSE,FALSE,FALSE
"H_MELNIG04",479,0,0,0,FALSE,FALSE,FALSE
"H_MELNIG05",479,0,0,0,FALSE,FALSE,FALSE
"H_MELNIG06",479,0,0,0,FALSE,FALSE,FALSE
"H_MELSTR01_Haemoproteus_velans",479,0,0,0,FALSE,FALSE,TRUE
"H_MELSTR02",479,0,0,0,FALSE,FALSE,FALSE
"H_MELSTR03",479,1,0,0,FALSE,FALSE,FALSE
"H_MELSTR04",479,1,0,0,FALSE,FALSE,FALSE
"H_MELVER01",479,0,0,0,FALSE,FALSE,FALSE
"H_MELVER02",479,0,0,0,FALSE,FALSE,FALSE
"H_MELVER03",479,1,0,0,FALSE,FALSE,FALSE
"H_MERMER01",361,0,118,0,FALSE,TRUE,FALSE
"H_MERORI01",305,0,174,0,FALSE,TRUE,FALSE
"H_MESCAY01",477,0,2,0,FALSE,TRUE,FALSE
"H_METAYM01",477,0,2,0,FALSE,TRUE,FALSE
"H_METCEC01",477,0,2,0,FALSE,TRUE,FALSE
"H_METCEC02",477,0,2,0,FALSE,TRUE,FALSE
"H_METCEC03",477,0,2,0,FALSE,TRUE,FALSE
"H_MEUND3",479,0,0,0,FALSE,FALSE,FALSE
"H_MEVIR01",326,0,153,0,FALSE,TRUE,FALSE
"H_MICGIL01",477,0,2,0,FALSE,TRUE,FALSE
"H_MICMIN03",477,0,2,0,FALSE,TRUE,FALSE
"H_MICMIN04",477,0,2,0,FALSE,TRUE,FALSE
"H_MICMIN05",477,0,2,0,FALSE,TRUE,FALSE
"H_MICPAP01",479,0,0,0,FALSE,FALSE,FALSE
"H_MICRO01_Haemoproteus_multipigmentatus",479,0,0,0,FALSE,FALSE,TRUE
"H_MICRO02_Haemoproteus_multipigmentatus",337,0,142,0,FALSE,TRUE,FALSE
"H_MICRUF01",477,0,2,0,FALSE,TRUE,FALSE
"H_MICYA01",326,0,153,0,FALSE,TRUE,FALSE
"H_MICYA02",326,0,153,0,FALSE,TRUE,FALSE
"H_MIIGO01",326,0,153,0,FALSE,TRUE,FALSE
"H_MILANS01",479,0,0,0,FALSE,FALSE,FALSE
"H_MILANS02",479,0,0,0,FALSE,FALSE,FALSE
"H_MILANS03",479,0,0,0,FALSE,FALSE,FALSE
"H_MIMGIL01",479,0,0,0,FALSE,FALSE,FALSE
"H_MIMPOL01",479,0,0,0,FALSE,FALSE,FALSE
"H_MIMPOL03",463,0,16,0,FALSE,TRUE,TRUE
"H_MIMPOL05",478,0,1,0,FALSE,TRUE,TRUE
"H_MIMPOL06",478,0,1,0,FALSE,TRUE,FALSE
"H_MOCLA01",278,0,201,0,FALSE,TRUE,FALSE
"H_MODO1_Haemoproteus_sacharovi",479,0,0,0,FALSE,FALSE,FALSE
"H_MOLBAD01",479,0,0,0,FALSE,FALSE,FALSE
"H_MOLBON03",477,0,2,0,FALSE,TRUE,FALSE
"H_MOLBON04",479,0,0,0,FALSE,FALSE,FALSE
"H_MONCAC01",479,0,0,0,FALSE,FALSE,TRUE
"H_MONCAC03",479,0,0,0,FALSE,FALSE,FALSE
"H_MONCHR01",479,0,0,0,FALSE,FALSE,FALSE
"H_MONFAI02",479,0,0,0,FALSE,FALSE,FALSE
"H_MONGUT01",479,0,0,0,FALSE,FALSE,FALSE
"H_MONGUT02",479,0,0,0,FALSE,FALSE,FALSE
"H_MONMER01",479,0,0,0,FALSE,FALSE,FALSE
"H_MONMER02",479,0,0,0,FALSE,FALSE,FALSE
"H_MONNIG02",479,0,0,0,FALSE,FALSE,FALSE
"H_MONSHA01",479,0,0,0,FALSE,FALSE,FALSE
"H_MPLRK01",479,2,0,0,FALSE,FALSE,FALSE
"H_MPLRK02",479,0,0,0,FALSE,FALSE,FALSE
"H_MUFER01",326,0,153,0,FALSE,TRUE,FALSE
"H_MUSSET01",475,0,4,0,FALSE,TRUE,FALSE
"H_MUSSET02",475,1,4,0,FALSE,TRUE,FALSE
"H_MUTSW1",432,0,47,1,TRUE,TRUE,FALSE
"H_MUTSW2",432,0,47,1,TRUE,TRUE,FALSE
"H_MW1_Haemoproteus_belopolskyi",478,0,1,0,FALSE,TRUE,FALSE
"H_MW2",478,3,1,0,FALSE,TRUE,FALSE
"H_MW3",478,0,1,0,FALSE,TRUE,TRUE
"H_MYCAME08",477,0,2,0,FALSE,TRUE,FALSE
"H_MYIALE01",479,0,0,0,FALSE,FALSE,FALSE
"H_MYIFLA01",479,0,0,0,FALSE,FALSE,TRUE
"H_MYIFUS01",478,0,1,1,TRUE,TRUE,FALSE
"H_MYIMAC01",477,0,2,0,FALSE,TRUE,TRUE
"H_MYISWA01",477,0,2,0,FALSE,TRUE,TRUE
"H_MYMAC01",478,0,1,0,FALSE,TRUE,FALSE
"H_MYMAC02",479,0,0,0,FALSE,FALSE,FALSE
"H_MYMAC03",425,0,54,0,FALSE,TRUE,TRUE
"H_MYOCAR01",478,0,1,0,FALSE,TRUE,FALSE
"H_MYRAXI02",477,0,2,0,FALSE,TRUE,FALSE
"H_MYRAXI14",477,0,2,0,FALSE,TRUE,FALSE
"H_MYRMEN02",477,0,2,0,FALSE,TRUE,FALSE
"H_MYRMYO07",477,0,2,0,FALSE,TRUE,FALSE
"H_MYRMYO11",477,0,2,0,FALSE,TRUE,FALSE
"H_MYZCAL01",479,0,0,0,FALSE,FALSE,FALSE
"H_MYZCAR01",307,0,172,0,FALSE,TRUE,FALSE
"H_MYZCAR02",458,0,21,0,FALSE,TRUE,FALSE
"H_MYZCAR03",479,0,0,0,FALSE,FALSE,FALSE
"H_MYZCAR05",311,0,168,0,FALSE,TRUE,FALSE
"H_MYZCAR06",303,0,176,0,FALSE,TRUE,FALSE
"H_MYZCAR07",310,0,169,0,FALSE,TRUE,FALSE
"H_MYZNIG01",479,0,0,0,FALSE,FALSE,FALSE
"H_MYZNIG02",479,0,0,0,FALSE,FALSE,FALSE
"H_MYZOBS01",479,0,0,0,FALSE,FALSE,FALSE
"H_MYZOBS02",479,0,0,0,FALSE,FALSE,FALSE
"H_MYZSAN01",479,0,0,0,FALSE,FALSE,FALSE
"H_MYZSAN02_Haemoproteus_ptilotis",447,0,32,0,FALSE,TRUE,FALSE
"H_NECASP01",249,0,230,0,FALSE,TRUE,TRUE
"H_NECTAR01",479,0,0,0,FALSE,FALSE,FALSE
"H_NENOT04",464,0,15,0,FALSE,TRUE,TRUE
"H_NEOBS03",244,0,235,0,FALSE,TRUE,TRUE
"H_NEOBS04",244,0,235,0,FALSE,TRUE,TRUE
"H_NEOFAS02",477,0,2,0,FALSE,TRUE,FALSE
"H_NEOFAS03",477,0,2,0,FALSE,TRUE,FALSE
"H_NEOFAS13",477,0,2,0,FALSE,TRUE,FALSE
"H_NEOPOE02",475,0,4,0,FALSE,TRUE,FALSE
"H_NEOTEM01",479,0,0,0,FALSE,FALSE,FALSE
"H_NEOTEN01",479,0,0,0,FALSE,FALSE,FALSE
"H_NEPIL01",478,0,1,0,FALSE,TRUE,FALSE
"H_NESPIC01",479,0,0,0,FALSE,FALSE,FALSE
"H_NESTYP01",479,0,0,0,FALSE,FALSE,FALSE
"H_NESTYP02",479,0,0,0,FALSE,FALSE,FALSE
"H_NEWAM02",464,0,15,0,FALSE,TRUE,FALSE
"H_NEWAM04",479,0,0,0,FALSE,FALSE,FALSE
"H_NEWBR01",479,0,0,0,FALSE,FALSE,TRUE
"H_NEWBR02",479,0,0,0,FALSE,FALSE,FALSE
"H_NEWBR03",479,0,0,0,FALSE,FALSE,FALSE
"H_NEWBR04",479,0,0,0,FALSE,FALSE,TRUE
"H_NEWBR05",479,0,0,0,FALSE,FALSE,FALSE
"H_NEWBR07",479,0,0,0,FALSE,FALSE,FALSE
"H_NIGBI01",305,0,174,0,FALSE,TRUE,FALSE
"H_NIGBI02",475,0,4,0,FALSE,TRUE,FALSE
"H_NIGRA01",326,0,153,0,FALSE,TRUE,FALSE
"H_NILAFA01",479,0,0,0,FALSE,FALSE,FALSE
"H_NILSUN02",326,0,153,0,FALSE,TRUE,FALSE
"H_NILTAV01",479,0,0,0,FALSE,FALSE,FALSE
"H_NINOX01",464,0,15,0,FALSE,TRUE,FALSE
"H_NINOX02",464,0,15,0,FALSE,TRUE,FALSE
"H_NINOX03",464,0,15,0,FALSE,TRUE,FALSE
"H_NINOX06",449,0,30,0,FALSE,TRUE,TRUE
"H_NINOX07",479,0,0,0,FALSE,FALSE,FALSE
"H_NIPHI01",464,0,15,0,FALSE,TRUE,FALSE
"H_NIPHI02",464,0,15,0,FALSE,TRUE,FALSE
"H_NISALB01",479,0,0,0,FALSE,FALSE,FALSE
"H_NISALB02",479,0,0,0,FALSE,FALSE,FALSE
"H_NMIN01_Haemoproteus_ptilotis",479,0,0,0,FALSE,FALSE,FALSE
"H_NUMPHA01",479,0,0,0,FALSE,FALSE,FALSE
"H_NYCTALB02",477,0,2,0,FALSE,TRUE,FALSE
"H_NYSCHA01",477,0,2,0,FALSE,TRUE,FALSE
"H_NYSMAC01",477,0,2,0,FALSE,TRUE,FALSE
"H_NYSMAC02",477,0,2,0,FALSE,TRUE,FALSE
"H_NYSMAC03",477,0,2,0,FALSE,TRUE,FALSE
"H_NYSMAC04",477,0,2,0,FALSE,TRUE,FALSE
"H_OCHJEL01",478,0,1,0,FALSE,TRUE,FALSE
"H_OCHLEU01",478,0,1,0,FALSE,TRUE,FALSE
"H_OCHLEU02",478,0,1,0,FALSE,TRUE,FALSE
"H_OCHOEN01",478,0,1,0,FALSE,TRUE,FALSE
"H_OCHRUF01",476,0,3,0,FALSE,TRUE,FALSE
"H_OEDILI01",479,0,0,0,FALSE,FALSE,FALSE
"H_OEDILI02",479,0,0,0,FALSE,FALSE,FALSE
"H_OENCAP01",479,0,0,0,FALSE,FALSE,FALSE
"H_OEOEN01",479,0,0,0,FALSE,FALSE,FALSE
"H_OREMEL01",478,0,1,0,FALSE,TRUE,FALSE
"H_OREMEL02",478,0,1,0,FALSE,TRUE,FALSE
"H_ORORI01",479,0,0,0,FALSE,FALSE,FALSE
"H_ORORI02",479,0,0,0,FALSE,FALSE,FALSE
"H_ORORI03",454,3,25,0,FALSE,TRUE,FALSE
"H_ORTATR01",479,0,0,0,FALSE,FALSE,FALSE
"H_ORTATR02",479,0,0,0,FALSE,FALSE,FALSE
"H_ORTCAN01",477,0,2,0,FALSE,TRUE,FALSE
"H_ORTRUF01",380,0,99,0,FALSE,TRUE,FALSE
"H_ORTSPA01",479,0,0,0,FALSE,FALSE,FALSE
"H_ORTVET01",478,0,1,0,FALSE,TRUE,FALSE
"H_OTSCO04",432,0,47,0,FALSE,TRUE,FALSE
"H_OTSCO05_Haemoproteus_syrnii",479,0,0,0,FALSE,FALSE,FALSE
"H_OTUING01",478,0,1,0,FALSE,TRUE,FALSE
"H_OTULEM01",479,0,0,0,FALSE,FALSE,FALSE
"H_OTULEM02",458,0,21,0,FALSE,TRUE,FALSE
"H_OTULET01",479,0,0,0,FALSE,FALSE,FALSE
"H_OTULET02",479,0,0,0,FALSE,FALSE,FALSE
"H_OTUMEG01",464,0,15,0,FALSE,TRUE,FALSE
"H_OTUSCO01",479,0,0,0,FALSE,FALSE,FALSE
"H_OTUSCO02",479,0,0,0,FALSE,FALSE,FALSE
"H_OTUSUN01",479,3,0,0,FALSE,FALSE,FALSE
"H_PABY01",478,1,1,0,FALSE,TRUE,TRUE
"H_PABY02",478,0,1,0,FALSE,TRUE,FALSE
"H_PABY03",478,1,1,0,FALSE,TRUE,FALSE
"H_PABY04",464,0,15,0,FALSE,TRUE,FALSE
"H_PABY06",478,0,1,0,FALSE,TRUE,FALSE
"H_PACHOM01",464,1,15,0,FALSE,TRUE,FALSE
"H_PACHOM02",464,1,15,0,FALSE,TRUE,FALSE
"H_PACHYP01",479,0,0,0,FALSE,FALSE,FALSE
"H_PACMAR01",477,0,2,0,FALSE,TRUE,FALSE
"H_PACPEC02_Haemoproteus_coatneyi",479,0,0,0,FALSE,FALSE,FALSE
"H_PACPOL01",479,0,0,0,FALSE,FALSE,TRUE
"H_PACSCH01",479,0,0,0,FALSE,FALSE,FALSE
"H_PACVAL01",477,0,2,0,FALSE,TRUE,FALSE
"H_PACVIR01",477,0,2,0,FALSE,TRUE,FALSE
"H_PADOM03",478,0,1,0,FALSE,TRUE,FALSE
"H_PADOM05_Haemoproteus_passeris",479,0,0,0,FALSE,FALSE,FALSE
"H_PADOM13",470,0,9,0,FALSE,TRUE,FALSE
"H_PADOM15",473,0,6,0,FALSE,TRUE,FALSE
"H_PADOM22",473,0,6,0,FALSE,TRUE,FALSE
"H_PADOM23",479,0,0,0,FALSE,FALSE,FALSE
"H_PADOM25",479,0,0,0,FALSE,FALSE,FALSE
"H_PADOM26",463,0,16,0,FALSE,TRUE,FALSE
"H_PADOM32",479,0,0,0,FALSE,FALSE,FALSE
"H_PADOM34",479,0,0,0,FALSE,FALSE,FALSE
"H_PADOM39",454,0,25,0,FALSE,TRUE,FALSE
"H_PADOM41",479,0,0,0,FALSE,FALSE,FALSE
"H_PAGRI01",479,0,0,0,FALSE,FALSE,FALSE
"H_PAGRI03",452,1,27,0,FALSE,TRUE,FALSE
"H_PAGRI04",479,0,0,0,FALSE,FALSE,FALSE
"H_PAGRI05",377,0,102,0,FALSE,TRUE,FALSE
"H_PAHIS1",479,0,0,0,FALSE,FALSE,FALSE
"H_PAHIS2",479,0,0,0,FALSE,FALSE,FALSE
"H_PAMEL01",479,0,0,0,FALSE,FALSE,FALSE
"H_PAMEL02",479,0,0,0,FALSE,FALSE,FALSE
"H_PAMON01",464,0,15,0,FALSE,TRUE,FALSE
"H_PAMON02",438,0,41,0,FALSE,TRUE,FALSE
"H_PAPOL01",479,0,0,0,FALSE,FALSE,FALSE
"H_PAPOL02",478,0,1,0,FALSE,TRUE,FALSE
"H_PAPOL03",478,0,1,0,FALSE,TRUE,FALSE
"H_PAPOL04",478,0,1,0,FALSE,TRUE,FALSE
"H_PARCAP02",477,0,2,0,FALSE,TRUE,FALSE
"H_PARGUL01",305,0,174,0,FALSE,TRUE,FALSE
"H_PARMON01",479,0,0,0,FALSE,FALSE,FALSE
"H_PARNOV02",353,0,126,0,FALSE,TRUE,FALSE
"H_PARPUN01",478,0,1,0,FALSE,TRUE,FALSE
"H_PARUS1_Haemoproteus_majoris",478,0,1,0,FALSE,TRUE,FALSE
"H_PARUS10",479,0,0,0,FALSE,FALSE,FALSE
"H_PARUS5",470,0,9,0,FALSE,TRUE,FALSE
"H_PARUS6",475,0,4,0,FALSE,TRUE,FALSE
"H_PARUS62",432,0,47,0,FALSE,TRUE,FALSE
"H_PARUS63",432,0,47,0,FALSE,TRUE,FALSE
"H_PARUS64",432,0,47,0,FALSE,TRUE,TRUE
"H_PARUS65",479,0,0,0,FALSE,FALSE,FALSE
"H_PARUS68",479,0,0,0,FALSE,FALSE,FALSE
"H_PARUS91",478,0,1,0,FALSE,TRUE,FALSE
"H_PARVEN01",405,0,74,0,FALSE,TRUE,TRUE
"H_PASDIF01",454,0,25,0,FALSE,TRUE,FALSE
"H_PASDIF05",449,0,30,0,FALSE,TRUE,FALSE
"H_PASDIF06",449,0,30,0,FALSE,TRUE,FALSE
"H_PASDIF07",453,0,26,0,FALSE,TRUE,FALSE
"H_PASILI01",478,0,1,0,FALSE,TRUE,FALSE
"H_PASVER05",477,0,2,0,FALSE,TRUE,FALSE
"H_PATFAS01",478,0,1,0,FALSE,TRUE,FALSE
"H_PELCAP01",449,0,30,0,FALSE,TRUE,FALSE
"H_PENBIM01",479,0,0,0,FALSE,FALSE,FALSE
"H_PENBIM02",479,0,0,0,FALSE,FALSE,FALSE
"H_PENCYA01",479,0,0,0,FALSE,FALSE,FALSE
"H_PENCYA02",479,0,0,0,FALSE,FALSE,FALSE
"H_PENCYA03",479,0,0,0,FALSE,FALSE,FALSE
"H_PENJAC01",479,0,0,0,FALSE,FALSE,FALSE
"H_PENOBS01_Haemoproteus_ortalidum",479,0,0,0,FALSE,FALSE,FALSE
"H_PERCAN06",479,0,0,0,FALSE,FALSE,FALSE
"H_PERCAN07",479,0,0,0,FALSE,FALSE,FALSE
"H_PERCAN08",479,0,0,0,FALSE,FALSE,FALSE
"H_PERCAN09",479,0,0,0,FALSE,FALSE,FALSE
"H_PERCAN10",479,0,0,0,FALSE,FALSE,FALSE
"H_PERCAN11",479,0,0,0,FALSE,FALSE,FALSE
"H_PERCAN18",477,1,2,0,FALSE,TRUE,FALSE
"H_PERCAN24",477,0,2,0,FALSE,TRUE,FALSE
"H_PERCAN25",477,0,2,0,FALSE,TRUE,FALSE
"H_PERCAN27",477,0,2,0,FALSE,TRUE,FALSE
"H_PETPET01",479,0,0,0,FALSE,FALSE,FALSE
"H_PETPET02",479,0,0,0,FALSE,FALSE,FALSE
"H_PETPYR01",478,0,1,0,FALSE,TRUE,FALSE
"H_PEUCAS01",478,0,1,0,FALSE,TRUE,FALSE
"H_PEUCAS02",478,0,1,0,FALSE,TRUE,FALSE
"H_PFC1_Haemoproteus_pallidus",470,0,9,0,FALSE,TRUE,FALSE
"H_PHALA01",467,0,12,0,FALSE,TRUE,FALSE
"H_PHAMAL01",456,0,23,0,FALSE,TRUE,FALSE
"H_PHAPAL01",479,0,0,0,FALSE,FALSE,FALSE
"H_PHASYR01",456,0,23,0,FALSE,TRUE,FALSE
"H_PHEEIS01",460,0,19,0,FALSE,TRUE,FALSE
"H_PHELUD02",477,0,2,0,FALSE,TRUE,FALSE
"H_PHELUD03",477,0,2,0,FALSE,TRUE,FALSE
"H_PHEMEL02",478,0,1,0,FALSE,TRUE,FALSE
"H_PHFRU01",465,0,14,0,FALSE,TRUE,TRUE
"H_PHFRU02",449,0,30,0,FALSE,TRUE,TRUE
"H_PHIATR01",479,0,0,0,FALSE,FALSE,FALSE
"H_PHIBUC01",479,0,0,0,FALSE,FALSE,FALSE
"H_PHICT03",479,0,0,0,FALSE,FALSE,TRUE
"H_PHIERY06",478,0,1,0,FALSE,TRUE,FALSE
"H_PHIERY07",478,0,1,1,TRUE,TRUE,FALSE
"H_PHIERY08",479,0,0,0,FALSE,FALSE,FALSE
"H_PHINO01",479,0,0,0,FALSE,FALSE,FALSE
"H_PHLNIG01",477,0,2,0,FALSE,TRUE,FALSE
"H_PHLNIG04",477,0,2,0,FALSE,TRUE,FALSE
"H_PHLNIG05",477,0,2,0,FALSE,TRUE,FALSE
"H_PHLNIG06",477,0,2,0,FALSE,TRUE,FALSE
"H_PHOBAD01",479,0,0,0,FALSE,FALSE,FALSE
"H_PHPRO01",432,0,47,0,FALSE,TRUE,FALSE
"H_PHPRO02",432,0,47,0,FALSE,TRUE,FALSE
"H_PHRATR01",479,0,0,0,FALSE,FALSE,FALSE
"H_PHRATR02",479,0,0,0,FALSE,FALSE,FALSE
"H_PHRFRU01",478,0,1,0,FALSE,TRUE,FALSE
"H_PHRFRU02",479,0,0,0,FALSE,FALSE,FALSE
"H_PHRFRU03",479,0,0,0,FALSE,FALSE,FALSE
"H_PHRFRU04",479,0,0,0,FALSE,FALSE,FALSE
"H_PHRFRU05",479,0,0,0,FALSE,FALSE,FALSE
"H_PHRFRU06",479,0,0,0,FALSE,FALSE,FALSE
"H_PHRFRU07",479,0,0,0,FALSE,FALSE,TRUE
"H_PHRFRU08",479,0,0,0,FALSE,FALSE,FALSE
"H_PHRFRU09",479,0,0,0,FALSE,FALSE,FALSE
"H_PHRFRU10",479,0,0,0,FALSE,FALSE,FALSE
"H_PHRFRU11",479,0,0,0,FALSE,FALSE,FALSE
"H_PHRFRU12",479,0,0,0,FALSE,FALSE,FALSE
"H_PHRFRU13",479,0,0,0,FALSE,FALSE,FALSE
"H_PHRFRU14",477,0,2,0,FALSE,TRUE,TRUE
"H_PHRPAT01",477,0,2,0,FALSE,TRUE,FALSE
"H_PHRPLE01",479,0,0,0,FALSE,FALSE,FALSE
"H_PHSIB1_Haemoproteus_majoris",479,0,0,0,FALSE,FALSE,FALSE
"H_PHSIB2_Haemoproteus_homopalloris",478,0,1,0,FALSE,TRUE,TRUE
"H_PHYBOR04_Haemoproteus_majoris",479,0,0,0,FALSE,FALSE,FALSE
"H_PHYNOT01",313,0,166,0,FALSE,TRUE,FALSE
"H_PHYNOT02",313,0,166,0,FALSE,TRUE,FALSE
"H_PHYRUT01",479,0,0,0,FALSE,FALSE,FALSE
"H_PIACAY01",477,0,2,0,FALSE,TRUE,FALSE
"H_PICAN02_Haemoproteus_homovelans",479,0,0,0,FALSE,FALSE,FALSE
"H_PICVAI01",479,0,0,0,FALSE,FALSE,FALSE
"H_PIOLI01_Haemoproteus_thraupi",479,3,0,0,FALSE,FALSE,FALSE
"H_PIOLI03_Haemoproteus_coatneyi",479,0,0,0,FALSE,FALSE,FALSE
"H_PIOLI04",478,0,1,0,FALSE,TRUE,FALSE
"H_PIPARC01",478,0,1,0,FALSE,TRUE,FALSE
"H_PIPBON02",477,0,2,0,FALSE,TRUE,FALSE
"H_PIPFAS10",478,0,1,0,FALSE,TRUE,FALSE
"H_PIPHA01",326,0,153,0,FALSE,TRUE,FALSE
"H_PIPMAC01",478,0,1,0,FALSE,TRUE,FALSE
"H_PIPMAC03",478,0,1,0,FALSE,TRUE,FALSE
"H_PIPMACO1",477,0,2,0,FALSE,TRUE,FALSE
"H_PIPUB01_Haemoproteus_picae",361,0,118,0,FALSE,TRUE,TRUE
"H_PIRFLA01",478,0,1,0,FALSE,TRUE,FALSE
"H_PIRFLA04",477,0,2,0,FALSE,TRUE,FALSE
"H_PIRFLA05",477,0,2,0,FALSE,TRUE,FALSE
"H_PIRFLA06",477,0,2,0,FALSE,TRUE,FALSE
"H_PIRFLA07",478,0,1,0,FALSE,TRUE,FALSE
"H_PIRFLA08",479,1,0,0,FALSE,FALSE,FALSE
"H_PIRFLA09",478,0,1,0,FALSE,TRUE,FALSE
"H_PIRFLA10",478,0,1,0,FALSE,TRUE,FALSE
"H_PIRFLA11",477,0,2,0,FALSE,TRUE,FALSE
"H_PIRLEU01",478,0,1,0,FALSE,TRUE,FALSE
"H_PIRLUD01",478,0,1,0,FALSE,TRUE,FALSE
"H_PIRLUD02",478,0,1,0,FALSE,TRUE,FALSE
"H_PIRLUD07",478,0,1,0,FALSE,TRUE,FALSE
"H_PIRLUD08",479,0,0,0,FALSE,FALSE,FALSE
"H_PIRLUD09",479,0,0,0,FALSE,FALSE,FALSE
"H_PIROLI02",477,0,2,0,FALSE,TRUE,FALSE
"H_PIROLI03",477,0,2,0,FALSE,TRUE,FALSE
"H_PIRRUB04",477,0,2,0,FALSE,TRUE,FALSE
"H_PIRUB01",479,0,0,0,FALSE,FALSE,FALSE
"H_PIRUB02",478,0,1,0,FALSE,TRUE,FALSE
"H_PIRUB03",478,0,1,0,FALSE,TRUE,FALSE
"H_PISUL01",478,0,1,0,FALSE,TRUE,FALSE
"H_PITCRI01",479,0,0,0,FALSE,FALSE,FALSE
"H_PITDIC01",479,0,0,0,FALSE,FALSE,FALSE
"H_PITDIC03",479,0,0,0,FALSE,FALSE,FALSE
"H_PITINC02",479,0,0,0,FALSE,FALSE,FALSE
"H_PITKIR01",479,0,0,0,FALSE,FALSE,FALSE
"H_PITKIR02",479,0,0,0,FALSE,FALSE,FALSE
"H_PITSUL01",411,0,68,0,FALSE,TRUE,FALSE
"H_PLAMIN01",479,0,0,0,FALSE,FALSE,FALSE
"H_PLOBAG01",479,0,0,0,FALSE,FALSE,FALSE
"H_PLOBAN01",479,0,0,0,FALSE,FALSE,FALSE
"H_PLOCU06",479,0,0,0,FALSE,FALSE,FALSE
"H_PLOCU07",479,0,0,0,FALSE,FALSE,FALSE
"H_PLOCU08",479,0,0,0,FALSE,FALSE,FALSE
"H_PLOCU09",479,1,0,0,FALSE,FALSE,FALSE
"H_PLOCUC05",449,0,30,0,FALSE,TRUE,FALSE
"H_PLOCUC07",449,0,30,0,FALSE,TRUE,FALSE
"H_PLOCUC09",449,0,30,0,FALSE,TRUE,FALSE
"H_PLOGRA01",478,0,1,0,FALSE,TRUE,FALSE
"H_PLOMEL01_Haemoproteus_homobelopolskyi",476,0,3,0,FALSE,TRUE,FALSE
"H_PLOMEL02_Haemoproteus_homobelopolskyi",476,0,3,0,FALSE,TRUE,FALSE
"H_PLOMEL03_Haemoproteus_nucleofascialis",476,0,3,0,FALSE,TRUE,FALSE
"H_PLOMEL05",479,0,0,0,FALSE,FALSE,FALSE
"H_PLONEL01",479,0,0,0,FALSE,FALSE,FALSE
"H_PLONIG01_Haemoproteus_micronuclearis",476,0,3,0,FALSE,TRUE,FALSE
"H_PLONIG02_Haemoproteus_micronuclearis",476,0,3,0,FALSE,TRUE,FALSE
"H_PLONIG03_Haemoproteus_micronuclearis",476,0,3,0,FALSE,TRUE,FALSE
"H_PLONIG07",478,0,1,0,FALSE,TRUE,FALSE
"H_PLONIG08",478,0,1,0,FALSE,TRUE,FALSE
"H_PLONIG09",478,0,1,0,FALSE,TRUE,FALSE
"H_PLOSAK01",479,0,0,0,FALSE,FALSE,FALSE
"H_PLOVEL02",447,0,32,0,FALSE,TRUE,FALSE
"H_POEATR01",479,0,0,0,FALSE,FALSE,FALSE
"H_POEATR07",477,0,2,0,FALSE,TRUE,FALSE
"H_POEATR08",477,0,2,0,FALSE,TRUE,FALSE
"H_POEATR09",477,0,2,0,FALSE,TRUE,FALSE
"H_POECAR03",477,0,2,0,FALSE,TRUE,FALSE
"H_POECAR04",477,0,2,0,FALSE,TRUE,FALSE
"H_POECAR05",477,0,2,0,FALSE,TRUE,FALSE
"H_POECER01",479,0,0,0,FALSE,FALSE,FALSE
"H_POECER02",479,0,0,0,FALSE,FALSE,FALSE
"H_POECER03",479,0,0,0,FALSE,FALSE,FALSE
"H_POECER04",479,8,0,0,FALSE,FALSE,FALSE
"H_POEHYB04",477,0,2,0,FALSE,TRUE,FALSE
"H_POEHYB05",477,0,2,0,FALSE,TRUE,FALSE
"H_POEMON01",432,0,47,0,FALSE,TRUE,FALSE
"H_POEPAL01",412,0,67,0,FALSE,TRUE,FALSE
"H_POEPAL02",408,0,71,0,FALSE,TRUE,FALSE
"H_POEPLU01",479,0,0,0,FALSE,FALSE,FALSE
"H_POESCL01",477,0,2,0,FALSE,TRUE,FALSE
"H_POLPLA01",479,0,0,0,FALSE,FALSE,FALSE
"H_POMHOR01",479,0,0,0,FALSE,FALSE,FALSE
"H_POMSUP01",477,0,2,0,FALSE,TRUE,FALSE
"H_POOHIS01",478,0,1,0,FALSE,TRUE,FALSE
"H_PORUF04",326,0,153,0,FALSE,TRUE,FALSE
"H_PRIMOL01",479,0,0,0,FALSE,FALSE,FALSE
"H_PRISOC01",305,0,174,0,FALSE,TRUE,FALSE
"H_PRISUB01",444,0,35,0,FALSE,TRUE,FALSE
"H_PROSUB01",479,0,0,0,FALSE,FALSE,FALSE
"H_PRUMOD03",479,0,0,0,FALSE,FALSE,FALSE
"H_PRUMOD04",478,0,1,0,FALSE,TRUE,FALSE
"H_PSABIF02",477,0,2,0,FALSE,TRUE,TRUE
"H_PSADEC01",305,0,174,0,FALSE,TRUE,TRUE
"H_PSAMIN01",477,0,2,0,FALSE,TRUE,FALSE
"H_PSAVIR01",261,0,218,0,FALSE,TRUE,TRUE
"H_PSAVIR02",479,1,0,0,FALSE,FALSE,FALSE
"H_PSDIS01",479,0,0,0,FALSE,FALSE,FALSE
"H_PSEWAR01",479,0,0,0,FALSE,FALSE,FALSE
"H_PSEWAR03",479,0,0,0,FALSE,FALSE,FALSE
"H_PSIKRA01",305,0,174,0,FALSE,TRUE,FALSE
"H_PSIROS01",478,0,1,0,FALSE,TRUE,FALSE
"H_PTICIN01",477,0,2,0,FALSE,TRUE,FALSE
"H_PTIMAG01",479,0,0,0,FALSE,FALSE,FALSE
"H_PTIPER01",444,0,35,0,FALSE,TRUE,FALSE
"H_PTIPER02",444,0,35,0,FALSE,TRUE,TRUE
"H_PTIPER03",479,0,0,0,FALSE,FALSE,FALSE
"H_PTIPER04",479,0,0,0,FALSE,FALSE,TRUE
"H_PTIRIV01",479,1,0,0,FALSE,FALSE,FALSE
"H_PTISUP01",479,0,0,0,FALSE,FALSE,FALSE
"H_PTISUP02",479,0,0,0,FALSE,FALSE,FALSE
"H_PTIVIC01",479,0,0,0,FALSE,FALSE,FALSE
"H_PTIVIC02",479,0,0,0,FALSE,FALSE,TRUE
"H_PUFPUF01",458,0,21,0,FALSE,TRUE,FALSE
"H_PYCBRU01",449,0,30,0,FALSE,TRUE,FALSE
"H_PYCCON01",479,0,0,0,FALSE,FALSE,FALSE
"H_PYCCON02",479,0,0,0,FALSE,FALSE,FALSE
"H_PYCCYA01",449,0,30,0,FALSE,TRUE,FALSE
"H_PYCGOI01",464,1,15,0,FALSE,TRUE,FALSE
"H_PYCLEU1",479,0,0,0,FALSE,FALSE,FALSE
"H_PYCLEU2",479,0,0,0,FALSE,FALSE,FALSE
"H_PYCMEL01",249,1,230,0,FALSE,TRUE,FALSE
"H_PYCMEL02",455,0,24,0,FALSE,TRUE,FALSE
"H_PYERY01",478,0,1,0,FALSE,TRUE,FALSE
"H_PYERY02",478,0,1,0,FALSE,TRUE,FALSE
"H_PYNJOC01",479,0,0,0,FALSE,FALSE,FALSE
"H_PYRPYR02",438,0,41,0,FALSE,TRUE,FALSE
"H_PYRRUB01",477,0,2,0,FALSE,TRUE,FALSE
"H_QUEQUE01",479,0,0,0,FALSE,FALSE,FALSE
"H_QUEQUE02",479,0,0,0,FALSE,FALSE,FALSE
"H_QUEQUE03",479,0,0,0,FALSE,FALSE,FALSE
"H_QUERY01",479,0,0,0,FALSE,FALSE,FALSE
"H_QUIMEX03",479,0,0,0,FALSE,FALSE,FALSE
"H_QUIQUI01",479,0,0,0,FALSE,FALSE,FALSE
"H_RAMCAR06",478,0,1,0,FALSE,TRUE,FALSE
"H_RAMCAR07",477,0,2,0,FALSE,TRUE,FALSE
"H_RB1_Haemoproteus_lanii",478,0,1,0,FALSE,TRUE,FALSE
"H_RBQ01",478,0,1,0,FALSE,TRUE,FALSE
"H_RBQ04",249,2,230,0,FALSE,TRUE,FALSE
"H_RBQ05",479,13,0,0,FALSE,FALSE,FALSE
"H_RBQ06",305,1,174,0,FALSE,TRUE,FALSE
"H_RBQ07",479,0,0,0,FALSE,FALSE,FALSE
"H_RBQ08",305,4,174,0,FALSE,TRUE,FALSE
"H_RBQ09",479,0,0,0,FALSE,FALSE,FALSE
"H_RBQ10",461,5,18,0,FALSE,TRUE,FALSE
"H_RBQ11_Haemoproteus_micronuclearis",479,0,0,0,FALSE,FALSE,FALSE
"H_RBQ12",442,5,37,0,FALSE,TRUE,FALSE
"H_RBQ13",479,4,0,0,FALSE,FALSE,FALSE
"H_RBQ14",479,6,0,0,FALSE,FALSE,FALSE
"H_RBS07",478,0,1,0,FALSE,TRUE,FALSE
"H_RBS1",479,0,0,0,FALSE,FALSE,FALSE
"H_RBS2_Haemoproteus_lanii",479,0,0,0,FALSE,FALSE,FALSE
"H_RBS3",479,0,0,0,FALSE,FALSE,FALSE
"H_RBS4_Haemoproteus_lanii",479,0,0,0,FALSE,FALSE,FALSE
"H_RBS5",479,0,0,0,FALSE,FALSE,FALSE
"H_REB1",479,0,0,0,FALSE,FALSE,FALSE
"H_REB2",479,0,0,0,FALSE,FALSE,FALSE
"H_REB3",479,0,0,0,FALSE,FALSE,FALSE
"H_REB4",479,0,0,0,FALSE,FALSE,FALSE
"H_REB5",479,0,0,0,FALSE,FALSE,FALSE
"H_RECOB1",479,0,0,0,FALSE,FALSE,FALSE
"H_RECOB2",479,0,0,0,FALSE,FALSE,FALSE
"H_RHALEU01",479,0,0,0,FALSE,FALSE,FALSE
"H_RHALEU02",479,0,0,0,FALSE,FALSE,FALSE
"H_RHIALB01",464,1,15,0,FALSE,TRUE,FALSE
"H_RHIALB03",479,0,0,0,FALSE,FALSE,FALSE
"H_RHIFUL01",299,0,180,0,FALSE,TRUE,FALSE
"H_RHISPI01",311,0,168,0,FALSE,TRUE,FALSE
"H_RHYSTO01",463,0,16,0,FALSE,TRUE,FALSE
"H_RIPRIP01",479,0,0,0,FALSE,FALSE,FALSE
"H_RIPRIP02",479,0,0,0,FALSE,FALSE,FALSE
"H_RIPRIP03",479,0,0,0,FALSE,FALSE,FALSE
"H_RIPRIP04",479,0,0,0,FALSE,FALSE,FALSE
"H_RIPRIP05",479,0,0,0,FALSE,FALSE,FALSE
"H_RIPRIP06",479,0,0,0,FALSE,FALSE,FALSE
"H_RIPRIP07",479,0,0,0,FALSE,FALSE,FALSE
"H_RIPRIP08",479,0,0,0,FALSE,FALSE,FALSE
"H_ROBIN1_Haemoproteus_attenuatus",479,0,0,0,FALSE,FALSE,FALSE
"H_ROFI1_Haemoproteus_magnus",479,0,0,0,FALSE,FALSE,FALSE
"H_ROFI2",479,0,0,0,FALSE,FALSE,FALSE
"H_ROFI3",479,0,0,0,FALSE,FALSE,FALSE
"H_RS1",470,0,9,0,FALSE,TRUE,FALSE
"H_RUDTURN01",440,0,39,0,FALSE,TRUE,FALSE
"H_RW1_Haemoproteus_payevskyi",478,0,1,0,FALSE,TRUE,FALSE
"H_RW2",479,0,0,0,FALSE,FALSE,FALSE
"H_RW3_Haemoproteus_belopolskyi",470,0,9,0,FALSE,TRUE,TRUE
"H_RW4",478,0,1,0,FALSE,TRUE,FALSE
"H_RW5",478,0,1,0,FALSE,TRUE,FALSE
"H_SALAUR01",477,0,2,0,FALSE,TRUE,FALSE
"H_SALMAX03",478,0,1,0,FALSE,TRUE,TRUE
"H_SANDPLOV01",440,0,39,0,FALSE,TRUE,FALSE
"H_SARCAL01",464,1,15,0,FALSE,TRUE,FALSE
"H_SAXFUL01",249,0,230,0,FALSE,TRUE,FALSE
"H_SAXFUL02",305,1,174,0,FALSE,TRUE,FALSE
"H_SCHTUR01",477,0,2,0,FALSE,TRUE,FALSE
"H_SCHVER01",477,0,2,0,FALSE,TRUE,FALSE
"H_SCLCAU01",477,0,2,0,FALSE,TRUE,FALSE
"H_SCLCAU03",478,0,1,0,FALSE,TRUE,FALSE
"H_SCYUNI01",446,1,33,0,FALSE,TRUE,FALSE
"H_SDLG01",449,0,30,0,FALSE,TRUE,FALSE
"H_SEIAUR03",285,0,194,0,FALSE,TRUE,FALSE
"H_SEIAUR05",477,0,2,0,FALSE,TRUE,FALSE
"H_SELPLA01",478,0,1,0,FALSE,TRUE,FALSE
"H_SERCIN01",479,0,0,0,FALSE,FALSE,FALSE
"H_SERCIT01",479,0,0,0,FALSE,FALSE,FALSE
"H_SERCIT02",479,0,0,0,FALSE,FALSE,FALSE
"H_SERPER01",479,0,0,0,FALSE,FALSE,FALSE
"H_SERSER01",479,0,0,0,FALSE,FALSE,FALSE
"H_SERSER02",479,0,0,0,FALSE,FALSE,FALSE
"H_SERSER03",479,0,0,0,FALSE,FALSE,FALSE
"H_SERUT01",285,0,194,0,FALSE,TRUE,FALSE
"H_SERUT02",285,0,194,0,FALSE,TRUE,TRUE
"H_SERUT03",285,0,194,0,FALSE,TRUE,FALSE
"H_SERUT04",285,0,194,0,FALSE,TRUE,TRUE
"H_SERUT05",285,0,194,0,FALSE,TRUE,TRUE
"H_SERUT06",285,0,194,0,FALSE,TRUE,FALSE
"H_SERUT07",256,1,223,0,FALSE,TRUE,FALSE
"H_SERUT08",285,2,194,0,FALSE,TRUE,FALSE
"H_SETAUD01",430,0,49,0,FALSE,TRUE,FALSE
"H_SETAUD02",420,0,59,0,FALSE,TRUE,FALSE
"H_SETAUD03",478,0,1,0,FALSE,TRUE,FALSE
"H_SETAUD04",478,0,1,0,FALSE,TRUE,FALSE
"H_SETAUD05",478,0,1,0,FALSE,TRUE,FALSE
"H_SETAUD06",475,0,4,0,FALSE,TRUE,FALSE
"H_SETAUD07",478,0,1,0,FALSE,TRUE,FALSE
"H_SETAUD08",478,0,1,0,FALSE,TRUE,FALSE
"H_SETAUD09",420,0,59,0,FALSE,TRUE,FALSE
"H_SETAUD10",478,0,1,0,FALSE,TRUE,FALSE
"H_SETAUD11",478,0,1,0,FALSE,TRUE,FALSE
"H_SETAUD12",476,0,3,0,FALSE,TRUE,FALSE
"H_SETAUD13",451,0,28,0,FALSE,TRUE,FALSE
"H_SETAUD14",478,0,1,0,FALSE,TRUE,FALSE
"H_SETAUD15",478,0,1,0,FALSE,TRUE,FALSE
"H_SETAUD16",478,0,1,0,FALSE,TRUE,FALSE
"H_SETAUD17",478,0,1,0,FALSE,TRUE,FALSE
"H_SETAUD18",471,0,8,0,FALSE,TRUE,FALSE
"H_SETAUD19",478,0,1,0,FALSE,TRUE,FALSE
"H_SETAUD20",478,0,1,0,FALSE,TRUE,FALSE
"H_SETAUD21",478,0,1,0,FALSE,TRUE,FALSE
"H_SETAUD22",373,0,106,0,FALSE,TRUE,FALSE
"H_SETCER01",479,0,0,0,FALSE,FALSE,FALSE
"H_SETCER03",479,0,0,0,FALSE,FALSE,TRUE
"H_SETCOR01",478,0,1,0,FALSE,TRUE,FALSE
"H_SETGRA01",478,0,1,0,FALSE,TRUE,FALSE
"H_SFC1_Haemoproteus_balmorali",479,0,0,0,FALSE,FALSE,FALSE
"H_SFC10",479,0,0,0,FALSE,FALSE,FALSE
"H_SFC11",479,0,0,0,FALSE,FALSE,FALSE
"H_SFC13",479,0,0,0,FALSE,FALSE,FALSE
"H_SFC3_Haemoproteus_pallidus",479,0,0,0,FALSE,FALSE,FALSE
"H_SFC4",479,0,0,0,FALSE,FALSE,FALSE
"H_SFC9",473,0,6,0,FALSE,TRUE,FALSE
"H_SHOALB02",479,0,0,0,FALSE,FALSE,FALSE
"H_SHOMAJ03",479,0,0,0,FALSE,FALSE,FALSE
"H_SIAMEX01",479,0,0,0,FALSE,FALSE,TRUE
"H_SIAMEX05",452,0,27,0,FALSE,TRUE,FALSE
"H_SICFLA01",478,0,1,0,FALSE,TRUE,FALSE
"H_SISKIN1_Haemoproteus_tartakovskyi",479,0,0,0,FALSE,FALSE,FALSE
"H_SITEUR01",479,0,0,0,FALSE,FALSE,FALSE
"H_SITGRI01",478,0,1,0,FALSE,TRUE,FALSE
"H_SITTAKRU1",432,0,47,0,FALSE,TRUE,TRUE
"H_SITTAKRU2",432,0,47,0,FALSE,TRUE,FALSE
"H_SITTEP01",479,0,0,0,FALSE,FALSE,FALSE
"H_SITTEP02",479,0,0,0,FALSE,FALSE,FALSE
"H_SITTEP03",479,0,0,0,FALSE,FALSE,FALSE
"H_SMIBRE01",470,0,9,0,FALSE,TRUE,FALSE
"H_SMIRUF01",475,0,4,0,FALSE,TRUE,FALSE
"H_SPEHAE01",475,0,4,0,FALSE,TRUE,FALSE
"H_SPHUM04",478,0,1,0,FALSE,TRUE,FALSE
"H_SPIARB01",479,0,0,0,FALSE,FALSE,FALSE
"H_SPIDOM01",479,0,0,0,FALSE,FALSE,FALSE
"H_SPIPAL01",477,0,2,0,FALSE,TRUE,FALSE
"H_SPIPAS01",478,0,1,0,FALSE,TRUE,FALSE
"H_SPIPAS02",478,0,1,0,FALSE,TRUE,FALSE
"H_SPIPAS03",479,0,0,0,FALSE,FALSE,FALSE
"H_SPIPAS04",479,0,0,0,FALSE,FALSE,FALSE
"H_SPIPAS05",479,0,0,0,FALSE,FALSE,FALSE
"H_SPIPAS06",479,0,0,0,FALSE,FALSE,FALSE
"H_SPIPAS11",227,0,252,0,FALSE,TRUE,FALSE
"H_SPISAL01",478,0,1,0,FALSE,TRUE,FALSE
"H_SPISAL02",478,0,1,0,FALSE,TRUE,FALSE
"H_SPISEN01",479,0,0,0,FALSE,FALSE,TRUE
"H_SPISEN02",479,0,0,0,FALSE,FALSE,FALSE
"H_SPISEN06",450,0,29,0,FALSE,TRUE,FALSE
"H_SPMAG12_Haemoproteus_larae",478,0,1,0,FALSE,TRUE,FALSE
"H_SPMEN02",357,0,122,0,FALSE,TRUE,FALSE
"H_SPOFRO01",479,0,0,0,FALSE,FALSE,FALSE
"H_SPOPER01",478,0,1,0,FALSE,TRUE,FALSE
"H_SPOPER02",478,1,1,0,FALSE,TRUE,FALSE
"H_SPOPLU01",477,0,2,0,FALSE,TRUE,FALSE
"H_STAL06",479,0,0,0,FALSE,FALSE,FALSE
"H_STAL2_Haemoproteus_syrnii",478,0,1,0,FALSE,TRUE,FALSE
"H_STAL4",479,0,0,0,FALSE,FALSE,FALSE
"H_STANIG03",326,0,153,0,FALSE,TRUE,FALSE
"H_STCHI01",249,0,230,0,FALSE,TRUE,FALSE
"H_STIERY03",475,0,4,0,FALSE,TRUE,FALSE
"H_STOCC01",294,0,185,0,FALSE,TRUE,FALSE
"H_STOCC02",478,0,1,0,FALSE,TRUE,FALSE
"H_STRCAP01",479,0,0,0,FALSE,FALSE,TRUE
"H_STRORI01",479,0,0,0,FALSE,FALSE,FALSE
"H_STRSEM01",448,0,31,0,FALSE,TRUE,TRUE
"H_STRTUR01",479,0,0,0,FALSE,FALSE,FALSE
"H_STRTUR02",479,0,0,0,FALSE,FALSE,FALSE
"H_STRTUR03",479,0,0,0,FALSE,FALSE,FALSE
"H_STRTUR04",479,0,0,0,FALSE,FALSE,FALSE
"H_STRTUR05",479,0,0,0,FALSE,FALSE,FALSE
"H_STRURA01",479,0,0,0,FALSE,FALSE,FALSE
"H_STRURA02",479,0,0,0,FALSE,FALSE,FALSE
"H_STRURA03",478,0,1,0,FALSE,TRUE,TRUE
"H_STRZON01",249,0,230,0,FALSE,TRUE,TRUE
"H_STSEL1_Haemoproteus_ilanpapernai",361,0,118,0,FALSE,TRUE,FALSE
"H_STSEN1_Haemoproteus_turtur",361,0,118,0,FALSE,TRUE,TRUE
"H_STTRA01",249,0,230,0,FALSE,TRUE,TRUE
"H_STUVUL01",479,0,0,0,FALSE,FALSE,FALSE
"H_STVAR01",479,0,0,0,FALSE,FALSE,FALSE
"H_STVAR02",291,0,188,0,FALSE,TRUE,FALSE
"H_STVAR03",479,0,0,0,FALSE,FALSE,FALSE
"H_STVAR06",478,0,1,0,FALSE,TRUE,FALSE
"H_STVAR07",463,0,16,0,FALSE,TRUE,FALSE
"H_STVAR08",478,0,1,0,FALSE,TRUE,FALSE
"H_SUISUI01",477,0,2,0,FALSE,TRUE,FALSE
"H_SUISUI02",477,0,2,0,FALSE,TRUE,FALSE
"H_SUISUI03",477,0,2,0,FALSE,TRUE,FALSE
"H_SUISUI04",477,0,2,0,FALSE,TRUE,FALSE
"H_SULNEB01",420,1,59,0,FALSE,TRUE,FALSE
"H_SULNEB02",420,0,59,0,FALSE,TRUE,FALSE
"H_SW1_Haemoproteus_belopolskyi",478,0,1,0,FALSE,TRUE,FALSE
"H_SW3_Haemoproteus_belopolskyi",479,0,0,0,FALSE,FALSE,FALSE
"H_SW4",479,0,0,0,FALSE,FALSE,FALSE
"H_SYAT01_Haemoproteus_parabelopolskyi",479,0,0,0,FALSE,FALSE,FALSE
"H_SYAT02_Haemoproteus_parabelopolskyi",479,0,0,0,FALSE,FALSE,FALSE
"H_SYAT03_Haemoproteus_pallidulus",479,0,0,0,FALSE,FALSE,FALSE
"H_SYAT04",479,0,0,0,FALSE,FALSE,FALSE
"H_SYAT07_Haemoproteus_parabelopolskyi",478,0,1,0,FALSE,TRUE,FALSE
"H_SYAT09",479,0,0,0,FALSE,FALSE,FALSE
"H_SYAT10",479,0,0,0,FALSE,FALSE,FALSE
"H_SYAT11_Haemoproteus_parabelopolskyi",478,0,1,0,FALSE,TRUE,FALSE
"H_SYAT12",479,0,0,0,FALSE,FALSE,FALSE
"H_SYAT13",479,0,0,0,FALSE,FALSE,FALSE
"H_SYAT14",479,0,0,0,FALSE,FALSE,FALSE
"H_SYAT16_Haemoproteus_homogeneae",479,0,0,0,FALSE,FALSE,FALSE
"H_SYAT17",479,0,0,0,FALSE,FALSE,FALSE
"H_SYAT18",479,0,0,0,FALSE,FALSE,FALSE
"H_SYAT19",479,0,0,0,FALSE,FALSE,FALSE
"H_SYAT21",479,0,0,0,FALSE,FALSE,FALSE
"H_SYAT26",478,0,1,0,FALSE,TRUE,FALSE
"H_SYAT28",479,0,0,0,FALSE,FALSE,FALSE
"H_SYAT29",479,0,0,0,FALSE,FALSE,FALSE
"H_SYAT30",479,0,0,0,FALSE,FALSE,FALSE
"H_SYAT31",479,0,0,0,FALSE,FALSE,FALSE
"H_SYAT32",479,0,0,0,FALSE,FALSE,FALSE
"H_SYAT33",479,0,0,0,FALSE,FALSE,FALSE
"H_SYAT34",479,0,0,0,FALSE,FALSE,FALSE
"H_SYAT35",479,0,0,0,FALSE,FALSE,FALSE
"H_SYAT36",479,0,0,0,FALSE,FALSE,FALSE
"H_SYAT37",479,1,0,0,FALSE,FALSE,FALSE
"H_SYAT41",479,0,0,0,FALSE,FALSE,FALSE
"H_SYAT44",479,0,0,0,FALSE,FALSE,FALSE
"H_SYAT46",478,0,1,0,FALSE,TRUE,FALSE
"H_SYAT50",478,0,1,0,FALSE,TRUE,FALSE
"H_SYAT51",478,0,1,0,FALSE,TRUE,FALSE
"H_SYAT52",478,0,1,0,FALSE,TRUE,FALSE
"H_SYBOR01_Haemoproteus_parabelopolskyi",479,0,0,0,FALSE,FALSE,FALSE
"H_SYBOR03_Haemoproteus_parabelopolskyi",479,0,0,0,FALSE,FALSE,FALSE
"H_SYBOR04",462,0,17,0,FALSE,TRUE,FALSE
"H_SYBOR15",478,0,1,0,FALSE,TRUE,FALSE
"H_SYBOR31",478,0,1,0,FALSE,TRUE,FALSE
"H_SYBOR35",479,0,0,0,FALSE,FALSE,FALSE
"H_SYBOR36",478,0,1,0,FALSE,TRUE,FALSE
"H_SYCIN01",478,0,1,0,FALSE,TRUE,FALSE
"H_SYCRA01",478,0,1,0,FALSE,TRUE,FALSE
"H_SYCUR01",479,0,0,0,FALSE,FALSE,FALSE
"H_SYCUR02",479,0,0,0,FALSE,FALSE,FALSE
"H_SYCUR03",478,0,1,0,FALSE,TRUE,TRUE
"H_SYHOR01",479,0,0,0,FALSE,FALSE,FALSE
"H_SYLALT1",479,0,0,0,FALSE,FALSE,FALSE
"H_SYLVIRE01",479,0,0,0,FALSE,FALSE,FALSE
"H_SYLVIRE02",479,0,0,0,FALSE,FALSE,FALSE
"H_SYMAXI01",479,2,0,0,FALSE,FALSE,FALSE
"H_SYMEL01",479,0,0,0,FALSE,FALSE,FALSE
"H_SYMEL02",479,0,0,0,FALSE,FALSE,FALSE
"H_SYMEL03",452,0,27,0,FALSE,TRUE,FALSE
"H_SYMEL06",425,0,54,0,FALSE,TRUE,FALSE
"H_SYMGUT01",479,0,0,0,FALSE,FALSE,FALSE
"H_SYMGUT02",479,0,0,0,FALSE,FALSE,FALSE
"H_SYNALB01",477,0,2,0,FALSE,TRUE,FALSE
"H_SYNIS1_Haemoproteus_parabelopolskyi",478,0,1,0,FALSE,TRUE,FALSE
"H_SYNIS2",469,0,10,0,FALSE,TRUE,FALSE
"H_SYNIS3",479,0,0,0,FALSE,FALSE,FALSE
"H_SYNRUF02",479,0,0,0,FALSE,FALSE,FALSE
"H_SYNUNI01",478,0,1,0,FALSE,TRUE,FALSE
"H_TABI01",285,0,194,0,FALSE,TRUE,FALSE
"H_TABI02_Haemoproteus_paruli",479,0,0,0,FALSE,FALSE,FALSE
"H_TABI03",285,0,194,0,FALSE,TRUE,FALSE
"H_TABI04",285,0,194,0,FALSE,TRUE,FALSE
"H_TABI05",285,0,194,0,FALSE,TRUE,TRUE
"H_TABI06",285,1,194,0,FALSE,TRUE,FALSE
"H_TABI10",479,0,0,0,FALSE,FALSE,FALSE
"H_TACCRI01",477,0,2,0,FALSE,TRUE,TRUE
"H_TACCRI03",477,0,2,0,FALSE,TRUE,FALSE
"H_TACRUB02",477,0,2,0,FALSE,TRUE,FALSE
"H_TACRUB03",477,0,2,0,FALSE,TRUE,FALSE
"H_TANCAY01",477,0,2,0,FALSE,TRUE,FALSE
"H_TANCHI01",477,0,2,0,FALSE,TRUE,FALSE
"H_TANCHI02",477,0,2,0,FALSE,TRUE,FALSE
"H_TANCYA01",477,0,2,0,FALSE,TRUE,FALSE
"H_TANCYA02",477,0,2,0,FALSE,TRUE,FALSE
"H_TANDES01_Haemoproteus_nucleocentralis_",477,0,2,0,FALSE,TRUE,FALSE
"H_TANGAL01",479,0,0,0,FALSE,FALSE,FALSE
"H_TANGAL02",479,2,0,0,FALSE,FALSE,TRUE
"H_TANICT01",479,0,0,0,FALSE,FALSE,FALSE
"H_TANIG01_Haemoproteus_coatneyi",479,0,0,0,FALSE,FALSE,FALSE
"H_TANLAB01",477,0,2,0,FALSE,TRUE,FALSE
"H_TANSAY01",477,0,2,0,FALSE,TRUE,FALSE
"H_TANSCH02",479,0,0,0,FALSE,FALSE,FALSE
"H_TANVAS02_Haemoproteus_coatneyi",479,0,0,0,FALSE,FALSE,FALSE
"H_TANXAN01",477,0,2,0,FALSE,TRUE,FALSE
"H_TASCH01",478,0,1,0,FALSE,TRUE,FALSE
"H_TATHA01",479,0,0,0,FALSE,FALSE,FALSE
"H_TATTLR01",446,0,33,0,FALSE,TRUE,FALSE
"H_TAUPER01",478,0,1,0,FALSE,TRUE,FALSE
"H_TEPON01",249,0,230,0,FALSE,TRUE,FALSE
"H_TERUF01",479,0,0,0,FALSE,FALSE,FALSE
"H_TERUF03",475,0,4,0,FALSE,TRUE,FALSE
"H_TERUF04",475,0,4,0,FALSE,TRUE,FALSE
"H_TERUF05",479,0,0,0,FALSE,FALSE,FALSE
"H_TETURO01",478,0,1,0,FALSE,TRUE,FALSE
"H_TETURO02",478,0,1,0,FALSE,TRUE,FALSE
"H_TFUS16",478,0,1,0,FALSE,TRUE,FALSE
"H_THACAE05",477,0,2,0,FALSE,TRUE,FALSE
"H_THAFAN01",456,0,23,0,FALSE,TRUE,TRUE
"H_THAFUR01",477,0,2,0,FALSE,TRUE,FALSE
"H_THAFUR02",478,1,1,0,FALSE,TRUE,FALSE
"H_THAFUR03",478,1,1,0,FALSE,TRUE,FALSE
"H_THAGLA01",477,0,2,0,FALSE,TRUE,FALSE
"H_THAGLA02",477,0,2,0,FALSE,TRUE,FALSE
"H_THAMEL01",464,0,15,0,FALSE,TRUE,TRUE
"H_THASAT05",477,0,2,0,FALSE,TRUE,FALSE
"H_THASAT09",477,0,2,0,FALSE,TRUE,FALSE
"H_THASCH03",477,0,2,0,FALSE,TRUE,FALSE
"H_THATEN01",478,0,1,0,FALSE,TRUE,FALSE
"H_THATOR01",477,0,2,0,FALSE,TRUE,FALSE
"H_THATOR02",477,0,2,0,FALSE,TRUE,FALSE
"H_THRBON01",472,1,7,0,FALSE,TRUE,TRUE
"H_THRMEL01",478,0,1,0,FALSE,TRUE,FALSE
"H_THRSAY01",477,0,2,0,FALSE,TRUE,FALSE
"H_TIABIC01",479,0,0,0,FALSE,FALSE,FALSE
"H_TITCAY01",477,0,2,0,FALSE,TRUE,FALSE
"H_TITSEM01",477,0,2,0,FALSE,TRUE,FALSE
"H_TODSAN01",479,1,0,0,FALSE,FALSE,FALSE
"H_TODSUB01",479,0,0,0,FALSE,FALSE,FALSE
"H_TOFLA02",478,0,1,0,FALSE,TRUE,FALSE
"H_TOFLA03_Haemoproteus_paraortalidum",478,0,1,0,FALSE,TRUE,FALSE
"H_TOLFLA01",477,0,2,0,FALSE,TRUE,FALSE
"H_TOXCRI01",477,0,2,0,FALSE,TRUE,FALSE
"H_TOXCUR01",478,0,1,0,FALSE,TRUE,FALSE
"H_TOXLON01",478,0,1,0,FALSE,TRUE,FALSE
"H_TOXRUF01",479,1,0,0,FALSE,FALSE,FALSE
"H_TRECAP01",479,0,0,0,FALSE,FALSE,FALSE
"H_TRECAP02",479,0,0,0,FALSE,FALSE,FALSE
"H_TRECAP03",479,0,0,0,FALSE,FALSE,FALSE
"H_TRECAP04",479,0,0,0,FALSE,FALSE,FALSE
"H_TRECAP05",479,0,0,0,FALSE,FALSE,FALSE
"H_TRECAP06",479,0,0,0,FALSE,FALSE,FALSE
"H_TRECAP07",479,0,0,0,FALSE,FALSE,FALSE
"H_TRECAP08",479,0,0,0,FALSE,FALSE,FALSE
"H_TRECAP09",479,0,0,0,FALSE,FALSE,FALSE
"H_TRECAP10",479,0,0,0,FALSE,FALSE,FALSE
"H_TRIMEL03",479,0,0,0,FALSE,FALSE,FALSE
"H_TRIMEL04",479,0,0,0,FALSE,FALSE,FALSE
"H_TRMUS01",478,0,1,0,FALSE,TRUE,FALSE
"H_TROAED12",478,0,1,0,FALSE,TRUE,FALSE
"H_TROAED13",478,0,1,0,FALSE,TRUE,FALSE
"H_TROAED14",478,0,1,0,FALSE,TRUE,FALSE
"H_TROAED15",479,0,0,0,FALSE,FALSE,FALSE
"H_TROAED16",478,0,1,0,FALSE,TRUE,FALSE
"H_TROAED17",455,0,24,0,FALSE,TRUE,TRUE
"H_TROAED18",478,0,1,0,FALSE,TRUE,FALSE
"H_TROAED19_Haemoproteus_homohandai",478,0,1,0,FALSE,TRUE,FALSE
"H_TROAED20_Haemoproteus_witti",479,0,0,0,FALSE,FALSE,FALSE
"H_TROERY01_Haemoproteus_leiothrichus",479,0,0,0,FALSE,FALSE,FALSE
"H_TROERY02_Haemoproteus_homoleiothrichus",479,0,0,0,FALSE,FALSE,FALSE
"H_TUCAR01",479,0,0,0,FALSE,FALSE,FALSE
"H_TUCHR01_Haemoproteus_minutus",479,0,0,0,FALSE,FALSE,FALSE
"H_TUMER17",478,0,1,0,FALSE,TRUE,FALSE
"H_TUMIG06",479,0,0,0,FALSE,FALSE,FALSE
"H_TUMIG07",479,0,0,0,FALSE,FALSE,FALSE
"H_TUMIG08",479,0,0,0,FALSE,FALSE,FALSE
"H_TUMIG10",437,0,42,0,FALSE,TRUE,FALSE
"H_TUMIG21",478,0,1,0,FALSE,TRUE,FALSE
"H_TUPHI01_Haemoproteus_asymmetricus",479,0,0,0,FALSE,FALSE,TRUE
"H_TUPHI01_Haemoproteus_minutus",479,0,0,0,FALSE,FALSE,TRUE
"H_TURABY01",479,0,0,0,FALSE,FALSE,FALSE
"H_TURABY02",479,0,0,0,FALSE,FALSE,FALSE
"H_TURAFE02",455,0,24,0,FALSE,TRUE,FALSE
"H_TURAFE03",479,0,0,0,FALSE,FALSE,FALSE
"H_TURAMA06",477,0,2,0,FALSE,TRUE,TRUE
"H_TURASS04",479,0,0,0,FALSE,FALSE,FALSE
"H_TURASS05",479,0,0,0,FALSE,FALSE,TRUE
"H_TURBRE01",475,0,4,0,FALSE,TRUE,FALSE
"H_TURBRE02",477,0,2,0,FALSE,TRUE,FALSE
"H_TURBRE03",477,0,2,0,FALSE,TRUE,FALSE
"H_TURDUS2_Haemoproteus_minutus",479,0,0,0,FALSE,FALSE,FALSE
"H_TURFLA02",477,0,2,0,FALSE,TRUE,FALSE
"H_TURFUL01",477,0,2,0,FALSE,TRUE,FALSE
"H_TURGRA01",478,0,1,0,FALSE,TRUE,FALSE
"H_TURGUL01",249,0,230,0,FALSE,TRUE,TRUE
"H_TURINF01",479,0,0,0,FALSE,FALSE,FALSE
"H_TURMER01",479,0,0,0,FALSE,FALSE,FALSE
"H_TURMER02",479,0,0,0,FALSE,FALSE,FALSE
"H_TURMER08",478,0,1,0,FALSE,TRUE,FALSE
"H_TURMER17",438,0,41,0,FALSE,TRUE,FALSE
"H_TURMIG02",477,0,2,0,FALSE,TRUE,FALSE
"H_TURMIG15",477,0,2,0,FALSE,TRUE,FALSE
"H_TURMIG22",477,0,2,0,FALSE,TRUE,FALSE
"H_TUROLI05",479,2,0,0,FALSE,FALSE,FALSE
"H_TURPLE01",479,0,0,0,FALSE,FALSE,FALSE
"H_TURREI01",479,0,0,0,FALSE,FALSE,FALSE
"H_TURREI02",479,0,0,0,FALSE,FALSE,FALSE
"H_TURSTR01",305,4,174,0,FALSE,TRUE,TRUE
"H_TURSTR02",479,0,0,0,FALSE,FALSE,FALSE
"H_TURSTR03",479,0,0,0,FALSE,FALSE,TRUE
"H_TURTYM01_Haemoproteus_multivolutinus",389,0,90,0,FALSE,TRUE,TRUE
"H_TURTYM02",479,0,0,0,FALSE,FALSE,TRUE
"H_TURUF02",478,0,1,0,FALSE,TRUE,FALSE
"H_TUSW06",423,0,56,0,FALSE,TRUE,TRUE
"H_TUSW08",423,0,56,0,FALSE,TRUE,FALSE
"H_TYLEDU01",479,0,0,0,FALSE,FALSE,FALSE
"H_TYLEDU04",479,0,0,0,FALSE,FALSE,FALSE
"H_TYRCOU01",478,0,1,0,FALSE,TRUE,FALSE
"H_TYRMEL01",477,0,2,0,FALSE,TRUE,FALSE
"H_TYRVOC01",478,0,1,0,FALSE,TRUE,FALSE
"H_TYRVOC03",478,0,1,0,FALSE,TRUE,FALSE
"H_TYTAL1",432,0,47,0,FALSE,TRUE,TRUE
"H_TYTAL10",474,0,5,0,FALSE,TRUE,FALSE
"H_TYTAL11",474,0,5,0,FALSE,TRUE,FALSE
"H_TYTAL2",432,0,47,0,FALSE,TRUE,TRUE
"H_TYTAL3",479,0,0,0,FALSE,FALSE,FALSE
"H_TYTAL4",479,0,0,0,FALSE,FALSE,TRUE
"H_TYTAL5",479,0,0,0,FALSE,FALSE,FALSE
"H_TYTAL6",479,0,0,0,FALSE,FALSE,FALSE
"H_TYTAL7",479,0,0,0,FALSE,FALSE,FALSE
"H_TYTAL8",479,0,0,0,FALSE,FALSE,TRUE
"H_TYTAL9",474,0,5,0,FALSE,TRUE,FALSE
"H_URAANG01",479,0,0,0,FALSE,FALSE,FALSE
"H_URAANG02",479,0,0,0,FALSE,FALSE,FALSE
"H_URABEN01",415,0,64,0,FALSE,TRUE,FALSE
"H_URANG01",479,0,0,0,FALSE,FALSE,FALSE
"H_URANO01",341,0,138,0,FALSE,TRUE,FALSE
"H_URANO02",479,0,0,0,FALSE,FALSE,FALSE
"H_VANCUR01",479,0,0,0,FALSE,FALSE,FALSE
"H_VASUN1",479,0,0,0,FALSE,FALSE,FALSE
"H_VENCAL01",450,0,29,0,FALSE,TRUE,FALSE
"H_VIALT01",479,1,0,0,FALSE,FALSE,FALSE
"H_VIDUA01",389,0,90,0,FALSE,TRUE,FALSE
"H_VIGIL01_Haemoproteus_vireonis",479,0,0,0,FALSE,FALSE,FALSE
"H_VIGIL03",478,0,1,0,FALSE,TRUE,FALSE
"H_VIGIL04",478,0,1,0,FALSE,TRUE,FALSE
"H_VIGIL05",478,0,1,0,FALSE,TRUE,FALSE
"H_VIGIL06",438,0,41,0,FALSE,TRUE,FALSE
"H_VIGIL07",478,0,1,0,FALSE,TRUE,FALSE
"H_VIGIL08",479,0,0,0,FALSE,FALSE,FALSE
"H_VIGIL09",479,0,0,0,FALSE,FALSE,FALSE
"H_VIGIL10",479,0,0,0,FALSE,FALSE,FALSE
"H_VIGRI01",294,0,185,0,FALSE,TRUE,TRUE
"H_VIGRI02",479,1,0,0,FALSE,FALSE,FALSE
"H_VIGRI04",479,0,0,0,FALSE,FALSE,FALSE
"H_VILEU01",438,0,41,0,FALSE,TRUE,FALSE
"H_VILWE04",479,0,0,0,FALSE,FALSE,FALSE
"H_VILWE1_Haemoproteus_micronuclearis",479,0,0,0,FALSE,FALSE,FALSE
"H_VILWE2",479,0,0,0,FALSE,FALSE,FALSE
"H_VILWE3",479,0,0,0,FALSE,FALSE,FALSE
"H_VIMWE1",479,0,0,0,FALSE,FALSE,FALSE
"H_VIOLI01",479,1,0,0,FALSE,FALSE,FALSE
"H_VIOLI02",479,3,0,0,FALSE,FALSE,TRUE
"H_VIOLI04",479,0,0,0,FALSE,FALSE,FALSE
"H_VIOLI05_Haemoproteus_vireonis",479,0,0,0,FALSE,FALSE,FALSE
"H_VIOLI06_Haemoproteus_vireonis",479,0,0,0,FALSE,FALSE,FALSE
"H_VIOLI08",479,0,0,0,FALSE,FALSE,FALSE
"H_VIOLI09",479,0,0,0,FALSE,FALSE,FALSE
"H_VIOLI10",479,0,0,0,FALSE,FALSE,FALSE
"H_VIOLI11",479,0,0,0,FALSE,FALSE,TRUE
"H_VIOLI12",479,0,0,0,FALSE,FALSE,FALSE
"H_VIOLI13",479,0,0,0,FALSE,FALSE,FALSE
"H_VIOLI14",479,1,0,0,FALSE,FALSE,FALSE
"H_VIOLI15",228,0,251,0,FALSE,TRUE,FALSE
"H_VIOLI16",479,0,0,0,FALSE,FALSE,FALSE
"H_VIOLI17",441,0,38,0,FALSE,TRUE,FALSE
"H_VIOLI18",478,0,1,0,FALSE,TRUE,FALSE
"H_VIRBEL01",477,0,2,0,FALSE,TRUE,FALSE
"H_VIRBEL02",477,0,2,0,FALSE,TRUE,FALSE
"H_VIRCRA01",479,0,0,0,FALSE,FALSE,FALSE
"H_VIRFLA01",479,0,0,0,FALSE,FALSE,FALSE
"H_VIRFLA02",228,0,251,0,FALSE,TRUE,FALSE
"H_VIRFLA03",222,0,257,0,FALSE,TRUE,FALSE
"H_VIRFLA05",479,0,0,0,FALSE,FALSE,FALSE
"H_VIRFLA06",475,0,4,0,FALSE,TRUE,FALSE
"H_VIRGRI01",478,0,1,0,FALSE,TRUE,FALSE
"H_VIRHUT01",477,0,2,0,FALSE,TRUE,TRUE
"H_VIRHUT03",477,1,2,0,FALSE,TRUE,FALSE
"H_VIRHUT04",478,0,1,0,FALSE,TRUE,FALSE
"H_VIROLI01",477,0,2,0,FALSE,TRUE,FALSE
"H_VIROLI02",477,0,2,0,FALSE,TRUE,FALSE
"H_VIROLI03",477,0,2,1,TRUE,TRUE,FALSE
"H_VIROLI04",478,0,1,0,FALSE,TRUE,FALSE
"H_VIRPLU01",478,0,1,0,FALSE,TRUE,FALSE
"H_VIRPLU03",478,0,1,0,FALSE,TRUE,FALSE
"H_VIRPLU04",478,0,1,0,FALSE,TRUE,FALSE
"H_VIRPLU07",470,0,9,0,FALSE,TRUE,FALSE
"H_VIRPLU08",478,0,1,0,FALSE,TRUE,FALSE
"H_VIRPLU09",478,0,1,0,FALSE,TRUE,FALSE
"H_WILPUS01",478,0,1,0,FALSE,TRUE,FALSE
"H_WILPUS02",477,0,2,0,FALSE,TRUE,FALSE
"H_WILPUS03",477,0,2,0,FALSE,TRUE,FALSE
"H_WW1_Haemoproteus_palloris",478,0,1,0,FALSE,TRUE,FALSE
"H_WW14",450,0,29,0,FALSE,TRUE,FALSE
"H_WW2_Haemoproteus_majoris",479,0,0,0,FALSE,FALSE,FALSE
"H_WW5",479,0,0,0,FALSE,FALSE,FALSE
"H_XANFLA01",479,0,0,0,FALSE,FALSE,FALSE
"H_XANFLA02",479,0,0,0,FALSE,FALSE,FALSE
"H_XANFLA03",479,0,0,0,FALSE,FALSE,FALSE
"H_XANZOS01",479,0,0,0,FALSE,FALSE,FALSE
"H_XANZOS02",479,0,0,0,FALSE,FALSE,FALSE
"H_XENHOL01",479,0,0,0,FALSE,FALSE,FALSE
"H_XENMIN01",477,0,2,0,FALSE,TRUE,FALSE
"H_XIPALB01",477,0,2,0,FALSE,TRUE,FALSE
"H_XIPELE01",477,0,2,0,FALSE,TRUE,FALSE
"H_XIPELE03",478,0,1,0,FALSE,TRUE,FALSE
"H_XIPELE04",478,0,1,0,FALSE,TRUE,FALSE
"H_XIPELE05",478,0,1,0,FALSE,TRUE,FALSE
"H_XIPELE06",464,0,15,0,FALSE,TRUE,FALSE
"H_XIPOBS01",477,0,2,0,FALSE,TRUE,FALSE
"H_XIPOCE02",477,0,2,0,FALSE,TRUE,FALSE
"H_XOLPYR01",477,0,2,0,FALSE,TRUE,FALSE
"H_XOLPYR02",479,0,0,0,FALSE,FALSE,FALSE
"H_YEWE1",479,0,0,0,FALSE,FALSE,FALSE
"H_YEWE2",479,0,0,0,FALSE,FALSE,FALSE
"H_YUFLA01",326,0,153,0,FALSE,TRUE,FALSE
"H_YUFLA02",326,0,153,0,FALSE,TRUE,FALSE
"H_YUFLA03",326,0,153,0,FALSE,TRUE,FALSE
"H_YWT1_Haemoproteus_motacillae",479,0,0,0,FALSE,FALSE,FALSE
"H_YWT2_Haemoproteus_motacillae",473,0,6,0,FALSE,TRUE,FALSE
"H_YWT3_Haemoproteus_motacillae",479,0,0,0,FALSE,FALSE,FALSE
"H_YWT5_Haemoproteus_motacillae",479,0,0,0,FALSE,FALSE,FALSE
"H_YWT6_Haemoproteus_motacillae",455,0,24,0,FALSE,TRUE,FALSE
"H_YWT7",474,0,5,0,FALSE,TRUE,FALSE
"H_ZEAUR01",347,0,132,0,FALSE,TRUE,FALSE
"H_ZEAUR02",347,0,132,0,FALSE,TRUE,FALSE
"H_ZEAUR03",347,3,132,0,FALSE,TRUE,FALSE
"H_ZEAUR04",347,1,132,0,FALSE,TRUE,FALSE
"H_ZEAUR05",479,0,0,0,FALSE,FALSE,FALSE
"H_ZEAUR06_Haemoproteus_multipigmentatus",411,0,68,0,FALSE,TRUE,FALSE
"H_ZEAUR07",479,0,0,0,FALSE,FALSE,FALSE
"H_ZEGAL01",347,0,132,0,FALSE,TRUE,FALSE
"H_ZEGAL02",347,0,132,0,FALSE,TRUE,FALSE
"H_ZEGAL03",347,6,132,0,FALSE,TRUE,TRUE
"H_ZEGAL04",347,0,132,0,FALSE,TRUE,TRUE
"H_ZEGAL05_Haemoproteus_multipigmentatus",479,0,0,0,FALSE,FALSE,FALSE
"H_ZEGAL06_Haemoproteus_multipigmentatus",388,0,91,0,FALSE,TRUE,TRUE
"H_ZEGAL07_Haemoproteus_multipigmentatus",457,0,22,0,FALSE,TRUE,TRUE
"H_ZEGAL08",479,1,0,0,FALSE,FALSE,FALSE
"H_ZEMAC02",479,0,0,0,FALSE,FALSE,FALSE
"H_ZEMAC03",479,0,0,0,FALSE,FALSE,FALSE
"H_ZEMAC05",479,0,0,0,FALSE,FALSE,FALSE
"H_ZEMAC08",372,0,107,0,FALSE,TRUE,FALSE
"H_ZEMAC09",372,0,107,0,FALSE,TRUE,FALSE
"H_ZEMAC10",382,0,97,0,FALSE,TRUE,FALSE
"H_ZEMAC11",479,0,0,0,FALSE,FALSE,FALSE
"H_ZEMAC12",479,0,0,0,FALSE,FALSE,FALSE
"H_ZEMAC13",479,0,0,0,FALSE,FALSE,FALSE
"H_ZEMAC14",479,0,0,0,FALSE,FALSE,FALSE
"H_ZEMAC15",479,0,0,0,FALSE,FALSE,FALSE
"H_ZEMAC16",476,0,3,0,FALSE,TRUE,FALSE
"H_ZENAUR01",477,0,2,0,FALSE,TRUE,FALSE
"H_ZENAUR02",477,0,2,0,FALSE,TRUE,FALSE
"H_ZENAUR03",477,0,2,0,FALSE,TRUE,FALSE
"H_ZIMVIR01",478,0,1,0,FALSE,TRUE,FALSE
"H_ZOCAP01_Haemoproteus_erythrogravidus",479,0,0,0,FALSE,FALSE,FALSE
"H_ZOCAP02",462,0,17,0,FALSE,TRUE,FALSE
"H_ZOCAP08",479,0,0,0,FALSE,FALSE,TRUE
"H_ZOCAP13_Haemoproteus_coatneyi",479,0,0,0,FALSE,FALSE,FALSE
"H_ZOCAP14_Haemoproteus_erythrogravidus",479,0,0,0,FALSE,FALSE,TRUE
"H_ZOCAP15",478,0,1,0,FALSE,TRUE,FALSE
"H_ZOCAP17",479,0,0,0,FALSE,FALSE,FALSE
"H_ZOCAP18",479,0,0,0,FALSE,FALSE,FALSE
"H_ZOCAP19",479,0,0,0,FALSE,FALSE,TRUE
"H_ZOCAP21",479,0,0,0,FALSE,FALSE,FALSE
"H_ZOMON01",464,0,15,0,FALSE,TRUE,TRUE
"H_ZONALB01_Haemoproteus_fringillae",361,0,118,0,FALSE,TRUE,TRUE
"H_ZONALB15",477,0,2,0,FALSE,TRUE,FALSE
"H_ZONALB40",477,0,2,0,FALSE,TRUE,FALSE
"H_ZONATR01",477,0,2,0,FALSE,TRUE,FALSE
"H_ZONCAP01",477,0,2,0,FALSE,TRUE,FALSE
"H_ZONCAP02",477,0,2,0,FALSE,TRUE,FALSE
"H_ZOODAU01",479,0,0,0,FALSE,FALSE,FALSE
"H_ZOOLUN01",479,0,0,0,FALSE,FALSE,FALSE
"H_ZOSFLA01",305,0,174,0,FALSE,TRUE,TRUE
"H_ZOSFLA02",305,0,174,0,FALSE,TRUE,FALSE
"H_ZOSFLA03",305,0,174,0,FALSE,TRUE,FALSE
"H_ZOSFLA04",312,0,167,0,FALSE,TRUE,FALSE
"H_ZOSFUS01",479,0,0,0,FALSE,FALSE,FALSE
"H_ZOSFUS02",479,0,0,0,FALSE,FALSE,FALSE
"H_ZOSGRI01",479,0,0,0,FALSE,FALSE,FALSE
"H_ZOSJAP01",476,0,3,0,FALSE,TRUE,FALSE
"H_ZOSJAP02",479,0,0,0,FALSE,FALSE,FALSE
"H_ZOSLAT01",305,1,174,0,FALSE,TRUE,FALSE
"H_ZOSLAT04_Haemoproteus_zosteropis",479,0,0,0,FALSE,FALSE,TRUE
"H_ZOSLAT05",479,0,0,0,FALSE,FALSE,FALSE
"H_ZOSLAT07_Haemoproteus_killangoi",479,0,0,0,FALSE,FALSE,FALSE
"H_ZOSLAT08",450,0,29,0,FALSE,TRUE,FALSE
"H_ZOSLAT10_Haemoproteus_killangoi",450,0,29,0,FALSE,TRUE,FALSE
"H_ZOSLAT11_Haemoproteus_zosteropis",447,0,32,0,FALSE,TRUE,TRUE
"H_ZOSLUG01",479,0,0,0,FALSE,FALSE,TRUE
"H_ZOSLUG02",442,0,37,0,FALSE,TRUE,TRUE
"H_ZOSLUG03",442,0,37,0,FALSE,TRUE,FALSE
"H_ZOSMAD01_Haemoproteus_killangoi",479,0,0,0,FALSE,FALSE,FALSE
"H_ZOSMAD02",479,0,0,0,FALSE,FALSE,FALSE
"H_ZOSPAL01",305,0,174,0,FALSE,TRUE,TRUE
"H_ZOSPAL02",458,0,21,0,FALSE,TRUE,TRUE
"H_ZOSPAL03",479,0,0,0,FALSE,FALSE,FALSE
"H_ZOSPAL04",479,0,0,0,FALSE,FALSE,FALSE
"H_ZOSPAL05",479,0,0,0,FALSE,FALSE,FALSE
"H_ZOSPAL06",476,0,3,0,FALSE,TRUE,TRUE
"H_ZOSPAL07",479,0,0,0,FALSE,FALSE,TRUE
"H_ZOSPAL08",479,0,0,0,FALSE,FALSE,FALSE
"H_ZOSSEN02",305,3,174,0,FALSE,TRUE,FALSE
"H_ZOSSTE01_Haemoproteus_zosteropis",479,0,0,0,FALSE,FALSE,FALSE
"H_ZOSXAN02_Haemoproteus_zosteropis",465,0,14,0,FALSE,TRUE,TRUE
"H_ZOSXAN03_Haemoproteus_killangoi",450,0,29,0,FALSE,TRUE,FALSE
"L_ACAFLA01",479,0,0,0,FALSE,FALSE,FALSE
"L_ACAFLA02",479,0,0,0,FALSE,FALSE,TRUE
"L_ACAFLA03",479,0,0,0,FALSE,FALSE,TRUE
"L_ACAFLA04",479,0,0,0,FALSE,FALSE,FALSE
"L_ACAFLA05",479,0,0,0,FALSE,FALSE,FALSE
"L_ACAFLA06",479,0,0,0,FALSE,FALSE,FALSE
"L_ACAFLA07",479,0,0,0,FALSE,FALSE,FALSE
"L_ACCBRE01",361,0,118,0,FALSE,TRUE,TRUE
"L_ACCBRE02",479,0,0,0,FALSE,FALSE,TRUE
"L_ACCBRE03",479,0,0,0,FALSE,FALSE,FALSE
"L_ACCCOO03",477,0,2,0,FALSE,TRUE,FALSE
"L_ACCFRA01_Leucocytozoon_toddi",464,0,15,0,FALSE,TRUE,FALSE
"L_ACCFRA02",479,0,0,0,FALSE,FALSE,FALSE
"L_ACCGEN01",479,0,0,0,FALSE,FALSE,FALSE
"L_ACCGEN02",479,0,0,0,FALSE,FALSE,FALSE
"L_ACCGEN03",479,0,0,0,FALSE,FALSE,FALSE
"L_ACCGEN04",478,0,1,0,FALSE,TRUE,FALSE
"L_ACCGEN05",478,0,1,0,FALSE,TRUE,FALSE
"L_ACCGEN07",478,0,1,0,FALSE,TRUE,FALSE
"L_ACCNIS04",479,0,0,0,FALSE,FALSE,FALSE
"L_ACCOP01_Leucocytozoon_mathisi",479,0,0,0,FALSE,FALSE,FALSE
"L_ACCTRI01",476,0,3,0,FALSE,TRUE,FALSE
"L_ACNI02",479,0,0,0,FALSE,FALSE,FALSE
"L_ACNI03",479,0,0,0,FALSE,FALSE,FALSE
"L_ACNI04_Leucocytozoon_mathisi",479,0,0,0,FALSE,FALSE,FALSE
"L_ACNI05",478,0,1,0,FALSE,TRUE,FALSE
"L_ACNI06",478,0,1,0,FALSE,TRUE,FALSE
"L_ACNI07",478,0,1,0,FALSE,TRUE,FALSE
"L_ACNI08",478,0,1,0,FALSE,TRUE,FALSE
"L_ACNI1",478,1,1,0,FALSE,TRUE,FALSE
"L_ACTLIN04",464,0,15,0,FALSE,TRUE,FALSE
"L_ACTLIN05",464,0,15,0,FALSE,TRUE,FALSE
"L_ACTLIN06",464,0,15,0,FALSE,TRUE,FALSE
"L_ACTLIN07",464,0,15,0,FALSE,TRUE,FALSE
"L_AEFUN02",479,0,0,0,FALSE,FALSE,FALSE
"L_AEGACA01",477,0,2,0,FALSE,TRUE,FALSE
"L_AEGCAU03",432,0,47,0,FALSE,TRUE,TRUE
"L_AEGCAU04",432,0,47,0,FALSE,TRUE,FALSE
"L_AEMO02",479,0,0,0,FALSE,FALSE,FALSE
"L_AFR154",478,0,1,0,FALSE,TRUE,FALSE
"L_AFR155",478,0,1,0,FALSE,TRUE,FALSE
"L_AFR156",478,0,1,0,FALSE,TRUE,FALSE
"L_AFR157",478,0,1,0,FALSE,TRUE,FALSE
"L_AFR158",460,0,19,0,FALSE,TRUE,FALSE
"L_AFR159",476,0,3,0,FALSE,TRUE,FALSE
"L_AFR161",478,0,1,0,FALSE,TRUE,FALSE
"L_AFR162",478,0,1,0,FALSE,TRUE,FALSE
"L_AFR163",478,0,1,0,FALSE,TRUE,FALSE
"L_AFR164",478,0,1,0,FALSE,TRUE,FALSE
"L_AFR165",478,0,1,0,FALSE,TRUE,FALSE
"L_AFR166",476,0,3,0,FALSE,TRUE,FALSE
"L_AFR167",386,0,93,0,FALSE,TRUE,FALSE
"L_AFR168",478,0,1,0,FALSE,TRUE,FALSE
"L_AFR169",473,0,6,0,FALSE,TRUE,FALSE
"L_AFR170",478,0,1,0,FALSE,TRUE,FALSE
"L_AFR172",478,0,1,0,FALSE,TRUE,FALSE
"L_AFR173",476,0,3,0,FALSE,TRUE,FALSE
"L_AFR174",476,0,3,0,FALSE,TRUE,FALSE
"L_AFR175",476,0,3,0,FALSE,TRUE,FALSE
"L_AFR176",476,0,3,0,FALSE,TRUE,TRUE
"L_AFR177",476,0,3,0,FALSE,TRUE,FALSE
"L_AFR178",476,0,3,0,FALSE,TRUE,FALSE
"L_AFR179",476,0,3,0,FALSE,TRUE,FALSE
"L_AFR180",476,0,3,0,FALSE,TRUE,FALSE
"L_AFR181",476,0,3,0,FALSE,TRUE,FALSE
"L_AFR182",476,0,3,0,FALSE,TRUE,FALSE
"L_AFR183",476,0,3,0,FALSE,TRUE,FALSE
"L_AFR184",476,0,3,0,FALSE,TRUE,FALSE
"L_AFR185",476,0,3,0,FALSE,TRUE,FALSE
"L_AFR186",476,0,3,0,FALSE,TRUE,FALSE
"L_AFR187",476,0,3,0,FALSE,TRUE,FALSE
"L_AFR188",476,0,3,0,FALSE,TRUE,FALSE
"L_AFR189",476,0,3,0,FALSE,TRUE,FALSE
"L_AFR190",476,0,3,0,FALSE,TRUE,FALSE
"L_AFR191",476,0,3,0,FALSE,TRUE,FALSE
"L_AFR192",476,0,3,0,FALSE,TRUE,FALSE
"L_AFR193",476,0,3,0,FALSE,TRUE,FALSE
"L_AFR194",476,0,3,0,FALSE,TRUE,FALSE
"L_AFR195",476,0,3,0,FALSE,TRUE,FALSE
"L_AFR196",476,0,3,0,FALSE,TRUE,FALSE
"L_AFR197",476,0,3,0,FALSE,TRUE,FALSE
"L_AFR198",476,0,3,0,FALSE,TRUE,FALSE
"L_AFR199",476,0,3,0,FALSE,TRUE,FALSE
"L_AFR200",476,0,3,0,FALSE,TRUE,FALSE
"L_AFR201",476,0,3,0,FALSE,TRUE,FALSE
"L_AFR202",476,0,3,0,FALSE,TRUE,FALSE
"L_AFR203",476,0,3,0,FALSE,TRUE,FALSE
"L_AFR204",476,0,3,0,FALSE,TRUE,FALSE
"L_AFR205",479,0,0,0,FALSE,FALSE,FALSE
"L_AFR206",476,0,3,0,FALSE,TRUE,FALSE
"L_AFR207",476,0,3,0,FALSE,TRUE,FALSE
"L_AFR208",476,0,3,0,FALSE,TRUE,FALSE
"L_AFR209",476,0,3,0,FALSE,TRUE,FALSE
"L_AFR210",476,0,3,0,FALSE,TRUE,FALSE
"L_AFR211",478,0,1,0,FALSE,TRUE,FALSE
"L_AFR212",476,0,3,0,FALSE,TRUE,FALSE
"L_AFR214",476,0,3,0,FALSE,TRUE,FALSE
"L_AFR215",478,0,1,0,FALSE,TRUE,FALSE
"L_AFR218",476,0,3,0,FALSE,TRUE,FALSE
"L_AFR219",476,0,3,0,FALSE,TRUE,FALSE
"L_AFR220",478,0,1,0,FALSE,TRUE,FALSE
"L_AFR222",478,0,1,0,FALSE,TRUE,FALSE
"L_AFR223",478,0,1,0,FALSE,TRUE,FALSE
"L_AFR224",476,0,3,0,FALSE,TRUE,FALSE
"L_AFR225",476,0,3,0,FALSE,TRUE,FALSE
"L_AFR226",476,0,3,0,FALSE,TRUE,FALSE
"L_AFR227",476,0,3,0,FALSE,TRUE,FALSE
"L_AFR228",476,0,3,0,FALSE,TRUE,FALSE
"L_AFR229",476,0,3,0,FALSE,TRUE,FALSE
"L_AFR230",476,0,3,0,FALSE,TRUE,FALSE
"L_AFR231",478,0,1,0,FALSE,TRUE,FALSE
"L_AFR232",478,0,1,0,FALSE,TRUE,FALSE
"L_AFR233",476,0,3,0,FALSE,TRUE,FALSE
"L_AFR234",476,0,3,0,FALSE,TRUE,FALSE
"L_AFR235",476,0,3,0,FALSE,TRUE,FALSE
"L_AFR236",458,0,21,0,FALSE,TRUE,FALSE
"L_AFR237",458,0,21,0,FALSE,TRUE,FALSE
"L_AFR238",458,0,21,0,FALSE,TRUE,TRUE
"L_AFR239",458,0,21,0,FALSE,TRUE,FALSE
"L_AFR241",458,0,21,0,FALSE,TRUE,TRUE
"L_AFR242",458,0,21,0,FALSE,TRUE,FALSE
"L_AFR243",458,0,21,0,FALSE,TRUE,FALSE
"L_AFR244",458,0,21,0,FALSE,TRUE,FALSE
"L_AFR245",458,0,21,0,FALSE,TRUE,FALSE
"L_AFR246",458,0,21,0,FALSE,TRUE,FALSE
"L_AFR247",458,0,21,0,FALSE,TRUE,FALSE
"L_AFR248",458,0,21,0,FALSE,TRUE,FALSE
"L_AFR251",433,0,46,0,FALSE,TRUE,FALSE
"L_AFTRU1",479,0,0,0,FALSE,FALSE,FALSE
"L_AFTRU2",479,0,0,0,FALSE,FALSE,FALSE
"L_AFTRU3",479,0,0,0,FALSE,FALSE,FALSE
"L_AILMEL01",479,0,0,0,FALSE,FALSE,FALSE
"L_AIXGAL01",479,0,0,0,FALSE,FALSE,FALSE
"L_AIXSPO02",477,0,2,0,FALSE,TRUE,FALSE
"L_AKGPL03",425,0,54,0,FALSE,TRUE,TRUE
"L_AKGPL04",425,0,54,0,FALSE,TRUE,FALSE
"L_AKGPL05",425,0,54,0,FALSE,TRUE,FALSE
"L_AKGPL06",425,0,54,0,FALSE,TRUE,FALSE
"L_AKGPL07",425,0,54,0,FALSE,TRUE,FALSE
"L_AKGPL08",425,0,54,0,FALSE,TRUE,FALSE
"L_AKGPL09",425,0,54,0,FALSE,TRUE,FALSE
"L_AKGPL10",425,0,54,0,FALSE,TRUE,FALSE
"L_AKGPL11",425,0,54,0,FALSE,TRUE,FALSE
"L_AKGPL12",425,0,54,0,FALSE,TRUE,FALSE
"L_AKGPL13",425,0,54,0,FALSE,TRUE,FALSE
"L_AKGPL14",425,0,54,0,FALSE,TRUE,FALSE
"L_ALEMAD01",479,0,0,0,FALSE,FALSE,FALSE
"L_ANACRE02",479,0,0,0,FALSE,FALSE,TRUE
"L_ANACRE04",476,0,3,0,FALSE,TRUE,FALSE
"L_ANACU01",358,0,121,0,FALSE,TRUE,FALSE
"L_ANACU02",358,0,121,0,FALSE,TRUE,TRUE
"L_ANACU03",358,0,121,0,FALSE,TRUE,FALSE
"L_ANACU04",479,0,0,0,FALSE,FALSE,FALSE
"L_ANACU05",358,0,121,0,FALSE,TRUE,FALSE
"L_ANACU06",358,0,121,0,FALSE,TRUE,FALSE
"L_ANACU07",358,0,121,0,FALSE,TRUE,FALSE
"L_ANACU08",358,0,121,0,FALSE,TRUE,FALSE
"L_ANAHAR01",476,0,3,0,FALSE,TRUE,FALSE
"L_ANAHAR02",476,0,3,0,FALSE,TRUE,FALSE
"L_ANAPLA01",477,0,2,0,FALSE,TRUE,FALSE
"L_ANARUB01",414,0,65,0,FALSE,TRUE,FALSE
"L_ANARUB02",449,0,30,0,FALSE,TRUE,FALSE
"L_ANASTR01",477,0,2,0,FALSE,TRUE,FALSE
"L_ANIIGN02",478,0,1,0,FALSE,TRUE,FALSE
"L_ANILA01",476,0,3,0,FALSE,TRUE,FALSE
"L_ANILAC01",478,0,1,0,FALSE,TRUE,FALSE
"L_ANLAT10",479,0,0,0,FALSE,FALSE,FALSE
"L_ANLAT11",479,0,0,0,FALSE,FALSE,FALSE
"L_ANLAT12",479,0,0,0,FALSE,FALSE,FALSE
"L_ANLAT13",444,0,35,0,FALSE,TRUE,FALSE
"L_ANLAT14",479,0,0,0,FALSE,FALSE,FALSE
"L_ANLAT15",446,0,33,0,FALSE,TRUE,FALSE
"L_ANLAT16",479,0,0,0,FALSE,FALSE,FALSE
"L_ANLAT17",476,0,3,0,FALSE,TRUE,FALSE
"L_ANLAT18",476,0,3,0,FALSE,TRUE,FALSE
"L_ANLAT19",436,0,43,0,FALSE,TRUE,FALSE
"L_ANSCAN03",427,0,52,0,FALSE,TRUE,FALSE
"L_ANSCAN04",366,0,113,0,FALSE,TRUE,FALSE
"L_ANSCAN05",414,0,65,0,FALSE,TRUE,FALSE
"L_ANSFAB01",479,0,0,0,FALSE,FALSE,TRUE
"L_ANTHOD02",432,0,47,0,FALSE,TRUE,FALSE
"L_ANTRUB01",479,0,0,0,FALSE,FALSE,FALSE
"L_ANTRUB02",479,0,0,0,FALSE,FALSE,FALSE
"L_ANTTRI02",454,0,25,0,FALSE,TRUE,TRUE
"L_APHCAL01",476,0,3,0,FALSE,TRUE,FALSE
"L_APHWOO01",476,0,3,0,FALSE,TRUE,FALSE
"L_APSPI04",424,0,55,0,FALSE,TRUE,TRUE
"L_APSPI05",447,0,32,0,FALSE,TRUE,TRUE
"L_APSPI06",478,0,1,0,FALSE,TRUE,FALSE
"L_APSPI07",478,0,1,0,FALSE,TRUE,FALSE
"L_APSPI08",478,0,1,0,FALSE,TRUE,FALSE
"L_APSPI09",478,0,1,0,FALSE,TRUE,FALSE
"L_APSPI10",478,0,1,0,FALSE,TRUE,FALSE
"L_APSPI11",478,0,1,0,FALSE,TRUE,FALSE
"L_APSPI12",478,0,1,0,FALSE,TRUE,TRUE
"L_ARITEP02",478,0,1,0,FALSE,TRUE,FALSE
"L_ARRBRU01",479,0,0,0,FALSE,FALSE,FALSE
"L_ARRBRU02",479,0,0,0,FALSE,FALSE,FALSE
"L_ARRTOR02",477,0,2,0,FALSE,TRUE,FALSE
"L_ARRTOR03",477,0,2,0,FALSE,TRUE,FALSE
"L_ARRTOR04",478,1,1,0,FALSE,TRUE,FALSE
"L_ARRTOR05",479,0,0,0,FALSE,FALSE,FALSE
"L_ASIFLA01",479,0,0,0,FALSE,FALSE,FALSE
"L_ASIOTU02",479,0,0,0,FALSE,FALSE,FALSE
"L_ASIOTU03",479,0,0,0,FALSE,FALSE,FALSE
"L_ASOT06",479,0,0,0,FALSE,FALSE,FALSE
"L_ASOT1",479,0,0,0,FALSE,FALSE,FALSE
"L_ASOT2",479,0,0,0,FALSE,FALSE,FALSE
"L_ASOT3",479,0,0,0,FALSE,FALSE,FALSE
"L_ASOT4",474,0,5,0,FALSE,TRUE,FALSE
"L_ASTHUM01",478,0,1,0,FALSE,TRUE,FALSE
"L_ATALB01",476,0,3,0,FALSE,TRUE,FALSE
"L_ATALB02",476,0,3,0,FALSE,TRUE,FALSE
"L_ATBRU01",476,0,3,0,FALSE,TRUE,FALSE
"L_ATLLAT03",477,0,2,0,FALSE,TRUE,FALSE
"L_ATLSCH01",478,0,1,0,FALSE,TRUE,FALSE
"L_ATLSCH02",478,0,1,0,FALSE,TRUE,FALSE
"L_ATLSEE01",451,0,28,0,FALSE,TRUE,FALSE
"L_ATNO1",432,0,47,0,FALSE,TRUE,FALSE
"L_ATPAL01",476,0,3,0,FALSE,TRUE,FALSE
"L_ATSCHI01",476,1,3,0,FALSE,TRUE,FALSE
"L_AULPRA01",477,0,2,0,FALSE,TRUE,FALSE
"L_AULPRA02",477,0,2,0,FALSE,TRUE,FALSE
"L_AULPRA03",477,0,2,0,FALSE,TRUE,FALSE
"L_AYTAFF01",477,0,2,0,FALSE,TRUE,FALSE
"L_AYTAFF03",477,3,2,0,FALSE,TRUE,FALSE
"L_AYTCOL01",477,0,2,0,FALSE,TRUE,FALSE
"L_BAEBIC07",477,0,2,0,FALSE,TRUE,FALSE
"L_BAEBIC09",477,0,2,0,FALSE,TRUE,FALSE
"L_BAREGI01",474,0,5,0,FALSE,TRUE,FALSE
"L_BAREGI02",474,0,5,0,FALSE,TRUE,FALSE
"L_BASLUT01",478,0,1,0,FALSE,TRUE,FALSE
"L_BASLUT02",478,0,1,0,FALSE,TRUE,FALSE
"L_BASLUT04",451,0,28,0,FALSE,TRUE,FALSE
"L_BASTRI02",448,1,31,0,FALSE,TRUE,FALSE
"L_BGR1",479,0,0,0,FALSE,FALSE,FALSE
"L_BGR2",467,0,12,0,FALSE,TRUE,FALSE
"L_BGR3",467,0,12,0,FALSE,TRUE,FALSE
"L_BNOW04",479,0,0,0,FALSE,FALSE,FALSE
"L_BOMCED02",479,0,0,0,FALSE,FALSE,FALSE
"L_BOMGAR01",479,0,0,0,FALSE,FALSE,FALSE
"L_BOTSTEL01",476,0,3,0,FALSE,TRUE,FALSE
"L_BRALEP01",479,0,0,0,FALSE,FALSE,FALSE
"L_BRAM2",479,0,0,0,FALSE,FALSE,FALSE
"L_BRAM3",479,0,0,0,FALSE,FALSE,FALSE
"L_BT1",479,0,0,0,FALSE,FALSE,FALSE
"L_BT2",479,0,0,0,FALSE,FALSE,FALSE
"L_BT3",466,0,13,0,FALSE,TRUE,FALSE
"L_BT4",479,0,0,0,FALSE,FALSE,FALSE
"L_BT5",479,0,0,0,FALSE,FALSE,FALSE
"L_BUBBUB04",474,0,5,0,FALSE,TRUE,FALSE
"L_BUBBUB05",474,0,5,0,FALSE,TRUE,FALSE
"L_BUBCAP01",468,0,11,0,FALSE,TRUE,FALSE
"L_BUBO01_Leucocytozoon_danilewskyi",478,0,1,0,FALSE,TRUE,FALSE
"L_BUBO4",432,0,47,0,FALSE,TRUE,FALSE
"L_BUBSUM01",479,0,0,0,FALSE,FALSE,FALSE
"L_BUBT2_Leucocytozoon_buteonis",479,0,0,0,FALSE,FALSE,FALSE
"L_BUBT3",479,0,0,0,FALSE,FALSE,FALSE
"L_BUL3",479,0,0,0,FALSE,FALSE,FALSE
"L_BUPERY01",479,0,0,0,FALSE,FALSE,FALSE
"L_BUTBUT01",479,0,0,0,FALSE,FALSE,FALSE
"L_BUTBUT03",478,0,1,0,FALSE,TRUE,FALSE
"L_BUTBUT05",457,0,22,0,FALSE,TRUE,TRUE
"L_BUTBUT07",478,0,1,0,FALSE,TRUE,FALSE
"L_BUTBUT08",478,0,1,0,FALSE,TRUE,FALSE
"L_BUTBUT09",478,0,1,0,FALSE,TRUE,FALSE
"L_BUTBUT10",478,0,1,0,FALSE,TRUE,FALSE
"L_BUTBUT11",478,0,1,0,FALSE,TRUE,FALSE
"L_BUTBUT12",478,0,1,0,FALSE,TRUE,FALSE
"L_BUTBUT13",478,0,1,0,FALSE,TRUE,FALSE
"L_BUTBUT17",478,0,1,0,FALSE,TRUE,FALSE
"L_BUTBUT18",478,0,1,0,FALSE,TRUE,FALSE
"L_BUTBUT19",478,0,1,0,FALSE,TRUE,FALSE
"L_BUTJAM01",479,0,0,0,FALSE,FALSE,FALSE
"L_BUTJAM02",479,0,0,0,FALSE,FALSE,FALSE
"L_BUTJAM03",479,0,0,0,FALSE,FALSE,FALSE
"L_BUTJAM04",479,0,0,0,FALSE,FALSE,TRUE
"L_BUTJAM05",479,0,0,0,FALSE,FALSE,FALSE
"L_BUTJAM06",479,0,0,0,FALSE,FALSE,FALSE
"L_BUTJAM07",479,0,0,0,FALSE,FALSE,FALSE
"L_BUTJAM08",479,0,0,0,FALSE,FALSE,FALSE
"L_BUTJAM09",479,0,0,0,FALSE,FALSE,FALSE
"L_BUTJAM10_Leucocytozoon_buteonis",479,0,0,0,FALSE,FALSE,FALSE
"L_BUTJAM11",479,0,0,0,FALSE,FALSE,FALSE
"L_BUTJAM14",479,0,0,0,FALSE,FALSE,FALSE
"L_BUTJAM15",479,0,0,0,FALSE,FALSE,FALSE
"L_BUTJAM16",479,0,0,0,FALSE,FALSE,FALSE
"L_BUTJAM17",479,0,0,0,FALSE,FALSE,FALSE
"L_BUTJAM18",479,0,0,0,FALSE,FALSE,FALSE
"L_BUTJAM20",479,0,0,0,FALSE,FALSE,FALSE
"L_BUTLIN01",361,0,118,0,FALSE,TRUE,TRUE
"L_BUTMO01",476,0,3,0,FALSE,TRUE,FALSE
"L_BUTMON02",456,0,23,0,FALSE,TRUE,FALSE
"L_BUTREG01_Leucocytozoon_buteonis",479,0,0,0,FALSE,FALSE,FALSE
"L_BUTRUF01",479,0,0,0,FALSE,FALSE,FALSE
"L_BUTSTR02",479,0,0,0,FALSE,FALSE,FALSE
"L_BUVIR01",479,0,0,0,FALSE,FALSE,FALSE
"L_BUVIR02",479,0,0,0,FALSE,FALSE,FALSE
"L_BUVIR03",479,0,0,0,FALSE,FALSE,FALSE
"L_BUVIR04",479,0,0,0,FALSE,FALSE,FALSE
"L_BUVIR05",479,0,0,0,FALSE,FALSE,FALSE
"L_BUVIR06",479,0,0,0,FALSE,FALSE,FALSE
"L_BUVIR10",479,0,0,0,FALSE,FALSE,FALSE
"L_BWTE17",479,0,0,0,FALSE,FALSE,FALSE
"L_BWTE19",479,0,0,0,FALSE,FALSE,FALSE
"L_BWTE21",479,0,0,0,FALSE,FALSE,FALSE
"L_BWTE22",479,0,0,0,FALSE,FALSE,FALSE
"L_BWTE24",479,0,0,0,FALSE,FALSE,FALSE
"L_BWTE25",479,0,0,0,FALSE,FALSE,FALSE
"L_BWTE27",479,0,0,0,FALSE,FALSE,FALSE
"L_BWTE28",479,0,0,0,FALSE,FALSE,FALSE
"L_BWTE29",479,0,0,0,FALSE,FALSE,FALSE
"L_BWTE30",479,0,0,0,FALSE,FALSE,FALSE
"L_BWTE31",479,0,0,0,FALSE,FALSE,FALSE
"L_BWTE32",479,0,0,0,FALSE,FALSE,FALSE
"L_BWTE34",479,0,0,0,FALSE,FALSE,FALSE
"L_BWTE35",479,0,0,0,FALSE,FALSE,FALSE
"L_BWTE36",479,0,0,0,FALSE,FALSE,FALSE
"L_BWTE37",479,0,0,0,FALSE,FALSE,FALSE
"L_CAINO01",476,0,3,0,FALSE,TRUE,FALSE
"L_CALMAD01",473,0,6,0,FALSE,TRUE,FALSE
"L_CALMAD02",479,0,0,0,FALSE,FALSE,FALSE
"L_CALMAD03",479,0,0,0,FALSE,FALSE,FALSE
"L_CALMAD04",479,0,0,0,FALSE,FALSE,FALSE
"L_CALMIN01",471,0,8,0,FALSE,TRUE,TRUE
"L_CAMCHL01",476,0,3,0,FALSE,TRUE,FALSE
"L_CAMFAS02",466,0,13,0,FALSE,TRUE,FALSE
"L_CAMPUS01",479,0,0,0,FALSE,FALSE,FALSE
"L_CAP1",479,0,0,0,FALSE,FALSE,FALSE
"L_CAP2",467,0,12,0,FALSE,TRUE,FALSE
"L_CAP3",479,0,0,0,FALSE,FALSE,FALSE
"L_CAP4",479,0,0,0,FALSE,FALSE,FALSE
"L_CAPLON01",477,0,2,0,FALSE,TRUE,FALSE
"L_CAPLON03",477,0,2,0,FALSE,TRUE,FALSE
"L_CARBAR01",477,0,2,0,FALSE,TRUE,TRUE
"L_CARBAR02",477,0,2,0,FALSE,TRUE,FALSE
"L_CARBAR03",477,0,2,0,FALSE,TRUE,FALSE
"L_CARBAR04",477,0,2,0,FALSE,TRUE,FALSE
"L_CARBAR05",477,0,2,0,FALSE,TRUE,FALSE
"L_CARBAR06",477,0,2,0,FALSE,TRUE,FALSE
"L_CARCAN01",477,0,2,0,FALSE,TRUE,FALSE
"L_CARCAN04",479,0,0,0,FALSE,FALSE,FALSE
"L_CARCAR03",479,0,0,0,FALSE,FALSE,FALSE
"L_CARCAR05",479,0,0,0,FALSE,FALSE,FALSE
"L_CARCAR06",479,0,0,0,FALSE,FALSE,FALSE
"L_CARCAR08",479,0,0,0,FALSE,FALSE,FALSE
"L_CARCAR09",479,0,0,0,FALSE,FALSE,FALSE
"L_CARCAR19",477,0,2,0,FALSE,TRUE,FALSE
"L_CARCAR27",477,0,2,0,FALSE,TRUE,FALSE
"L_CARCAR28",477,0,2,0,FALSE,TRUE,FALSE
"L_CARCAR37",477,0,2,0,FALSE,TRUE,FALSE
"L_CARCAR38",477,0,2,0,FALSE,TRUE,FALSE
"L_CARCHL04",479,0,0,0,FALSE,FALSE,FALSE
"L_CARCRI01",478,0,1,0,FALSE,TRUE,FALSE
"L_CARFLA02",477,0,2,0,FALSE,TRUE,FALSE
"L_CARFLA03",479,0,0,0,FALSE,FALSE,FALSE
"L_CARFLA04",476,0,3,0,FALSE,TRUE,TRUE
"L_CARFLA05",477,0,2,0,FALSE,TRUE,FALSE
"L_CARFLA06",477,0,2,0,FALSE,TRUE,FALSE
"L_CARFLA07",477,0,2,0,FALSE,TRUE,FALSE
"L_CARPUS01",479,0,0,0,FALSE,FALSE,FALSE
"L_CARPUS02",478,0,1,0,FALSE,TRUE,FALSE
"L_CARPUS03",479,0,0,0,FALSE,FALSE,FALSE
"L_CATANA03",464,0,15,0,FALSE,TRUE,FALSE
"L_CATANA04",451,0,28,0,FALSE,TRUE,FALSE
"L_CATBIC01",479,0,0,0,FALSE,FALSE,FALSE
"L_CATBIC02",479,0,0,0,FALSE,FALSE,FALSE
"L_CATBIC03",479,0,0,0,FALSE,FALSE,FALSE
"L_CATBIC04",443,0,36,0,FALSE,TRUE,FALSE
"L_CATBIC05",479,0,0,0,FALSE,FALSE,FALSE
"L_CATBIC06",461,0,18,0,FALSE,TRUE,FALSE
"L_CATBIC07",443,0,36,0,FALSE,TRUE,TRUE
"L_CATBIC10",479,0,0,0,FALSE,FALSE,FALSE
"L_CATBIC11",479,0,0,0,FALSE,FALSE,FALSE
"L_CATBIC12",479,0,0,0,FALSE,FALSE,FALSE
"L_CATBIC13",475,0,4,0,FALSE,TRUE,FALSE
"L_CATDIA03",463,0,16,1,TRUE,TRUE,FALSE
"L_CATFRA01",477,0,2,0,FALSE,TRUE,FALSE
"L_CATFRA02",477,0,2,0,FALSE,TRUE,FALSE
"L_CATFRA03",477,0,2,0,FALSE,TRUE,FALSE
"L_CATFRA04",479,0,0,0,FALSE,FALSE,FALSE
"L_CATFRA05",477,0,2,0,FALSE,TRUE,FALSE
"L_CATFUS01",479,0,0,0,FALSE,FALSE,FALSE
"L_CATFUS02",479,0,0,0,FALSE,FALSE,FALSE
"L_CATFUS03",479,0,0,0,FALSE,FALSE,FALSE
"L_CATFUS04",479,0,0,0,FALSE,FALSE,FALSE
"L_CATFUS05",479,0,0,0,FALSE,FALSE,FALSE
"L_CATFUS06",479,0,0,0,FALSE,FALSE,FALSE
"L_CATFUS07",479,0,0,0,FALSE,FALSE,FALSE
"L_CATFUS08",443,0,36,0,FALSE,TRUE,FALSE
"L_CATFUS09",479,0,0,0,FALSE,FALSE,FALSE
"L_CATFUS15",477,0,2,0,FALSE,TRUE,FALSE
"L_CATFUS16",477,0,2,0,FALSE,TRUE,FALSE
"L_CATFUS17",477,0,2,0,FALSE,TRUE,TRUE
"L_CATFUS18",477,0,2,0,FALSE,TRUE,TRUE
"L_CATFUS19",477,0,2,0,FALSE,TRUE,FALSE
"L_CATFUS20",477,0,2,0,FALSE,TRUE,FALSE
"L_CATFUS22",477,0,2,0,FALSE,TRUE,FALSE
"L_CATFUS24",447,0,32,0,FALSE,TRUE,FALSE
"L_CATFUS25",447,0,32,0,FALSE,TRUE,FALSE
"L_CATFUS28",477,0,2,0,FALSE,TRUE,FALSE
"L_CATGUT02",479,0,0,0,FALSE,FALSE,FALSE
"L_CATGUT03",478,0,1,0,FALSE,TRUE,FALSE
"L_CATGUT04",471,0,8,0,FALSE,TRUE,FALSE
"L_CATGUT05",478,0,1,0,FALSE,TRUE,FALSE
"L_CATGUT06",478,0,1,0,FALSE,TRUE,FALSE
"L_CATMIN01",479,0,0,0,FALSE,FALSE,FALSE
"L_CATMIN02",479,0,0,0,FALSE,FALSE,FALSE
"L_CATMIN03",449,0,30,0,FALSE,TRUE,FALSE
"L_CATMIN04",479,0,0,0,FALSE,FALSE,FALSE
"L_CATMIN05",479,0,0,0,FALSE,FALSE,TRUE
"L_CATMIN06",479,0,0,0,FALSE,FALSE,FALSE
"L_CATMIN07",443,0,36,0,FALSE,TRUE,TRUE
"L_CATMIN08",443,0,36,0,FALSE,TRUE,TRUE
"L_CATMIN09",477,0,2,0,FALSE,TRUE,FALSE
"L_CATMIN10",477,0,2,0,FALSE,TRUE,FALSE
"L_CATMIN11",479,0,0,0,FALSE,FALSE,FALSE
"L_CATOCC01",477,0,2,0,FALSE,TRUE,FALSE
"L_CATOCC02",477,0,2,0,FALSE,TRUE,FALSE
"L_CATOCC03",477,0,2,0,FALSE,TRUE,FALSE
"L_CATOCC04",479,0,0,0,FALSE,FALSE,FALSE
"L_CATOCC05",479,0,0,0,FALSE,FALSE,FALSE
"L_CATOCC06",479,0,0,0,FALSE,FALSE,FALSE
"L_CATOCC07",479,0,0,0,FALSE,FALSE,FALSE
"L_CATOCC08",479,0,0,0,FALSE,FALSE,FALSE
"L_CATOCC09",479,0,0,0,FALSE,FALSE,FALSE
"L_CATUST08",479,0,0,0,FALSE,FALSE,FALSE
"L_CATUST09",479,0,0,0,FALSE,FALSE,FALSE
"L_CATUST11",443,0,36,0,FALSE,TRUE,TRUE
"L_CATUST12",476,0,3,0,FALSE,TRUE,FALSE
"L_CATUST14",479,0,0,0,FALSE,FALSE,TRUE
"L_CATUST23",479,0,0,0,FALSE,FALSE,FALSE
"L_CATUST24",479,0,0,0,FALSE,FALSE,FALSE
"L_CATUST25",479,0,0,0,FALSE,FALSE,FALSE
"L_CATUST26",479,0,0,0,FALSE,FALSE,FALSE
"L_CATUST27",479,0,0,0,FALSE,FALSE,FALSE
"L_CATUST28",479,0,0,0,FALSE,FALSE,FALSE
"L_CATUST29",443,0,36,0,FALSE,TRUE,FALSE
"L_CATUST34",477,0,2,0,FALSE,TRUE,FALSE
"L_CATUST35",477,0,2,0,FALSE,TRUE,FALSE
"L_CATUST36",477,0,2,0,FALSE,TRUE,FALSE
"L_CATUST37",477,0,2,0,FALSE,TRUE,FALSE
"L_CATUST38",477,0,2,0,FALSE,TRUE,FALSE
"L_CATUST39",477,0,2,0,FALSE,TRUE,FALSE
"L_CATUST40",477,0,2,0,FALSE,TRUE,FALSE
"L_CATUST41",443,0,36,0,FALSE,TRUE,FALSE
"L_CATUST42",446,0,33,0,FALSE,TRUE,FALSE
"L_CATUST45",477,0,2,0,FALSE,TRUE,FALSE
"L_CATUST47",477,0,2,0,FALSE,TRUE,FALSE
"L_CATUST50",477,0,2,0,FALSE,TRUE,FALSE
"L_CB1_Leucocytozoon_majoris",478,0,1,0,FALSE,TRUE,FALSE
"L_CCF08",479,0,0,0,FALSE,FALSE,FALSE
"L_CCF13",479,0,0,0,FALSE,FALSE,FALSE
"L_CCF14",479,0,0,0,FALSE,FALSE,FALSE
"L_CCF15",479,0,0,0,FALSE,FALSE,FALSE
"L_CCF16",479,0,0,0,FALSE,FALSE,FALSE
"L_CCF19",479,0,0,0,FALSE,FALSE,FALSE
"L_CCF22",479,0,0,0,FALSE,FALSE,FALSE
"L_CCORAX01",479,0,0,0,FALSE,FALSE,FALSE
"L_CCORAX02",479,0,0,0,FALSE,FALSE,FALSE
"L_CCORAX03",479,0,0,0,FALSE,FALSE,FALSE
"L_CCORAX04",479,0,0,0,FALSE,FALSE,FALSE
"L_CCORAX05",479,0,0,0,FALSE,FALSE,FALSE
"L_CCORAX06",479,0,0,0,FALSE,FALSE,FALSE
"L_CCORAX07",479,0,0,0,FALSE,FALSE,FALSE
"L_CENTO01",467,0,12,0,FALSE,TRUE,FALSE
"L_CERNIG01",478,0,1,0,FALSE,TRUE,FALSE
"L_CHASEN06",479,0,0,0,FALSE,FALSE,FALSE
"L_CHLAEM02",477,0,2,0,FALSE,TRUE,FALSE
"L_CHLAEN02",477,0,2,0,FALSE,TRUE,FALSE
"L_CHLCYA01",477,0,2,0,FALSE,TRUE,FALSE
"L_CHLCYA02",477,0,2,0,FALSE,TRUE,FALSE
"L_CHLCYA03",477,0,2,0,FALSE,TRUE,FALSE
"L_CHLMON01",449,0,30,0,FALSE,TRUE,FALSE
"L_CHLRIE03",478,0,1,0,FALSE,TRUE,FALSE
"L_CHLRIE04",478,0,1,0,FALSE,TRUE,FALSE
"L_CHRKLA02",471,0,8,0,FALSE,TRUE,FALSE
"L_CIAE02",479,0,0,0,FALSE,FALSE,TRUE
"L_CIAE03",478,0,1,0,FALSE,TRUE,FALSE
"L_CIAE04",478,0,1,0,FALSE,TRUE,FALSE
"L_CIAE05",478,0,1,0,FALSE,TRUE,FALSE
"L_CIAE06",476,0,3,0,FALSE,TRUE,FALSE
"L_CIAE09",478,0,1,0,FALSE,TRUE,FALSE
"L_CIAE10",478,0,1,0,FALSE,TRUE,FALSE
"L_CIAE11",478,0,1,0,FALSE,TRUE,FALSE
"L_CIAE12",478,0,1,0,FALSE,TRUE,FALSE
"L_CINALB01",478,0,1,0,FALSE,TRUE,FALSE
"L_CINALB02",477,0,2,0,FALSE,TRUE,FALSE
"L_CINCIN05",463,0,16,0,FALSE,TRUE,FALSE
"L_CINCIN06",463,0,16,0,FALSE,TRUE,FALSE
"L_CINCIN07",463,0,16,0,FALSE,TRUE,FALSE
"L_CINCIN08",463,0,16,0,FALSE,TRUE,FALSE
"L_CINCIN09",463,0,16,0,FALSE,TRUE,FALSE
"L_CINSOV02",479,0,0,0,FALSE,FALSE,FALSE
"L_CIRCYA01",478,0,1,0,FALSE,TRUE,FALSE
"L_CLAHYE01",479,0,0,0,FALSE,FALSE,TRUE
"L_CLAHYE02",479,0,0,0,FALSE,FALSE,FALSE
"L_CLAHYE03",479,0,0,0,FALSE,FALSE,FALSE
"L_CLAPOM02",478,0,1,0,FALSE,TRUE,FALSE
"L_CLAPOM03",478,0,1,0,FALSE,TRUE,FALSE
"L_CLAPOM04",478,0,1,0,FALSE,TRUE,FALSE
"L_CLAPOM05",478,0,1,0,FALSE,TRUE,FALSE
"L_CLAPOM06",478,0,1,0,FALSE,TRUE,FALSE
"L_CLAPOM09",478,0,1,0,FALSE,TRUE,FALSE
"L_CLAPOM10",478,0,1,0,FALSE,TRUE,FALSE
"L_CLAPOM11",478,0,1,0,FALSE,TRUE,FALSE
"L_CLAPOM12",478,0,1,0,FALSE,TRUE,FALSE
"L_CLAPOM13",478,0,1,0,FALSE,TRUE,FALSE
"L_CNEORN01",479,0,0,0,FALSE,FALSE,TRUE
"L_COBRA02",476,0,3,0,FALSE,TRUE,FALSE
"L_COBRA03",476,0,3,0,FALSE,TRUE,TRUE
"L_COBRA04",476,0,3,0,FALSE,TRUE,FALSE
"L_COBRA05",476,0,3,0,FALSE,TRUE,FALSE
"L_COBRA06",476,0,3,0,FALSE,TRUE,FALSE
"L_COBRA07",476,0,3,0,FALSE,TRUE,FALSE
"L_COBRA08",476,0,3,0,FALSE,TRUE,FALSE
"L_COBRA09",476,0,3,0,FALSE,TRUE,TRUE
"L_COBRA10",476,0,3,0,FALSE,TRUE,FALSE
"L_COBRA11",476,0,3,0,FALSE,TRUE,FALSE
"L_COBRA12",476,0,3,0,FALSE,TRUE,FALSE
"L_COBRA13",476,0,3,0,FALSE,TRUE,FALSE
"L_COCCOC01",479,0,0,0,FALSE,FALSE,FALSE
"L_COCCOC02",476,0,3,0,FALSE,TRUE,FALSE
"L_COCOR02",476,0,3,0,FALSE,TRUE,FALSE
"L_COCOR03",477,0,2,0,FALSE,TRUE,TRUE
"L_COCOR04",479,0,0,0,FALSE,FALSE,FALSE
"L_COCOR05",479,0,0,0,FALSE,FALSE,FALSE
"L_COCOR06",479,0,0,0,FALSE,FALSE,FALSE
"L_COCOR07",479,0,0,0,FALSE,FALSE,FALSE
"L_COCOR08",479,0,0,0,FALSE,FALSE,FALSE
"L_COCOR09",479,0,0,0,FALSE,FALSE,FALSE
"L_COCOR10",479,0,0,0,FALSE,FALSE,FALSE
"L_COCOR11",479,0,0,0,FALSE,FALSE,FALSE
"L_COCOR12",479,0,0,0,FALSE,FALSE,FALSE
"L_COCOR13",479,0,0,0,FALSE,FALSE,FALSE
"L_COCOR16",479,0,0,0,FALSE,FALSE,TRUE
"L_COCOR17",479,0,0,0,FALSE,FALSE,FALSE
"L_COCOR18",479,0,0,0,FALSE,FALSE,FALSE
"L_COCOR19",479,0,0,0,FALSE,FALSE,FALSE
"L_COCOR20",479,0,0,0,FALSE,FALSE,FALSE
"L_COECOE03",477,0,2,0,FALSE,TRUE,FALSE
"L_COECOE04",477,0,2,0,FALSE,TRUE,FALSE
"L_COECOE05",477,0,2,0,FALSE,TRUE,FALSE
"L_COECOE12",477,0,2,0,FALSE,TRUE,FALSE
"L_COEIRI01",437,1,42,0,FALSE,TRUE,FALSE
"L_COETOR02",477,0,2,0,FALSE,TRUE,FALSE
"L_COEVIO02",446,0,33,0,FALSE,TRUE,FALSE
"L_COEVIO03",477,0,2,0,FALSE,TRUE,FALSE
"L_COHEL01",476,0,3,0,FALSE,TRUE,FALSE
"L_COLAUR01_Leucocytozoon_polynuclearis",476,0,3,0,FALSE,TRUE,FALSE
"L_COLBF01",477,0,2,0,FALSE,TRUE,TRUE
"L_COLBF03",477,0,2,0,FALSE,TRUE,FALSE
"L_COLBF04",477,0,2,0,FALSE,TRUE,FALSE
"L_COLBF06",477,0,2,0,FALSE,TRUE,FALSE
"L_COLBF08",477,0,2,0,FALSE,TRUE,FALSE
"L_COLBF09",472,0,7,0,FALSE,TRUE,TRUE
"L_COLBF10",441,0,38,0,FALSE,TRUE,FALSE
"L_COLBF14",477,0,2,0,FALSE,TRUE,FALSE
"L_COLBF15",477,0,2,0,FALSE,TRUE,FALSE
"L_COLBF16",477,0,2,0,FALSE,TRUE,FALSE
"L_COLBF17",477,0,2,0,FALSE,TRUE,FALSE
"L_COLBF19",477,0,2,0,FALSE,TRUE,FALSE
"L_COLBF21",477,0,2,0,FALSE,TRUE,FALSE
"L_COLBF22",477,0,2,0,FALSE,TRUE,FALSE
"L_COLBF23",477,0,2,0,FALSE,TRUE,FALSE
"L_COLBF24",476,0,3,0,FALSE,TRUE,FALSE
"L_COLBF25",473,0,6,0,FALSE,TRUE,FALSE
"L_COLBF28",477,0,2,0,FALSE,TRUE,FALSE
"L_COLBF29",477,0,2,0,FALSE,TRUE,FALSE
"L_COLBF31",477,0,2,0,FALSE,TRUE,FALSE
"L_COLBF32",477,0,2,0,FALSE,TRUE,FALSE
"L_COLIV04",479,0,0,0,FALSE,FALSE,FALSE
"L_COLIV05",479,0,0,0,FALSE,FALSE,FALSE
"L_COLPAL03",479,0,0,0,FALSE,FALSE,FALSE
"L_COLPAL04",479,0,0,0,FALSE,FALSE,FALSE
"L_COLPAS07",479,0,0,0,FALSE,FALSE,FALSE
"L_COLPAS08",479,0,0,0,FALSE,FALSE,TRUE
"L_COLPAS09",478,0,1,0,FALSE,TRUE,FALSE
"L_COLRIV01",445,1,34,0,FALSE,TRUE,FALSE
"L_CONBOR01",479,0,0,0,FALSE,FALSE,FALSE
"L_CONCIN02",478,0,1,0,FALSE,TRUE,FALSE
"L_CONSIT01",477,0,2,0,FALSE,TRUE,FALSE
"L_CORCAU02",425,0,54,0,FALSE,TRUE,TRUE
"L_CORCAU03",425,1,54,0,FALSE,TRUE,TRUE
"L_CORCAU04",425,0,54,0,FALSE,TRUE,FALSE
"L_CORMAC01",305,0,174,0,FALSE,TRUE,TRUE
"L_CORMAC02",479,0,0,0,FALSE,FALSE,FALSE
"L_CORMAC03",479,0,0,0,FALSE,FALSE,TRUE
"L_CORMAC05",479,0,0,0,FALSE,FALSE,FALSE
"L_CORMAC06",479,0,0,0,FALSE,FALSE,FALSE
"L_CORMON01",479,0,0,0,FALSE,FALSE,FALSE
"L_CORMON02",479,0,0,0,FALSE,FALSE,FALSE
"L_CORMON03",479,0,0,0,FALSE,FALSE,FALSE
"L_COSUN1",479,0,0,0,FALSE,FALSE,FALSE
"L_CREVER01",478,0,1,0,FALSE,TRUE,FALSE
"L_CRIPIS01",478,0,1,0,FALSE,TRUE,FALSE
"L_CRIRUF02",476,0,3,0,FALSE,TRUE,FALSE
"L_CRIRUF04",479,2,0,0,FALSE,FALSE,FALSE
"L_CUCFUG01",464,1,15,0,FALSE,TRUE,FALSE
"L_CURCUR02",477,0,2,0,FALSE,TRUE,FALSE
"L_CWT12",479,0,0,0,FALSE,FALSE,FALSE
"L_CWT8",479,0,0,0,FALSE,FALSE,FALSE
"L_CYACAE02",479,0,0,0,FALSE,FALSE,FALSE
"L_CYACAE03",479,0,0,0,FALSE,FALSE,FALSE
"L_CYACAE06",479,0,0,0,FALSE,FALSE,FALSE
"L_CYACAE07",476,0,3,0,FALSE,TRUE,FALSE
"L_CYACOO01",479,0,0,0,FALSE,FALSE,FALSE
"L_CYACOO02",479,0,0,0,FALSE,FALSE,FALSE
"L_CYACOO03",479,0,0,0,FALSE,FALSE,FALSE
"L_CYACOO04",479,0,0,0,FALSE,FALSE,FALSE
"L_CYACOO05",479,0,0,0,FALSE,FALSE,FALSE
"L_CYACOO06",479,0,0,0,FALSE,FALSE,FALSE
"L_CYACRI04",477,0,2,0,FALSE,TRUE,FALSE
"L_CYACRI05",477,0,2,0,FALSE,TRUE,FALSE
"L_CYACYA06",477,0,2,0,FALSE,TRUE,FALSE
"L_CYALUX01",460,0,19,0,FALSE,TRUE,FALSE
"L_CYAMAD02",479,0,0,0,FALSE,FALSE,FALSE
"L_CYAOLI15",476,0,3,0,FALSE,TRUE,FALSE
"L_CYAOLI16",476,0,3,0,FALSE,TRUE,FALSE
"L_CYAOLI17",476,0,3,0,FALSE,TRUE,FALSE
"L_CYAOLI18",476,0,3,0,FALSE,TRUE,FALSE
"L_CYASTE01",476,0,3,0,FALSE,TRUE,FALSE
"L_CYASTE02",476,0,3,0,FALSE,TRUE,FALSE
"L_CYASTE04",476,1,3,0,FALSE,TRUE,TRUE
"L_CYASTE07",476,0,3,0,FALSE,TRUE,TRUE
"L_CYASTE08",476,0,3,0,FALSE,TRUE,FALSE
"L_CYASTE10",479,0,0,0,FALSE,FALSE,FALSE
"L_CYAVER03",479,0,0,0,FALSE,FALSE,FALSE
"L_CYAVER04",476,0,3,0,FALSE,TRUE,FALSE
"L_DELURB9",476,0,3,0,FALSE,TRUE,FALSE
"L_DENCOR04",479,0,0,0,FALSE,FALSE,FALSE
"L_DENCOR05",479,0,0,0,FALSE,FALSE,FALSE
"L_DENCOR06",435,0,44,0,FALSE,TRUE,TRUE
"L_DENCOR07",477,0,2,0,FALSE,TRUE,FALSE
"L_DENCOR08",477,0,2,0,FALSE,TRUE,FALSE
"L_DENCOR10",477,0,2,0,FALSE,TRUE,FALSE
"L_DENSTR01",447,0,32,0,FALSE,TRUE,FALSE
"L_DENSTR02",477,0,2,0,FALSE,TRUE,FALSE
"L_DENSTR05",477,0,2,0,FALSE,TRUE,FALSE
"L_DENSTR06",477,0,2,0,FALSE,TRUE,FALSE
"L_DENSTR08",477,0,2,0,FALSE,TRUE,FALSE
"L_DENSTR09",477,0,2,0,FALSE,TRUE,FALSE
"L_DICYA01",476,0,3,0,FALSE,TRUE,FALSE
"L_DIGCYA04",456,0,23,0,FALSE,TRUE,FALSE
"L_DIGCYA05",456,0,23,0,FALSE,TRUE,FALSE
"L_DIGCYA06",456,0,23,0,FALSE,TRUE,FALSE
"L_DIGCYA07",456,0,23,0,FALSE,TRUE,FALSE
"L_DIGCYA09",476,0,3,0,FALSE,TRUE,FALSE
"L_DIGMYS01",477,0,2,0,FALSE,TRUE,FALSE
"L_DIGSIT02",477,1,2,0,FALSE,TRUE,FALSE
"L_DIUDIU06",477,0,2,0,FALSE,TRUE,FALSE
"L_DIUDIU07",477,0,2,0,FALSE,TRUE,FALSE
"L_DIUDIU10",477,0,2,0,FALSE,TRUE,FALSE
"L_DIUDIU11",477,0,2,0,FALSE,TRUE,TRUE
"L_DOLORY03",477,0,2,0,FALSE,TRUE,FALSE
"L_DRYALB01_Leucocytozoon_polynuclearis",476,0,3,0,FALSE,TRUE,FALSE
"L_DRYCAU01",479,0,0,0,FALSE,FALSE,FALSE
"L_DUBTAE01",478,1,1,0,FALSE,TRUE,FALSE
"L_DUBTAE02",478,1,1,0,FALSE,TRUE,FALSE
"L_DUMCAR01",479,0,0,0,FALSE,FALSE,FALSE
"L_DUMCAR02",479,0,0,0,FALSE,FALSE,FALSE
"L_DUMCAR03",479,0,0,0,FALSE,FALSE,FALSE
"L_DUMCAR04",479,0,0,0,FALSE,FALSE,FALSE
"L_DUMCAR05",479,0,0,0,FALSE,FALSE,FALSE
"L_DUMCAR06",477,0,2,0,FALSE,TRUE,FALSE
"L_DUMCAR07",477,0,2,0,FALSE,TRUE,FALSE
"L_DUMCAR13",477,0,2,0,FALSE,TRUE,FALSE
"L_DUMCAR16",477,0,2,0,FALSE,TRUE,FALSE
"L_DUMCAR17",477,0,2,0,FALSE,TRUE,FALSE
"L_DUMCAR34",477,0,2,0,FALSE,TRUE,FALSE
"L_DUTAE01",476,0,3,0,FALSE,TRUE,FALSE
"L_ELAALB02",477,0,2,0,FALSE,TRUE,FALSE
"L_ELAALB05",477,0,2,0,FALSE,TRUE,TRUE
"L_ELAALB06",477,0,2,0,FALSE,TRUE,FALSE
"L_EMBPUS01",479,0,0,0,FALSE,FALSE,FALSE
"L_EMBUC02",479,0,0,0,FALSE,FALSE,FALSE
"L_EMCIR02",479,0,0,0,FALSE,FALSE,FALSE
"L_EMCIT01",465,0,14,0,FALSE,TRUE,FALSE
"L_EMGOD06",479,0,0,0,FALSE,FALSE,TRUE
"L_EMGOD07",479,0,0,0,FALSE,FALSE,FALSE
"L_EMGOD08",479,0,0,0,FALSE,FALSE,FALSE
"L_EMPALN01",477,0,2,0,FALSE,TRUE,FALSE
"L_EMPHAM01",479,0,0,0,FALSE,FALSE,FALSE
"L_EMPUL02",432,0,47,0,FALSE,TRUE,FALSE
"L_EMSCH01",449,0,30,0,FALSE,TRUE,FALSE
"L_EMSPO04",479,0,0,0,FALSE,FALSE,FALSE
"L_EMSPO05",479,0,0,0,FALSE,FALSE,FALSE
"L_EMTRI02",430,0,49,0,FALSE,TRUE,FALSE
"L_EOPER01",305,0,174,0,FALSE,TRUE,FALSE
"L_EOPER02",479,0,0,0,FALSE,FALSE,FALSE
"L_ERYVIR01",464,0,15,0,FALSE,TRUE,FALSE
"L_EUBVER01",477,0,2,0,FALSE,TRUE,FALSE
"L_EUPCAP01",478,0,1,0,FALSE,TRUE,FALSE
"L_EUPHOR02",476,0,3,0,FALSE,TRUE,FALSE
"L_EUPHOR03",476,0,3,0,FALSE,TRUE,FALSE
"L_EUPHOR04",476,0,3,0,FALSE,TRUE,FALSE
"L_EUPMAC02",477,0,2,0,FALSE,TRUE,FALSE
"L_EUSE1",479,0,0,0,FALSE,FALSE,FALSE
"L_EUSE2",479,0,0,0,FALSE,FALSE,FALSE
"L_FALAMU03",479,0,0,0,FALSE,FALSE,FALSE
"L_FALAMU04",479,0,0,0,FALSE,FALSE,FALSE
"L_FALPER06",477,0,2,0,FALSE,TRUE,FALSE
"L_FALTIN10",479,0,0,0,FALSE,FALSE,FALSE
"L_FALTIN11",479,0,0,0,FALSE,FALSE,FALSE
"L_FALTIN12",479,0,0,0,FALSE,FALSE,FALSE
"L_FASPA02_Leucocytozoon_californicus",479,0,0,0,FALSE,FALSE,FALSE
"L_FICNAR02",479,0,0,0,FALSE,FALSE,FALSE
"L_FICZAN10",479,0,0,0,FALSE,FALSE,FALSE
"L_FICZAN11",479,0,0,0,FALSE,FALSE,FALSE
"L_FICZAN12",479,0,0,0,FALSE,FALSE,FALSE
"L_FICZAN14",479,0,0,0,FALSE,FALSE,TRUE
"L_FICZAN17",479,0,0,0,FALSE,FALSE,FALSE
"L_FICZAN18",479,0,0,0,FALSE,FALSE,FALSE
"L_FICZAN21",479,0,0,0,FALSE,FALSE,FALSE
"L_FICZAN25",479,0,0,0,FALSE,FALSE,FALSE
"L_FICZAN26",479,0,0,0,FALSE,FALSE,FALSE
"L_FIPAR03",418,0,61,0,FALSE,TRUE,FALSE
"L_FIPAR04",421,0,58,0,FALSE,TRUE,FALSE
"L_FOMAD01",476,0,3,0,FALSE,TRUE,FALSE
"L_FORRUF02",479,0,0,0,FALSE,FALSE,FALSE
"L_FORRUF03",479,0,0,0,FALSE,FALSE,FALSE
"L_FOUOMI02",479,0,0,0,FALSE,FALSE,FALSE
"L_FOUOMI06",479,0,0,0,FALSE,FALSE,FALSE
"L_FOUOMI07",479,0,0,0,FALSE,FALSE,FALSE
"L_FOUOMI08",479,0,0,0,FALSE,FALSE,FALSE
"L_FOUOMI09",479,0,0,0,FALSE,FALSE,FALSE
"L_FOUOMI10",479,0,0,0,FALSE,FALSE,FALSE
"L_FRASQU01",465,0,14,0,FALSE,TRUE,FALSE
"L_FURRUF01",477,0,2,0,FALSE,TRUE,FALSE
"L_GAGLA01",454,6,25,0,FALSE,TRUE,FALSE
"L_GAGLA04",452,12,27,0,FALSE,TRUE,FALSE
"L_GAGLA06",479,0,0,0,FALSE,FALSE,FALSE
"L_GALLUS05_Leucocytozoon_caulleryi",477,0,2,0,FALSE,TRUE,FALSE
"L_GALLUS06_Leucocytozoon_schoutedeni",465,0,14,0,FALSE,TRUE,FALSE
"L_GALLUS07_Leucocytozoon_schoutedeni",465,0,14,0,FALSE,TRUE,FALSE
"L_GALLUS08_Leucocytozoon_sabrazesi",479,0,0,0,FALSE,FALSE,FALSE
"L_GALLUS12",311,0,168,0,FALSE,TRUE,FALSE
"L_GALLUS13",469,2,10,0,FALSE,TRUE,FALSE
"L_GALLUS14",446,0,33,0,FALSE,TRUE,FALSE
"L_GALLUS15",452,0,27,0,FALSE,TRUE,FALSE
"L_GALLUS16",447,0,32,0,FALSE,TRUE,FALSE
"L_GALLUS17",476,0,3,0,FALSE,TRUE,FALSE
"L_GALLUS18",472,0,7,0,FALSE,TRUE,FALSE
"L_GALLUS20",454,0,25,0,FALSE,TRUE,FALSE
"L_GALLUS21",476,2,3,0,FALSE,TRUE,FALSE
"L_GALLUS23",476,0,3,0,FALSE,TRUE,FALSE
"L_GALLUS24",473,0,6,0,FALSE,TRUE,FALSE
"L_GALLUS25",476,0,3,0,FALSE,TRUE,FALSE
"L_GALLUS26",458,0,21,0,FALSE,TRUE,FALSE
"L_GALLUS27",365,0,114,0,FALSE,TRUE,FALSE
"L_GALLUS28",364,0,115,0,FALSE,TRUE,FALSE
"L_GALLUS29",399,0,80,0,FALSE,TRUE,FALSE
"L_GALLUS30",459,0,20,0,FALSE,TRUE,FALSE
"L_GALLUS31",328,0,151,0,FALSE,TRUE,FALSE
"L_GALLUS32",327,0,152,0,FALSE,TRUE,FALSE
"L_GALLUS33",446,0,33,0,FALSE,TRUE,FALSE
"L_GALLUS34",479,0,0,0,FALSE,FALSE,TRUE
"L_GALLUS35",479,0,0,0,FALSE,FALSE,FALSE
"L_GALLUS36",450,0,29,0,FALSE,TRUE,FALSE
"L_GALLUS37",479,0,0,0,FALSE,FALSE,FALSE
"L_GALLUS38",327,0,152,0,FALSE,TRUE,FALSE
"L_GALLUS39",327,0,152,0,FALSE,TRUE,FALSE
"L_GALLUS40",369,0,110,0,FALSE,TRUE,FALSE
"L_GALLUS41",445,0,34,0,FALSE,TRUE,TRUE
"L_GALLUS42",477,0,2,0,FALSE,TRUE,FALSE
"L_GALLUS43",477,0,2,0,FALSE,TRUE,FALSE
"L_GALLUS44",477,0,2,0,FALSE,TRUE,FALSE
"L_GALLUS45",477,0,2,0,FALSE,TRUE,FALSE
"L_GALLUS46",477,0,2,0,FALSE,TRUE,FALSE
"L_GALLUS50",479,0,0,0,FALSE,FALSE,FALSE
"L_GALLUS51",479,0,0,0,FALSE,FALSE,FALSE
"L_GALLUS52",479,0,0,0,FALSE,FALSE,FALSE
"L_GALLUS53",479,0,0,0,FALSE,FALSE,FALSE
"L_GALLUS54",479,0,0,0,FALSE,FALSE,FALSE
"L_GALLUS55",479,0,0,0,FALSE,FALSE,FALSE
"L_GALLUS56",479,0,0,0,FALSE,FALSE,FALSE
"L_GALLUS57",479,0,0,0,FALSE,FALSE,FALSE
"L_GALLUS58",479,0,0,0,FALSE,FALSE,FALSE
"L_GALLUS59",479,0,0,0,FALSE,FALSE,FALSE
"L_GALLUS60",479,0,0,0,FALSE,FALSE,FALSE
"L_GALLUS61",479,0,0,0,FALSE,FALSE,FALSE
"L_GALLUS62",479,0,0,0,FALSE,FALSE,FALSE
"L_GALLUS63",479,0,0,0,FALSE,FALSE,TRUE
"L_GALLUS65",479,0,0,0,FALSE,FALSE,FALSE
"L_GALMEG03",479,0,0,0,FALSE,FALSE,FALSE
"L_GAVIM01",475,0,4,0,FALSE,TRUE,FALSE
"L_GAVSTE02",479,0,0,0,FALSE,FALSE,FALSE
"L_GEOFRE02",477,0,2,0,FALSE,TRUE,FALSE
"L_GEOSIB01",443,0,36,0,FALSE,TRUE,FALSE
"L_GEOSIB02",465,0,14,0,FALSE,TRUE,FALSE
"L_GEOTRI07",305,1,174,0,FALSE,TRUE,TRUE
"L_GEOTRI10",479,0,0,0,FALSE,FALSE,FALSE
"L_GEOTRI13",477,0,2,0,FALSE,TRUE,FALSE
"L_GIMIS01",426,0,53,0,FALSE,TRUE,FALSE
"L_GLAHIR05",477,0,2,0,FALSE,TRUE,FALSE
"L_GLSJO02",479,0,0,0,FALSE,FALSE,FALSE
"L_GORGOI01",464,0,15,0,FALSE,TRUE,FALSE
"L_GORGOI02",464,0,15,0,FALSE,TRUE,FALSE
"L_GORGOI03",406,0,73,0,FALSE,TRUE,FALSE
"L_GRAAND01",477,0,2,0,FALSE,TRUE,FALSE
"L_GRAAND02",445,0,34,0,FALSE,TRUE,FALSE
"L_GRABLA01",479,0,0,0,FALSE,FALSE,FALSE
"L_GRACAR01",479,0,0,0,FALSE,FALSE,FALSE
"L_GRAQUI01",476,0,3,0,FALSE,TRUE,FALSE
"L_GRAQUI02",476,0,3,0,FALSE,TRUE,FALSE
"L_GRARUF01_Leucocytozoon_sp.",476,0,3,0,FALSE,TRUE,FALSE
"L_GRARUF02",476,0,3,0,FALSE,TRUE,FALSE
"L_GRSQU01_Leucocytozoon_grallariae",479,0,0,0,FALSE,FALSE,FALSE
"L_GRSQU02",476,0,3,0,FALSE,TRUE,FALSE
"L_GRUJAP02",445,0,34,0,FALSE,TRUE,FALSE
"L_GRUS1",479,0,0,0,FALSE,FALSE,FALSE
"L_GYMCYA01",476,0,3,0,FALSE,TRUE,FALSE
"L_GYPBAR01",479,0,0,0,FALSE,FALSE,FALSE
"L_GYPFUL02",478,0,1,0,FALSE,TRUE,FALSE
"L_HALALB02",478,0,1,0,FALSE,TRUE,FALSE
"L_HALLIN01",464,0,15,0,FALSE,TRUE,FALSE
"L_HAPRUS01",477,0,2,0,FALSE,TRUE,FALSE
"L_HAPRUS02",477,0,2,0,FALSE,TRUE,FALSE
"L_HAWF3",456,6,23,0,FALSE,TRUE,FALSE
"L_HAWF7",479,0,0,0,FALSE,FALSE,FALSE
"L_HEAME01_Leucocytozoon_quynzae",479,0,0,0,FALSE,FALSE,FALSE
"L_HEATR01",476,0,3,0,FALSE,TRUE,FALSE
"L_HELLEA01",477,0,2,0,FALSE,TRUE,FALSE
"L_HELLI01",479,0,0,0,FALSE,FALSE,FALSE
"L_HELLI02",475,8,4,0,FALSE,TRUE,FALSE
"L_HELLI03",467,12,12,0,FALSE,TRUE,FALSE
"L_HELVIO03",477,0,2,0,FALSE,TRUE,FALSE
"L_HEMATR03",446,0,33,0,FALSE,TRUE,FALSE
"L_HESUP01",476,0,3,0,FALSE,TRUE,FALSE
"L_HESUP02",476,0,3,0,FALSE,TRUE,FALSE
"L_HEVER01",476,0,3,0,FALSE,TRUE,FALSE
"L_HGR1",479,0,0,0,FALSE,FALSE,FALSE
"L_HIHI01",479,0,0,0,FALSE,FALSE,FALSE
"L_HIRUS07",469,0,10,0,FALSE,TRUE,FALSE
"L_HIRUS08",461,0,18,0,FALSE,TRUE,FALSE
"L_HIRUS09",468,0,11,0,FALSE,TRUE,FALSE
"L_HIRUS10",469,0,10,0,FALSE,TRUE,FALSE
"L_HIRUS11",458,0,21,0,FALSE,TRUE,FALSE
"L_HIRUS12",469,0,10,0,FALSE,TRUE,FALSE
"L_HIRUS13",433,2,46,0,FALSE,TRUE,FALSE
"L_HIRUS16",479,0,0,0,FALSE,FALSE,FALSE
"L_HORDIP01",348,0,131,0,FALSE,TRUE,FALSE
"L_HORDIP02",476,0,3,0,FALSE,TRUE,FALSE
"L_HYBOR01",476,0,3,0,FALSE,TRUE,FALSE
"L_HYBOR02",476,0,3,0,FALSE,TRUE,FALSE
"L_HYLMUS02",477,0,2,0,FALSE,TRUE,TRUE
"L_HYLMUS03",477,0,2,0,FALSE,TRUE,FALSE
"L_HYLMUS04",477,0,2,0,FALSE,TRUE,FALSE
"L_HYLPRA01",476,0,3,0,FALSE,TRUE,FALSE
"L_HYMAD01",476,0,3,0,FALSE,TRUE,FALSE
"L_HYPAM01",277,0,202,0,FALSE,TRUE,TRUE
"L_HYPAM02",305,0,174,0,FALSE,TRUE,FALSE
"L_HYPAM03",479,0,0,0,FALSE,FALSE,TRUE
"L_HYPAR01",476,0,3,0,FALSE,TRUE,FALSE
"L_HYPHI28",464,0,15,0,FALSE,TRUE,FALSE
"L_HYPHI29",464,0,15,0,FALSE,TRUE,FALSE
"L_HYPMA02",479,0,0,0,FALSE,FALSE,FALSE
"L_HYPMA03",479,0,0,0,FALSE,FALSE,FALSE
"L_ICTGAL06",477,0,2,0,FALSE,TRUE,FALSE
"L_IDUPAL01",476,0,3,0,FALSE,TRUE,FALSE
"L_IRIANA01",479,0,0,0,FALSE,FALSE,FALSE
"L_JUHYE04",479,0,0,0,FALSE,FALSE,FALSE
"L_JUHYE05",479,0,0,0,FALSE,FALSE,FALSE
"L_JUHYE06",470,0,9,0,FALSE,TRUE,FALSE
"L_JUHYE16",477,0,2,0,FALSE,TRUE,FALSE
"L_JUHYE17",477,0,2,0,FALSE,TRUE,FALSE
"L_JUHYE18",477,0,2,0,FALSE,TRUE,FALSE
"L_JUHYE19",477,0,2,0,FALSE,TRUE,FALSE
"L_JUHYE20",477,0,2,0,FALSE,TRUE,FALSE
"L_JUHYE21",477,0,2,0,FALSE,TRUE,TRUE
"L_JUHYE22",477,0,2,0,FALSE,TRUE,FALSE
"L_JUHYE23",477,0,2,0,FALSE,TRUE,FALSE
"L_JUHYE24",477,0,2,0,FALSE,TRUE,FALSE
"L_JUHYE25",477,0,2,0,FALSE,TRUE,FALSE
"L_JUNHYE01",477,0,2,0,FALSE,TRUE,FALSE
"L_JUNHYE02",477,0,2,0,FALSE,TRUE,FALSE
"L_JUNHYE03",477,0,2,0,FALSE,TRUE,FALSE
"L_JUNHYE04",477,0,2,0,FALSE,TRUE,FALSE
"L_JUNINS01",477,0,2,0,FALSE,TRUE,FALSE
"L_JUNPHA03",477,0,2,0,FALSE,TRUE,FALSE
"L_JUNPHA06",467,0,12,0,FALSE,TRUE,FALSE
"L_JUNPHA07",467,0,12,0,FALSE,TRUE,FALSE
"L_JUNPHA15",477,0,2,0,FALSE,TRUE,FALSE
"L_LAGLAG01",479,0,0,0,FALSE,FALSE,FALSE
"L_LAGLAG02",444,0,35,0,FALSE,TRUE,FALSE
"L_LAGLAG03",477,0,2,0,FALSE,TRUE,FALSE
"L_LAMUT01_Leucocytozoon_lovati",305,0,174,0,FALSE,TRUE,FALSE
"L_LANBIC01",479,0,0,0,FALSE,FALSE,FALSE
"L_LANMER04",463,0,16,0,FALSE,TRUE,FALSE
"L_LANMER05",463,0,16,0,FALSE,TRUE,FALSE
"L_LARCAC02",479,0,0,0,FALSE,FALSE,FALSE
"L_LEILUT03",479,0,0,0,FALSE,FALSE,FALSE
"L_LEPCHA02",479,0,0,0,FALSE,FALSE,FALSE
"L_LEPCHA03",479,0,0,0,FALSE,FALSE,FALSE
"L_LEPVER01",465,0,14,0,FALSE,TRUE,FALSE
"L_LESNUN02",452,0,27,0,FALSE,TRUE,FALSE
"L_LOXLEU02",479,0,0,0,FALSE,FALSE,FALSE
"L_LOXLEU03",479,0,0,0,FALSE,FALSE,FALSE
"L_LOXLEU04",479,0,0,0,FALSE,FALSE,FALSE
"L_MARSQU01",457,0,22,0,FALSE,TRUE,FALSE
"L_MEAPI18",479,0,0,0,FALSE,FALSE,FALSE
"L_MEAPI19",479,0,0,0,FALSE,FALSE,FALSE
"L_MEAPI20",479,0,0,0,FALSE,FALSE,FALSE
"L_MEAPI21",479,0,0,0,FALSE,FALSE,FALSE
"L_MEAPI22",479,0,0,0,FALSE,FALSE,FALSE
"L_MEAPI23",479,0,0,0,FALSE,FALSE,FALSE
"L_MEGANT01",410,0,69,0,FALSE,TRUE,FALSE
"L_MEGANT02",402,0,77,0,FALSE,TRUE,FALSE
"L_MEGANT03",410,0,69,0,FALSE,TRUE,FALSE
"L_MEGANT04",410,0,69,0,FALSE,TRUE,FALSE
"L_MELFOR01",477,0,2,0,FALSE,TRUE,FALSE
"L_MELGEO03",477,0,2,0,FALSE,TRUE,FALSE
"L_MELLEW02",479,0,0,0,FALSE,FALSE,FALSE
"L_MELLIN02",477,0,2,0,FALSE,TRUE,FALSE
"L_MELLIN04",478,0,1,0,FALSE,TRUE,FALSE
"L_METMEL01",477,0,2,0,FALSE,TRUE,FALSE
"L_METMEL02",452,1,27,0,FALSE,TRUE,FALSE
"L_METMEL03",477,0,2,0,FALSE,TRUE,FALSE
"L_METMEL04",477,0,2,0,FALSE,TRUE,FALSE
"L_METMEL05",477,0,2,0,FALSE,TRUE,FALSE
"L_METYR01",476,0,3,0,FALSE,TRUE,FALSE
"L_MILANS04",479,0,0,0,FALSE,FALSE,FALSE
"L_MILVUS01",479,0,0,0,FALSE,FALSE,FALSE
"L_MILVUS02",479,0,0,0,FALSE,FALSE,FALSE
"L_MILVUS03",459,0,20,0,FALSE,TRUE,FALSE
"L_MIOSTR02",477,0,2,0,FALSE,TRUE,FALSE
"L_MNIVAR01",477,0,2,0,FALSE,TRUE,FALSE
"L_MOFLA01",469,0,10,0,FALSE,TRUE,FALSE
"L_MTUR1",467,0,12,0,FALSE,TRUE,FALSE
"L_MTUR2",468,0,11,0,FALSE,TRUE,FALSE
"L_MUSDAU01",432,0,47,0,FALSE,TRUE,FALSE
"L_MYARAL02",477,0,2,0,FALSE,TRUE,FALSE
"L_MYAUNI01",477,0,2,0,FALSE,TRUE,FALSE
"L_MYAUNI03",477,0,2,0,FALSE,TRUE,FALSE
"L_MYAUNI04",477,0,2,0,FALSE,TRUE,FALSE
"L_MYCAME09",477,0,2,0,FALSE,TRUE,FALSE
"L_MYFUM01",476,0,3,0,FALSE,TRUE,FALSE
"L_MYICIN01",472,0,7,0,FALSE,TRUE,FALSE
"L_MYIFLA02",450,0,29,0,FALSE,TRUE,FALSE
"L_MYIMEL02",457,0,22,0,FALSE,TRUE,FALSE
"L_MYITUB01",423,0,56,0,FALSE,TRUE,FALSE
"L_MYITUB02",478,0,1,0,FALSE,TRUE,FALSE
"L_MYMURO01",477,0,2,0,FALSE,TRUE,FALSE
"L_MYORN01",476,0,3,0,FALSE,TRUE,FALSE
"L_NECOQ01",444,0,35,0,FALSE,TRUE,FALSE
"L_NEHUM01",476,0,3,0,FALSE,TRUE,FALSE
"L_NENOT01",476,0,3,0,FALSE,TRUE,FALSE
"L_NENOT02",476,0,3,0,FALSE,TRUE,FALSE
"L_NENOT03",467,0,12,0,FALSE,TRUE,FALSE
"L_NEOLI02",417,0,62,0,FALSE,TRUE,FALSE
"L_NEVE01",479,0,0,0,FALSE,FALSE,FALSE
"L_NEWAM03",473,0,6,0,FALSE,TRUE,FALSE
"L_NEWAM08",479,0,0,0,FALSE,FALSE,FALSE
"L_NEWBR06",479,0,0,0,FALSE,FALSE,FALSE
"L_NINOX04",464,0,15,0,FALSE,TRUE,FALSE
"L_NINOX08",479,0,0,0,FALSE,FALSE,FALSE
"L_NUCCOL01",476,0,3,0,FALSE,TRUE,FALSE
"L_OCHPUL01",478,0,1,0,FALSE,TRUE,FALSE
"L_OCHRUF02",479,0,0,0,FALSE,FALSE,FALSE
"L_OCHRUF04",479,0,0,0,FALSE,FALSE,FALSE
"L_OCRUND01",452,0,27,0,FALSE,TRUE,FALSE
"L_OREPER03",479,0,0,0,FALSE,FALSE,FALSE
"L_ORORI04",461,0,18,0,FALSE,TRUE,FALSE
"L_OTSCO01",479,0,0,0,FALSE,FALSE,FALSE
"L_OTSCO02",305,0,174,0,FALSE,TRUE,TRUE
"L_OTSCO03",479,0,0,0,FALSE,FALSE,FALSE
"L_OTSCO06",479,0,0,0,FALSE,FALSE,FALSE
"L_OTSCO07",478,0,1,0,FALSE,TRUE,FALSE
"L_OTULEM03",479,0,0,0,FALSE,FALSE,FALSE
"L_OTULEM04",479,0,0,0,FALSE,FALSE,FALSE
"L_OTULEM05",479,0,0,0,FALSE,FALSE,FALSE
"L_OTUSCO03",479,0,0,0,FALSE,FALSE,TRUE
"L_OTUSCO04",479,0,0,0,FALSE,FALSE,FALSE
"L_OTUSCO05",473,0,6,0,FALSE,TRUE,FALSE
"L_OTUSCO06",479,0,0,0,FALSE,FALSE,FALSE
"L_OTUSCO07",479,0,0,0,FALSE,FALSE,FALSE
"L_OTUSCO08",479,0,0,0,FALSE,FALSE,FALSE
"L_OTUSCO09",479,0,0,0,FALSE,FALSE,FALSE
"L_PADOM35",479,0,0,0,FALSE,FALSE,FALSE
"L_PADOM36",479,0,0,0,FALSE,FALSE,FALSE
"L_PADOM37",479,0,0,0,FALSE,FALSE,FALSE
"L_PAHIS03",478,0,1,0,FALSE,TRUE,FALSE
"L_PANHAL01",478,0,1,0,FALSE,TRUE,FALSE
"L_PARHUD01",477,0,2,0,FALSE,TRUE,FALSE
"L_PARMIN01",449,0,30,0,FALSE,TRUE,FALSE
"L_PARMIN15",479,0,0,0,FALSE,FALSE,FALSE
"L_PARMIN17",479,0,0,0,FALSE,FALSE,FALSE
"L_PARMIN18",479,0,0,0,FALSE,FALSE,FALSE
"L_PARNOV01",478,0,1,0,FALSE,TRUE,FALSE
"L_PARUS11",479,0,0,0,FALSE,FALSE,FALSE
"L_PARUS12",479,0,0,0,FALSE,FALSE,FALSE
"L_PARUS13",477,0,2,0,FALSE,TRUE,FALSE
"L_PARUS14",477,0,2,0,FALSE,TRUE,FALSE
"L_PARUS15",477,0,2,0,FALSE,TRUE,FALSE
"L_PARUS16",477,0,2,0,FALSE,TRUE,FALSE
"L_PARUS17",477,0,2,0,FALSE,TRUE,FALSE
"L_PARUS18",479,0,0,0,FALSE,FALSE,FALSE
"L_PARUS19",477,0,2,0,FALSE,TRUE,FALSE
"L_PARUS20",479,0,0,0,FALSE,FALSE,FALSE
"L_PARUS21",479,0,0,0,FALSE,FALSE,FALSE
"L_PARUS22",477,0,2,0,FALSE,TRUE,FALSE
"L_PARUS23",459,0,20,0,FALSE,TRUE,FALSE
"L_PARUS25",476,0,3,0,FALSE,TRUE,FALSE
"L_PARUS26",476,0,3,0,FALSE,TRUE,FALSE
"L_PARUS27",476,0,3,0,FALSE,TRUE,FALSE
"L_PARUS28",476,0,3,0,FALSE,TRUE,FALSE
"L_PARUS29",476,0,3,0,FALSE,TRUE,FALSE
"L_PARUS30",476,0,3,0,FALSE,TRUE,FALSE
"L_PARUS31",476,0,3,0,FALSE,TRUE,FALSE
"L_PARUS32",476,0,3,0,FALSE,TRUE,FALSE
"L_PARUS33",476,0,3,0,FALSE,TRUE,FALSE
"L_PARUS34",476,0,3,0,FALSE,TRUE,FALSE
"L_PARUS35",425,0,54,0,FALSE,TRUE,FALSE
"L_PARUS36",463,0,16,0,FALSE,TRUE,FALSE
"L_PARUS37",392,0,87,0,FALSE,TRUE,TRUE
"L_PARUS38",476,0,3,0,FALSE,TRUE,FALSE
"L_PARUS39",476,0,3,0,FALSE,TRUE,FALSE
"L_PARUS4",479,0,0,0,FALSE,FALSE,FALSE
"L_PARUS40",476,0,3,0,FALSE,TRUE,FALSE
"L_PARUS41",476,0,3,0,FALSE,TRUE,FALSE
"L_PARUS42",476,0,3,0,FALSE,TRUE,FALSE
"L_PARUS43",476,0,3,0,FALSE,TRUE,FALSE
"L_PARUS44",476,0,3,0,FALSE,TRUE,FALSE
"L_PARUS45",476,0,3,0,FALSE,TRUE,FALSE
"L_PARUS46",476,0,3,0,FALSE,TRUE,FALSE
"L_PARUS47",476,0,3,0,FALSE,TRUE,FALSE
"L_PARUS48",476,0,3,0,FALSE,TRUE,FALSE
"L_PARUS49",476,0,3,0,FALSE,TRUE,FALSE
"L_PARUS50",476,0,3,0,FALSE,TRUE,FALSE
"L_PARUS51",476,0,3,0,FALSE,TRUE,FALSE
"L_PARUS52",476,0,3,0,FALSE,TRUE,FALSE
"L_PARUS53",476,0,3,0,FALSE,TRUE,FALSE
"L_PARUS54",476,0,3,0,FALSE,TRUE,FALSE
"L_PARUS55",476,0,3,0,FALSE,TRUE,FALSE
"L_PARUS56",476,0,3,0,FALSE,TRUE,FALSE
"L_PARUS57",476,0,3,0,FALSE,TRUE,FALSE
"L_PARUS58",476,0,3,0,FALSE,TRUE,FALSE
"L_PARUS59",476,0,3,0,FALSE,TRUE,FALSE
"L_PARUS61",432,0,47,0,FALSE,TRUE,FALSE
"L_PARUS69",479,0,0,0,FALSE,FALSE,FALSE
"L_PARUS7",479,0,0,0,FALSE,FALSE,FALSE
"L_PARUS70",479,0,0,0,FALSE,FALSE,FALSE
"L_PARUS71",479,0,0,0,FALSE,FALSE,FALSE
"L_PARUS72",479,0,0,0,FALSE,FALSE,FALSE
"L_PARUS73",479,0,0,0,FALSE,FALSE,FALSE
"L_PARUS74",479,0,0,0,FALSE,FALSE,FALSE
"L_PARUS76",479,0,0,0,FALSE,FALSE,FALSE
"L_PARUS77",479,0,0,0,FALSE,FALSE,FALSE
"L_PARUS78",479,0,0,0,FALSE,FALSE,FALSE
"L_PARUS79",479,0,0,0,FALSE,FALSE,FALSE
"L_PARUS8",479,0,0,0,FALSE,FALSE,FALSE
"L_PARUS81",479,0,0,0,FALSE,FALSE,FALSE
"L_PARUS82",479,0,0,0,FALSE,FALSE,FALSE
"L_PARUS83",479,0,0,0,FALSE,FALSE,FALSE
"L_PARUS84",479,0,0,0,FALSE,FALSE,FALSE
"L_PARUS85",434,0,45,0,FALSE,TRUE,FALSE
"L_PARUS86",446,0,33,0,FALSE,TRUE,FALSE
"L_PARUS87",479,0,0,0,FALSE,FALSE,FALSE
"L_PARUS88",479,0,0,0,FALSE,FALSE,FALSE
"L_PARUS89",445,0,34,0,FALSE,TRUE,FALSE
"L_PARUS90",457,0,22,0,FALSE,TRUE,FALSE
"L_PARUS93",476,0,3,0,FALSE,TRUE,FALSE
"L_PARUS94",476,0,3,0,FALSE,TRUE,FALSE
"L_PARVEN03",432,0,47,0,FALSE,TRUE,FALSE
"L_PARVEN19",479,0,0,0,FALSE,FALSE,FALSE
"L_PASDIF02",479,0,0,0,FALSE,FALSE,FALSE
"L_PASDIF03",479,0,0,0,FALSE,FALSE,TRUE
"L_PASSAN01",477,0,2,0,FALSE,TRUE,FALSE
"L_PASSAN02",477,0,2,0,FALSE,TRUE,FALSE
"L_PATFAS02",477,0,2,0,FALSE,TRUE,FALSE
"L_PATFAS03",478,0,1,0,FALSE,TRUE,FALSE
"L_PATFAS04",477,0,2,0,FALSE,TRUE,FALSE
"L_PATFAS05",477,0,2,0,FALSE,TRUE,FALSE
"L_PAVER01",476,0,3,0,FALSE,TRUE,FALSE
"L_PELSEP03",479,0,0,0,FALSE,FALSE,FALSE
"L_PENPAN01",464,0,15,0,FALSE,TRUE,FALSE
"L_PENPAN02",464,0,15,0,FALSE,TRUE,FALSE
"L_PENPAN03",464,0,15,0,FALSE,TRUE,FALSE
"L_PENPAN04",464,0,15,0,FALSE,TRUE,FALSE
"L_PERAP02",464,0,15,0,FALSE,TRUE,FALSE
"L_PERATE01",479,0,0,0,FALSE,FALSE,FALSE
"L_PERATE02",479,0,0,0,FALSE,FALSE,FALSE
"L_PERATE03",479,0,0,0,FALSE,FALSE,FALSE
"L_PERATE04",479,0,0,0,FALSE,FALSE,FALSE
"L_PERATE06",479,0,0,0,FALSE,FALSE,FALSE
"L_PERATE07",479,0,0,0,FALSE,FALSE,TRUE
"L_PERATE08",444,0,35,0,FALSE,TRUE,TRUE
"L_PERATE09",479,0,0,0,FALSE,FALSE,TRUE
"L_PERCAN01",477,0,2,0,FALSE,TRUE,FALSE
"L_PERCAN02",458,0,21,0,FALSE,TRUE,FALSE
"L_PERCAN03",461,0,18,0,FALSE,TRUE,FALSE
"L_PERCAN04",479,0,0,0,FALSE,FALSE,FALSE
"L_PERCAN05",454,0,25,0,FALSE,TRUE,FALSE
"L_PERCAN26",477,0,2,0,FALSE,TRUE,FALSE
"L_PERCAN31",477,0,2,0,FALSE,TRUE,FALSE
"L_PFC2",479,0,0,0,FALSE,FALSE,FALSE
"L_PHABRA01",326,0,153,0,FALSE,TRUE,FALSE
"L_PHACAR02",476,0,3,0,FALSE,TRUE,FALSE
"L_PHALA02",423,0,56,0,FALSE,TRUE,FALSE
"L_PHARUB01",477,0,2,0,FALSE,TRUE,FALSE
"L_PHECHR01",458,0,21,0,FALSE,TRUE,FALSE
"L_PHECHR02",478,1,1,0,FALSE,TRUE,FALSE
"L_PHEEIS02",478,0,1,0,FALSE,TRUE,FALSE
"L_PHELUD01",479,0,0,0,FALSE,FALSE,FALSE
"L_PHEMEL01",475,0,4,0,FALSE,TRUE,TRUE
"L_PHFRU03",476,1,3,0,FALSE,TRUE,FALSE
"L_PHICAS01",479,0,0,0,FALSE,FALSE,FALSE
"L_PHILIC01",477,0,2,0,FALSE,TRUE,FALSE
"L_PHRPUN01",443,0,36,0,FALSE,TRUE,FALSE
"L_PHRUNI01",478,0,1,0,FALSE,TRUE,FALSE
"L_PHYBOR01",479,0,0,0,FALSE,FALSE,FALSE
"L_PHYBOR02",479,0,0,0,FALSE,FALSE,FALSE
"L_PHYBOR03",479,0,0,0,FALSE,FALSE,FALSE
"L_PHYBOR10",477,0,2,0,FALSE,TRUE,FALSE
"L_PHYRAR01",477,0,2,0,FALSE,TRUE,FALSE
"L_PHYRAR02",477,0,2,0,FALSE,TRUE,FALSE
"L_PHYRAR03",477,0,2,0,FALSE,TRUE,FALSE
"L_PHYRAR04",477,0,2,0,FALSE,TRUE,FALSE
"L_PICNUT01",476,1,3,0,FALSE,TRUE,TRUE
"L_PICNUT02",476,0,3,0,FALSE,TRUE,FALSE
"L_PICNUT03",476,0,3,0,FALSE,TRUE,FALSE
"L_PICPIC01",478,0,1,0,FALSE,TRUE,FALSE
"L_PICPIC02",479,0,0,0,FALSE,FALSE,FALSE
"L_PICVIR01",479,0,0,0,FALSE,FALSE,TRUE
"L_PICVIR02",464,0,15,0,FALSE,TRUE,FALSE
"L_PIPARC02",479,0,0,0,FALSE,FALSE,FALSE
"L_PIPARC03",479,0,0,0,FALSE,FALSE,FALSE
"L_PIPERY01",477,0,2,0,FALSE,TRUE,FALSE
"L_PIPERY03",477,0,2,0,FALSE,TRUE,FALSE
"L_PIPRIE03",479,0,0,0,FALSE,FALSE,FALSE
"L_PIPRIE04",479,0,0,0,FALSE,FALSE,FALSE
"L_PIRFLA02",476,0,3,0,FALSE,TRUE,FALSE
"L_PIRFLA03",476,0,3,0,FALSE,TRUE,FALSE
"L_PIRIE01_Leucocytozoon_neotropicalis",479,0,0,0,FALSE,FALSE,FALSE
"L_PIRIE02",476,0,3,0,FALSE,TRUE,FALSE
"L_PIRLUD03",476,0,3,0,FALSE,TRUE,FALSE
"L_PIRLUD04",476,0,3,0,FALSE,TRUE,FALSE
"L_PIRLUD05",476,0,3,0,FALSE,TRUE,FALSE
"L_PIROLI04",462,0,17,0,FALSE,TRUE,FALSE
"L_PITDIC04",479,0,0,0,FALSE,FALSE,FALSE
"L_PLACYA02",476,0,3,0,FALSE,TRUE,FALSE
"L_PLACYA03",479,0,0,0,FALSE,FALSE,FALSE
"L_PLOCUC01",478,0,1,0,FALSE,TRUE,FALSE
"L_PLOCUC03",479,0,0,0,FALSE,FALSE,FALSE
"L_PLOCUC04",476,0,3,0,FALSE,TRUE,FALSE
"L_PLOCUC06",479,0,0,0,FALSE,FALSE,FALSE
"L_PLOMEL04",478,0,1,0,FALSE,TRUE,FALSE
"L_PLONIG04",476,0,3,0,FALSE,TRUE,FALSE
"L_PLONIG05",476,0,3,0,FALSE,TRUE,FALSE
"L_PLONIG06",476,0,3,0,FALSE,TRUE,FALSE
"L_PLONIG10",476,0,3,0,FALSE,TRUE,FALSE
"L_PLONIG11",476,0,3,0,FALSE,TRUE,FALSE
"L_PLONIG12",476,0,3,0,FALSE,TRUE,FALSE
"L_PLONIG13",476,0,3,0,FALSE,TRUE,FALSE
"L_PLONIG14",476,0,3,0,FALSE,TRUE,FALSE
"L_PLONIG15",479,0,0,0,FALSE,FALSE,FALSE
"L_PLOSAN01",479,0,0,0,FALSE,FALSE,FALSE
"L_PLOSAN04",477,0,2,0,FALSE,TRUE,FALSE
"L_POEATR11",479,0,0,0,FALSE,FALSE,FALSE
"L_POEATR12",479,0,0,0,FALSE,FALSE,FALSE
"L_POEATR13",479,0,0,0,FALSE,FALSE,FALSE
"L_POEATR14",479,0,0,0,FALSE,FALSE,FALSE
"L_POEATR15",479,0,0,0,FALSE,FALSE,FALSE
"L_POEATR16",479,0,0,0,FALSE,FALSE,FALSE
"L_POEATR17",479,0,0,0,FALSE,FALSE,FALSE
"L_POECAR02",477,0,2,0,FALSE,TRUE,FALSE
"L_POEGAM03",479,0,0,0,FALSE,FALSE,FALSE
"L_POEGAM04",479,0,0,0,FALSE,FALSE,FALSE
"L_POEHUD01",479,0,0,0,FALSE,FALSE,FALSE
"L_POEHYB01",477,0,2,0,FALSE,TRUE,FALSE
"L_POEHYB02",479,0,0,0,FALSE,FALSE,FALSE
"L_POEHYB03",477,0,2,0,FALSE,TRUE,FALSE
"L_POEMON03",476,0,3,0,FALSE,TRUE,TRUE
"L_POEMON04",400,0,79,0,FALSE,TRUE,FALSE
"L_POEMON05",354,0,125,0,FALSE,TRUE,FALSE
"L_POOCAE01",453,0,26,0,FALSE,TRUE,FALSE
"L_POOCAE02",478,0,1,0,FALSE,TRUE,FALSE
"L_POOCAE04",478,0,1,0,FALSE,TRUE,FALSE
"L_POOHIS02",452,0,27,0,FALSE,TRUE,FALSE
"L_PROCAF02",478,0,1,0,FALSE,TRUE,FALSE
"L_PROCAF03",478,0,1,0,FALSE,TRUE,FALSE
"L_PROCAF04",478,0,1,0,FALSE,TRUE,FALSE
"L_PROSUB02",476,0,3,0,FALSE,TRUE,FALSE
"L_PROSUB03",476,0,3,0,FALSE,TRUE,FALSE
"L_PRUMOD01",479,0,0,0,FALSE,FALSE,FALSE
"L_PRUMOD02",479,0,0,0,FALSE,FALSE,FALSE
"L_PSAANG01",477,0,2,0,FALSE,TRUE,FALSE
"L_PSEBOI01",477,0,2,0,FALSE,TRUE,FALSE
"L_PSEWAR02",479,0,0,0,FALSE,FALSE,FALSE
"L_PTIVIC03",479,0,0,0,FALSE,FALSE,FALSE
"L_PTIVIC04",446,0,33,0,FALSE,TRUE,FALSE
"L_PYCBAR01",471,0,8,0,FALSE,TRUE,FALSE
"L_PYCBAR02",479,0,0,0,FALSE,FALSE,FALSE
"L_PYCBAR03",479,0,0,0,FALSE,FALSE,FALSE
"L_PYCGPI02",464,0,15,0,FALSE,TRUE,FALSE
"L_PYCGPI03",464,0,15,0,FALSE,TRUE,FALSE
"L_PYCLEU3",479,0,0,0,FALSE,FALSE,FALSE
"L_PYCLEU4",479,0,0,0,FALSE,FALSE,FALSE
"L_PYCLEU5",479,0,0,0,FALSE,FALSE,FALSE
"L_PYCTRI02",455,0,24,0,FALSE,TRUE,FALSE
"L_PYCTRI03",453,0,26,0,FALSE,TRUE,FALSE
"L_PYCTRI04",455,0,24,0,FALSE,TRUE,FALSE
"L_PYJOC02",476,0,3,0,FALSE,TRUE,FALSE
"L_PYRCIN01",428,1,51,0,FALSE,TRUE,FALSE
"L_PYRLEU05",479,0,0,0,FALSE,FALSE,FALSE
"L_PYRPYR01",479,0,0,0,FALSE,FALSE,FALSE
"L_QUIQUI02",477,0,2,0,FALSE,TRUE,FALSE
"L_REB10",479,0,0,0,FALSE,FALSE,FALSE
"L_REB11",479,0,0,0,FALSE,FALSE,TRUE
"L_REB12L",468,1,11,0,FALSE,TRUE,TRUE
"L_REB6",479,0,0,0,FALSE,FALSE,FALSE
"L_REB7",479,0,0,0,FALSE,FALSE,FALSE
"L_REB8",479,0,0,0,FALSE,FALSE,FALSE
"L_REB9",479,0,0,0,FALSE,FALSE,FALSE
"L_RECOB3",478,0,1,0,FALSE,TRUE,FALSE
"L_REREG01",432,7,47,0,FALSE,TRUE,FALSE
"L_ROBIN2",479,0,0,0,FALSE,FALSE,FALSE
"L_ROFI6",479,0,0,0,FALSE,FALSE,FALSE
"L_ROFI7",445,0,34,0,FALSE,TRUE,FALSE
"L_RS2",479,0,0,0,FALSE,FALSE,FALSE
"L_RS3",479,0,0,0,FALSE,FALSE,FALSE
"L_RS4",469,0,10,0,FALSE,TRUE,FALSE
"L_SANG01",461,0,18,0,FALSE,TRUE,FALSE
"L_SANG02",461,0,18,0,FALSE,TRUE,FALSE
"L_SARCAL02",464,0,15,0,FALSE,TRUE,FALSE
"L_SATEC01",476,0,3,0,FALSE,TRUE,FALSE
"L_SBBS1",479,0,0,0,FALSE,FALSE,FALSE
"L_SCORUS01",479,0,0,0,FALSE,FALSE,FALSE
"L_SCY01",479,0,0,0,FALSE,FALSE,FALSE
"L_SEINOV02",464,0,15,0,FALSE,TRUE,TRUE
"L_SEINOV03",479,0,0,0,FALSE,FALSE,FALSE
"L_SEIXAN01",472,0,7,0,FALSE,TRUE,FALSE
"L_SEPSEP01",446,0,33,0,FALSE,TRUE,TRUE
"L_SERSER04",479,0,0,0,FALSE,FALSE,FALSE
"L_SETAUD25",476,0,3,0,FALSE,TRUE,FALSE
"L_SETAUD26",476,0,3,0,FALSE,TRUE,FALSE
"L_SETAUD27",450,0,29,0,FALSE,TRUE,TRUE
"L_SETAUD28",468,0,11,0,FALSE,TRUE,FALSE
"L_SETAUD29",452,0,27,0,FALSE,TRUE,FALSE
"L_SETAUD30",478,0,1,0,FALSE,TRUE,FALSE
"L_SETAUD31",476,0,3,0,FALSE,TRUE,FALSE
"L_SETCOR02",479,0,0,0,FALSE,FALSE,FALSE
"L_SETCOR04",479,0,0,0,FALSE,FALSE,FALSE
"L_SETCOR05",479,0,0,0,FALSE,FALSE,FALSE
"L_SETCOR06",479,0,0,0,FALSE,FALSE,TRUE
"L_SETCOR07",479,0,0,0,FALSE,FALSE,FALSE
"L_SETCOR08",479,0,0,0,FALSE,FALSE,FALSE
"L_SETCOR09",479,0,0,0,FALSE,FALSE,FALSE
"L_SETCOR10",479,0,0,0,FALSE,FALSE,FALSE
"L_SETCOR11",479,0,0,0,FALSE,FALSE,FALSE
"L_SETCOR12",479,0,0,0,FALSE,FALSE,FALSE
"L_SETCOR13",479,0,0,0,FALSE,FALSE,FALSE
"L_SETCOR14",479,0,0,0,FALSE,FALSE,FALSE
"L_SETCOR15",479,0,0,0,FALSE,FALSE,FALSE
"L_SETCOR16",479,1,0,0,FALSE,FALSE,FALSE
"L_SETCOR17",479,0,0,0,FALSE,FALSE,FALSE
"L_SETCOR18",479,0,0,0,FALSE,FALSE,FALSE
"L_SETCOR19",479,1,0,0,FALSE,FALSE,FALSE
"L_SETGRA02",476,0,3,0,FALSE,TRUE,FALSE
"L_SETGRA03",476,0,3,0,FALSE,TRUE,FALSE
"L_SETPAL02",477,0,2,0,FALSE,TRUE,FALSE
"L_SETPAL03",477,0,2,0,FALSE,TRUE,FALSE
"L_SETPET03",479,0,0,0,FALSE,FALSE,FALSE
"L_SETPET04",479,0,0,0,FALSE,FALSE,FALSE
"L_SETSTR01",477,0,2,0,FALSE,TRUE,FALSE
"L_SFC12",479,0,0,0,FALSE,FALSE,FALSE
"L_SFC7",479,0,0,0,FALSE,FALSE,FALSE
"L_SFC8",479,0,0,0,FALSE,FALSE,FALSE
"L_SIAMEX03",476,0,3,0,FALSE,TRUE,FALSE
"L_SIBIC01",427,0,52,1,TRUE,TRUE,FALSE
"L_SILUT01",446,0,33,0,FALSE,TRUE,TRUE
"L_SIMASA01",441,0,38,0,FALSE,TRUE,FALSE
"L_SIMASA02",441,0,38,0,FALSE,TRUE,FALSE
"L_SIMASA03",441,0,38,0,FALSE,TRUE,FALSE
"L_SIMASA04",441,0,38,0,FALSE,TRUE,FALSE
"L_SIMASA05",441,0,38,0,FALSE,TRUE,FALSE
"L_SIMASA06",441,0,38,0,FALSE,TRUE,FALSE
"L_SIMASA07",441,0,38,0,FALSE,TRUE,FALSE
"L_SIMASA08",441,0,38,0,FALSE,TRUE,FALSE
"L_SIMASA09",441,0,38,0,FALSE,TRUE,FALSE
"L_SIMASA10",441,0,38,0,FALSE,TRUE,FALSE
"L_SIMCHU01",441,0,38,0,FALSE,TRUE,FALSE
"L_SIMCHU02",441,0,38,0,FALSE,TRUE,FALSE
"L_SIMCHU03",441,0,38,0,FALSE,TRUE,FALSE
"L_SIMKHE01",441,0,38,0,FALSE,TRUE,FALSE
"L_SIMKHE02",441,0,38,0,FALSE,TRUE,FALSE
"L_SIMKHE03",441,0,38,0,FALSE,TRUE,FALSE
"L_SIMKHE04",441,0,38,0,FALSE,TRUE,FALSE
"L_SIMKHE05",441,0,38,0,FALSE,TRUE,FALSE
"L_SIMKHE06",441,0,38,0,FALSE,TRUE,FALSE
"L_SIMKHE07",441,0,38,0,FALSE,TRUE,FALSE
"L_SIMKHE08",441,0,38,0,FALSE,TRUE,FALSE
"L_SIMKHE09",441,0,38,0,FALSE,TRUE,FALSE
"L_SIMKHE10",441,0,38,0,FALSE,TRUE,FALSE
"L_SIMKHE11",441,0,38,0,FALSE,TRUE,FALSE
"L_SIMKHE12",441,0,38,0,FALSE,TRUE,FALSE
"L_SIMKHE13",441,0,38,0,FALSE,TRUE,FALSE
"L_SIMKHE14",441,0,38,0,FALSE,TRUE,FALSE
"L_SIMKHE15",441,0,38,0,FALSE,TRUE,FALSE
"L_SIMKHE16",441,0,38,0,FALSE,TRUE,FALSE
"L_SIMKHE17",441,0,38,0,FALSE,TRUE,FALSE
"L_SIMKHE18",441,0,38,0,FALSE,TRUE,FALSE
"L_SIMKHE19",441,0,38,0,FALSE,TRUE,FALSE
"L_SIMKHE20",441,0,38,0,FALSE,TRUE,FALSE
"L_SIMKHE21",441,0,38,0,FALSE,TRUE,FALSE
"L_SIMKHE22",441,0,38,0,FALSE,TRUE,FALSE
"L_SIMKHE23",441,0,38,0,FALSE,TRUE,FALSE
"L_SIMKHE24",441,0,38,0,FALSE,TRUE,FALSE
"L_SIMKHE25",441,0,38,0,FALSE,TRUE,FALSE
"L_SIMKHE26",441,0,38,0,FALSE,TRUE,FALSE
"L_SIMKHE27",441,0,38,0,FALSE,TRUE,FALSE
"L_SIMKHE28",441,0,38,0,FALSE,TRUE,FALSE
"L_SIMKHE29",441,0,38,0,FALSE,TRUE,FALSE
"L_SIMKHE30",441,0,38,0,FALSE,TRUE,FALSE
"L_SIMKHE31",441,0,38,0,FALSE,TRUE,FALSE
"L_SIMKHE32",441,0,38,0,FALSE,TRUE,FALSE
"L_SIMKHE33",441,0,38,0,FALSE,TRUE,FALSE
"L_SIMKHE34",441,0,38,0,FALSE,TRUE,FALSE
"L_SIMKHE35",441,0,38,0,FALSE,TRUE,FALSE
"L_SIMKHE36",441,0,38,0,FALSE,TRUE,FALSE
"L_SIMKHE37",441,0,38,0,FALSE,TRUE,FALSE
"L_SIMKHE38",441,0,38,0,FALSE,TRUE,FALSE
"L_SIMKHE39",441,0,38,0,FALSE,TRUE,FALSE
"L_SIMUI01",426,0,53,0,FALSE,TRUE,FALSE
"L_SIMUL01",479,0,0,0,FALSE,FALSE,FALSE
"L_SISKIN2",479,0,0,0,FALSE,FALSE,FALSE
"L_SITTAKRU3",432,0,47,0,FALSE,TRUE,FALSE
"L_SITTAKRU4",432,0,47,0,FALSE,TRUE,FALSE
"L_SITVAR01",479,0,0,0,FALSE,FALSE,FALSE
"L_SPIARB02",477,0,2,0,FALSE,TRUE,FALSE
"L_SPIBAR01",477,0,2,0,FALSE,TRUE,FALSE
"L_SPIPAS07",479,0,0,0,FALSE,FALSE,TRUE
"L_SPIPAS08",479,0,0,0,FALSE,FALSE,FALSE
"L_SPIPAS09",479,0,0,0,FALSE,FALSE,FALSE
"L_SPIPAS10",479,0,0,0,FALSE,FALSE,FALSE
"L_SPIPAS13",477,0,2,0,FALSE,TRUE,FALSE
"L_SPIPAS14",477,0,2,0,FALSE,TRUE,FALSE
"L_SPIPAS15",477,0,2,0,FALSE,TRUE,FALSE
"L_SPIPAS16",477,0,2,0,FALSE,TRUE,FALSE
"L_SPISEN04",448,0,31,0,FALSE,TRUE,FALSE
"L_SPISEN05",479,0,0,0,FALSE,FALSE,FALSE
"L_SPOCIN01",479,0,0,0,FALSE,FALSE,FALSE
"L_STAL09",478,0,1,0,FALSE,TRUE,FALSE
"L_STAL1",478,0,1,0,FALSE,TRUE,FALSE
"L_STAL10",478,0,1,0,FALSE,TRUE,FALSE
"L_STAL11",476,0,3,0,FALSE,TRUE,FALSE
"L_STAL12",478,0,1,0,FALSE,TRUE,FALSE
"L_STAL13",476,0,3,0,FALSE,TRUE,FALSE
"L_STAL3",477,0,2,0,FALSE,TRUE,TRUE
"L_STAL5",479,0,0,0,FALSE,FALSE,FALSE
"L_STAL7",420,0,59,0,FALSE,TRUE,FALSE
"L_STAL8",456,0,23,0,FALSE,TRUE,FALSE
"L_STOCC03",479,0,0,0,FALSE,FALSE,FALSE
"L_STOCC04",479,0,0,0,FALSE,FALSE,FALSE
"L_STOCC05",479,0,0,0,FALSE,FALSE,FALSE
"L_STOCC06",479,0,0,0,FALSE,FALSE,FALSE
"L_STOCC07",479,0,0,0,FALSE,FALSE,FALSE
"L_STOCC08",479,0,0,0,FALSE,FALSE,FALSE
"L_STOCC09",479,0,0,0,FALSE,FALSE,FALSE
"L_STOCC10",479,0,0,0,FALSE,FALSE,FALSE
"L_STOCC11",479,0,0,0,FALSE,FALSE,FALSE
"L_STOCC12",479,0,0,0,FALSE,FALSE,FALSE
"L_STOCC13",479,0,0,0,FALSE,FALSE,FALSE
"L_STOCC14",479,0,0,0,FALSE,FALSE,FALSE
"L_STOCC15",479,0,0,0,FALSE,FALSE,FALSE
"L_STOCC16",479,0,0,0,FALSE,FALSE,FALSE
"L_STPIC01",476,0,3,0,FALSE,TRUE,FALSE
"L_STRALU01",478,0,1,0,FALSE,TRUE,TRUE
"L_STRORI02",479,0,0,0,FALSE,FALSE,FALSE
"L_STRORI03",479,0,0,0,FALSE,FALSE,FALSE
"L_STRORI04",479,0,0,0,FALSE,FALSE,FALSE
"L_STRORI05",479,0,0,0,FALSE,FALSE,FALSE
"L_STRORI06",479,0,0,0,FALSE,FALSE,FALSE
"L_STRVAR01",477,0,2,0,FALSE,TRUE,FALSE
"L_STUR1",479,0,0,0,FALSE,FALSE,FALSE
"L_STVAR05",479,0,0,0,FALSE,FALSE,FALSE
"L_SURULU01",477,0,2,0,FALSE,TRUE,FALSE
"L_SYAT20",479,0,0,0,FALSE,FALSE,FALSE
"L_SYAT22",479,0,0,0,FALSE,FALSE,FALSE
"L_SYAT39",479,0,0,0,FALSE,FALSE,FALSE
"L_SYAT40",459,0,20,0,FALSE,TRUE,FALSE
"L_SYAT42",432,0,47,0,FALSE,TRUE,TRUE
"L_SYAT43",479,0,0,0,FALSE,FALSE,FALSE
"L_SYBOR06",476,0,3,0,FALSE,TRUE,FALSE
"L_SYBOR07",479,0,0,0,FALSE,FALSE,FALSE
"L_SYBOR08",474,0,5,0,FALSE,TRUE,FALSE
"L_SYBOR12",479,0,0,0,FALSE,FALSE,FALSE
"L_SYBOR22",469,0,10,0,FALSE,TRUE,FALSE
"L_SYBOR23",479,0,0,0,FALSE,FALSE,FALSE
"L_SYBOR24",469,0,10,0,FALSE,TRUE,FALSE
"L_SYBOR25",469,0,10,0,FALSE,TRUE,TRUE
"L_SYBOR26",469,1,10,0,FALSE,TRUE,FALSE
"L_SYBOR27",466,0,13,0,FALSE,TRUE,FALSE
"L_SYBOR28",458,0,21,0,FALSE,TRUE,FALSE
"L_SYBOR29",432,0,47,0,FALSE,TRUE,FALSE
"L_SYBOR32",476,0,3,0,FALSE,TRUE,FALSE
"L_SYBOR33",467,0,12,0,FALSE,TRUE,FALSE
"L_SYBOR34",446,0,33,0,FALSE,TRUE,FALSE
"L_SYCON03",479,0,0,0,FALSE,FALSE,FALSE
"L_SYCON04",479,0,0,0,FALSE,FALSE,FALSE
"L_SYCON05",479,0,0,0,FALSE,FALSE,TRUE
"L_SYCON06",479,0,0,0,FALSE,FALSE,TRUE
"L_SYMEL04",479,0,0,0,FALSE,FALSE,FALSE
"L_SYMEL05",479,0,0,0,FALSE,FALSE,FALSE
"L_SYNIS4",479,0,0,0,FALSE,FALSE,FALSE
"L_SYNRUF01",477,0,2,0,FALSE,TRUE,FALSE
"L_TABI09",479,0,0,0,FALSE,FALSE,FALSE
"L_TANNIG01",477,0,2,0,FALSE,TRUE,FALSE
"L_TANVAS01",477,0,2,0,FALSE,TRUE,FALSE
"L_TANVAS03",464,0,15,0,FALSE,TRUE,FALSE
"L_TANVAS04",478,1,1,0,FALSE,TRUE,FALSE
"L_TANVAS05",477,0,2,0,FALSE,TRUE,FALSE
"L_TANVIR01",477,0,2,0,FALSE,TRUE,FALSE
"L_TANVIR02",477,0,2,0,FALSE,TRUE,FALSE
"L_TANXAN02",479,0,0,0,FALSE,FALSE,FALSE
"L_TANXAN03",479,0,0,0,FALSE,FALSE,FALSE
"L_TARCYA01",479,0,0,0,FALSE,FALSE,TRUE
"L_TARCYA02",420,0,59,0,FALSE,TRUE,FALSE
"L_TARCYA03",387,0,92,0,FALSE,TRUE,FALSE
"L_TARCYA04",305,0,174,0,FALSE,TRUE,FALSE
"L_TERMUT01",479,0,0,0,FALSE,FALSE,FALSE
"L_TFUS01_Leucocytozoon_fringillinarum",407,0,72,0,FALSE,TRUE,FALSE
"L_TFUS02_Leucocytozoon_fringillinarum",407,0,72,0,FALSE,TRUE,FALSE
"L_TFUS03_Leucocytozoon_fringillinarum",407,0,72,0,FALSE,TRUE,FALSE
"L_TFUS04_Leucocytozoon_fringillinarum",476,0,3,0,FALSE,TRUE,FALSE
"L_TFUS07",476,0,3,0,FALSE,TRUE,FALSE
"L_TFUS08",476,0,3,0,FALSE,TRUE,FALSE
"L_TFUS09",476,0,3,0,FALSE,TRUE,FALSE
"L_TFUS10",476,0,3,0,FALSE,TRUE,FALSE
"L_TFUS12",476,0,3,0,FALSE,TRUE,FALSE
"L_TFUS13",476,0,3,0,FALSE,TRUE,FALSE
"L_TFUS14",479,0,0,0,FALSE,FALSE,FALSE
"L_TFUS15",478,0,1,0,FALSE,TRUE,FALSE
"L_THABER01",452,0,27,0,FALSE,TRUE,FALSE
"L_THAGLA03",477,0,2,0,FALSE,TRUE,FALSE
"L_THLORN01",478,0,1,0,FALSE,TRUE,TRUE
"L_THRBON03",446,1,33,0,FALSE,TRUE,FALSE
"L_THRCYA01",479,0,0,0,FALSE,FALSE,FALSE
"L_THRCYA04",478,0,1,0,FALSE,TRUE,FALSE
"L_TOXPOL01",479,1,0,0,FALSE,FALSE,FALSE
"L_TROAED01",478,0,1,0,FALSE,TRUE,FALSE
"L_TROAED02",478,0,1,0,FALSE,TRUE,TRUE
"L_TROAED03",478,0,1,0,FALSE,TRUE,FALSE
"L_TROAED04",478,0,1,0,FALSE,TRUE,FALSE
"L_TROAED05",478,0,1,0,FALSE,TRUE,FALSE
"L_TROAED06",478,0,1,0,FALSE,TRUE,FALSE
"L_TROAED07",478,0,1,0,FALSE,TRUE,FALSE
"L_TROAED08",448,0,31,0,FALSE,TRUE,TRUE
"L_TROAED09",478,0,1,0,FALSE,TRUE,FALSE
"L_TROAED10",419,4,60,0,FALSE,TRUE,TRUE
"L_TROAED11",478,0,1,0,FALSE,TRUE,FALSE
"L_TROAED27",477,0,2,0,FALSE,TRUE,FALSE
"L_TROSOL01",447,0,32,0,FALSE,TRUE,FALSE
"L_TROTRO02",330,0,149,0,FALSE,TRUE,FALSE
"L_TRPIP1",479,0,0,0,FALSE,FALSE,FALSE
"L_TRPIP2",479,0,0,0,FALSE,FALSE,FALSE
"L_TRPIP3",422,0,57,0,FALSE,TRUE,TRUE
"L_TUCAR02",479,0,0,0,FALSE,FALSE,FALSE
"L_TUFAL01",422,0,57,0,FALSE,TRUE,FALSE
"L_TUFAL02",420,0,59,0,FALSE,TRUE,FALSE
"L_TUFAL03",424,0,55,0,FALSE,TRUE,FALSE
"L_TUFAL04",301,0,178,0,FALSE,TRUE,TRUE
"L_TUFAL05",301,0,178,0,FALSE,TRUE,FALSE
"L_TUFAL06",283,0,196,0,FALSE,TRUE,FALSE
"L_TUMER01",476,0,3,0,FALSE,TRUE,FALSE
"L_TUMER02",476,0,3,0,FALSE,TRUE,TRUE
"L_TUMER03",479,0,0,0,FALSE,FALSE,FALSE
"L_TUMER07",479,0,0,0,FALSE,FALSE,FALSE
"L_TUMER08",479,0,0,0,FALSE,FALSE,FALSE
"L_TUMER09",479,0,0,0,FALSE,FALSE,FALSE
"L_TUMER10",478,0,1,0,FALSE,TRUE,FALSE
"L_TUMER18",476,0,3,0,FALSE,TRUE,FALSE
"L_TUMER19",479,0,0,0,FALSE,FALSE,FALSE
"L_TUMER20",476,0,3,0,FALSE,TRUE,FALSE
"L_TUMIG09",479,0,0,0,FALSE,FALSE,FALSE
"L_TUMIG11",479,0,0,0,FALSE,FALSE,FALSE
"L_TUMIG12",479,0,0,0,FALSE,FALSE,FALSE
"L_TUMIG13",479,0,0,0,FALSE,FALSE,FALSE
"L_TUMIG14",479,0,0,0,FALSE,FALSE,FALSE
"L_TUMIG15",479,0,0,0,FALSE,FALSE,FALSE
"L_TUMIG16",454,0,25,0,FALSE,TRUE,FALSE
"L_TUMIG17",474,0,5,0,FALSE,TRUE,FALSE
"L_TUMIG18",454,0,25,0,FALSE,TRUE,FALSE
"L_TUMIG19",479,0,0,0,FALSE,FALSE,FALSE
"L_TUMIG20",479,0,0,0,FALSE,FALSE,FALSE
"L_TUNIG01",477,0,2,0,FALSE,TRUE,FALSE
"L_TUOBS01",479,0,0,0,FALSE,FALSE,FALSE
"L_TUPHI02",451,6,28,0,FALSE,TRUE,TRUE
"L_TUPHI03",455,0,24,0,FALSE,TRUE,FALSE
"L_TUPHI04",479,0,0,0,FALSE,FALSE,FALSE
"L_TUPHI05",479,0,0,0,FALSE,FALSE,FALSE
"L_TUPHI06",479,0,0,0,FALSE,FALSE,FALSE
"L_TUPHI07",446,0,33,0,FALSE,TRUE,FALSE
"L_TUPHI11",476,0,3,0,FALSE,TRUE,FALSE
"L_TUPHI12",476,0,3,0,FALSE,TRUE,FALSE
"L_TUPHI13",479,0,0,0,FALSE,FALSE,TRUE
"L_TUPHI14",479,0,0,0,FALSE,FALSE,FALSE
"L_TURALB04",477,0,2,0,FALSE,TRUE,FALSE
"L_TURASS01",477,0,2,0,FALSE,TRUE,FALSE
"L_TURASS02",477,0,2,0,FALSE,TRUE,FALSE
"L_TURCHI01",450,0,29,0,FALSE,TRUE,FALSE
"L_TUREUN01",479,0,0,0,FALSE,FALSE,TRUE
"L_TURFAL05",477,0,2,0,FALSE,TRUE,TRUE
"L_TURFAL07",477,0,2,0,FALSE,TRUE,FALSE
"L_TURFAL08",477,0,2,0,FALSE,TRUE,FALSE
"L_TURFAL09",477,0,2,0,FALSE,TRUE,FALSE
"L_TURFAL10",477,0,2,0,FALSE,TRUE,FALSE
"L_TURILI01",479,0,0,0,FALSE,FALSE,FALSE
"L_TURJAR01",473,0,6,0,FALSE,TRUE,FALSE
"L_TURJAR02",454,0,25,0,FALSE,TRUE,FALSE
"L_TURJAR03",412,0,67,0,FALSE,TRUE,FALSE
"L_TURJAR04",452,0,27,0,FALSE,TRUE,FALSE
"L_TURJAR05",454,0,25,0,FALSE,TRUE,FALSE
"L_TURMER10",476,0,3,0,FALSE,TRUE,FALSE
"L_TURMER11",476,0,3,0,FALSE,TRUE,TRUE
"L_TURMER12",476,0,3,0,FALSE,TRUE,TRUE
"L_TURMER13",476,0,3,0,FALSE,TRUE,TRUE
"L_TURMER14",476,0,3,0,FALSE,TRUE,FALSE
"L_TURMER15",479,0,0,0,FALSE,FALSE,FALSE
"L_TURMER16",401,0,78,0,FALSE,TRUE,FALSE
"L_TURMIG05",477,0,2,0,FALSE,TRUE,FALSE
"L_TURMIG08",477,0,2,0,FALSE,TRUE,FALSE
"L_TURMIG09",477,0,2,0,FALSE,TRUE,FALSE
"L_TURMIG10",479,0,0,0,FALSE,FALSE,FALSE
"L_TURMIG11",477,0,2,0,FALSE,TRUE,TRUE
"L_TURMIG17",477,0,2,0,FALSE,TRUE,FALSE
"L_TURMIG21",477,0,2,0,FALSE,TRUE,FALSE
"L_TURNAU01",479,0,0,0,FALSE,FALSE,FALSE
"L_TUROLI06",479,0,0,0,FALSE,FALSE,FALSE
"L_TUROLI08",445,0,34,0,FALSE,TRUE,FALSE
"L_TUROLI09",479,0,0,0,FALSE,FALSE,FALSE
"L_TUROLI10",477,0,2,0,FALSE,TRUE,FALSE
"L_TURPAL02",479,0,0,0,FALSE,FALSE,FALSE
"L_TURPEL01",479,0,0,0,FALSE,FALSE,FALSE
"L_TURPEL02",477,0,2,0,FALSE,TRUE,FALSE
"L_TURPLE02",455,0,24,0,FALSE,TRUE,FALSE
"L_TURSER01",479,0,0,0,FALSE,FALSE,TRUE
"L_TUSER01",477,0,2,0,FALSE,TRUE,FALSE
"L_TUSW01",423,0,56,0,FALSE,TRUE,TRUE
"L_TUSW02",423,0,56,0,FALSE,TRUE,TRUE
"L_TUSW03",479,0,0,0,FALSE,FALSE,FALSE
"L_TUSW04",476,0,3,0,FALSE,TRUE,FALSE
"L_TUSW05",479,0,0,0,FALSE,FALSE,FALSE
"L_TUVIS01",479,0,0,0,FALSE,FALSE,FALSE
"L_TUVIS02",479,0,0,0,FALSE,FALSE,FALSE
"L_TYCQUA01",448,0,31,0,FALSE,TRUE,FALSE
"L_TYCQUA02",479,0,0,0,FALSE,FALSE,FALSE
"L_TYLEDU02",479,0,0,0,FALSE,FALSE,FALSE
"L_TYLEDU03",479,0,0,0,FALSE,FALSE,FALSE
"L_TYTAL12",451,1,28,0,FALSE,TRUE,TRUE
"L_VANCUR02",479,0,0,0,FALSE,FALSE,FALSE
"L_VERCEL01",477,0,2,0,FALSE,TRUE,FALSE
"L_VERCEL02",477,0,2,0,FALSE,TRUE,FALSE
"L_VIGIL02",477,0,2,0,FALSE,TRUE,FALSE
"L_VIGIL11",476,0,3,0,FALSE,TRUE,FALSE
"L_VIMWE2",479,0,0,0,FALSE,FALSE,FALSE
"L_VIRPLU05",476,0,3,0,FALSE,TRUE,FALSE
"L_VIRPLU06",456,0,23,0,FALSE,TRUE,FALSE
"L_VIRSOL01",477,0,2,0,FALSE,TRUE,FALSE
"L_VIRSOL02",477,0,2,0,FALSE,TRUE,FALSE
"L_WCH2",479,0,0,0,FALSE,FALSE,FALSE
"L_WW10",455,0,24,0,FALSE,TRUE,FALSE
"L_WW11",458,0,21,0,FALSE,TRUE,FALSE
"L_WW6",478,0,1,0,FALSE,TRUE,FALSE
"L_WW8",449,0,30,0,FALSE,TRUE,FALSE
"L_WW9",446,0,33,0,FALSE,TRUE,FALSE
"L_XANMAC01",479,0,0,0,FALSE,FALSE,FALSE
"L_XANMAC02",479,0,0,0,FALSE,FALSE,FALSE
"L_XENPOL01",479,0,0,0,FALSE,FALSE,FALSE
"L_YMWD1",479,0,0,0,FALSE,FALSE,FALSE
"L_YMWD2",478,0,1,0,FALSE,TRUE,FALSE
"L_ZOABY01",476,0,3,0,FALSE,TRUE,FALSE
"L_ZOABY02",476,0,3,0,FALSE,TRUE,FALSE
"L_ZOBOR01",476,0,3,0,FALSE,TRUE,FALSE
"L_ZOBOR02",476,0,3,0,FALSE,TRUE,FALSE
"L_ZOBOR03",476,0,3,0,FALSE,TRUE,FALSE
"L_ZOBOR04",476,0,3,0,FALSE,TRUE,FALSE
"L_ZOBOR05",476,0,3,0,FALSE,TRUE,FALSE
"L_ZOBOR06",476,0,3,0,FALSE,TRUE,FALSE
"L_ZOBOR07",476,0,3,0,FALSE,TRUE,FALSE
"L_ZOBOR08",476,0,3,0,FALSE,TRUE,FALSE
"L_ZOBOR09",422,1,57,0,FALSE,TRUE,FALSE
"L_ZOBOR10",476,0,3,0,FALSE,TRUE,FALSE
"L_ZOBOR11",476,0,3,0,FALSE,TRUE,FALSE
"L_ZOBOR12",476,0,3,0,FALSE,TRUE,FALSE
"L_ZOBOR13",476,0,3,0,FALSE,TRUE,FALSE
"L_ZOBOR14",476,0,3,0,FALSE,TRUE,FALSE
"L_ZOBOR15",476,0,3,0,FALSE,TRUE,FALSE
"L_ZOBOR16",476,0,3,0,FALSE,TRUE,FALSE
"L_ZOCAP04",409,0,70,0,FALSE,TRUE,FALSE
"L_ZOCAP05",424,0,55,0,FALSE,TRUE,TRUE
"L_ZOCAP06",422,0,57,0,FALSE,TRUE,TRUE
"L_ZOCAP07",476,0,3,0,FALSE,TRUE,FALSE
"L_ZOCHL01",476,0,3,0,FALSE,TRUE,FALSE
"L_ZOCHL02",452,0,27,0,FALSE,TRUE,FALSE
"L_ZOLEU02_Leucocytozoon_fringillinarum",479,0,0,0,FALSE,FALSE,FALSE
"L_ZOLEU04",479,0,0,0,FALSE,FALSE,FALSE
"L_ZOLEU05",479,0,0,0,FALSE,FALSE,FALSE
"L_ZOLEU06",479,0,0,0,FALSE,FALSE,FALSE
"L_ZOLEU07",479,0,0,0,FALSE,FALSE,FALSE
"L_ZOLPYR01",477,0,2,0,FALSE,TRUE,FALSE
"L_ZOMAD01",476,0,3,0,FALSE,TRUE,FALSE
"L_ZOMAD02",476,0,3,0,FALSE,TRUE,FALSE
"L_ZOMAD03",476,0,3,0,FALSE,TRUE,FALSE
"L_ZOMAD04",476,0,3,0,FALSE,TRUE,FALSE
"L_ZOMAD05",476,0,3,0,FALSE,TRUE,FALSE
"L_ZOMAD06",474,0,5,0,FALSE,TRUE,FALSE
"L_ZOMAU01",476,0,3,0,FALSE,TRUE,FALSE
"L_ZOMON02",464,0,15,0,FALSE,TRUE,FALSE
"L_ZONALB10",477,0,2,0,FALSE,TRUE,FALSE
"L_ZONALB11",477,0,2,0,FALSE,TRUE,FALSE
"L_ZONALB18",477,0,2,0,FALSE,TRUE,FALSE
"L_ZONALB19",477,0,2,0,FALSE,TRUE,FALSE
"L_ZONALB20",477,0,2,0,FALSE,TRUE,FALSE
"L_ZONALB21",477,0,2,0,FALSE,TRUE,FALSE
"L_ZONALB22",477,0,2,0,FALSE,TRUE,FALSE
"L_ZONALB24",477,0,2,0,FALSE,TRUE,FALSE
"L_ZONALB25",477,0,2,0,FALSE,TRUE,FALSE
"L_ZONALB26",477,0,2,0,FALSE,TRUE,FALSE
"L_ZONALB27",477,0,2,0,FALSE,TRUE,FALSE
"L_ZONALB32",477,0,2,0,FALSE,TRUE,FALSE
"L_ZONALB33",477,0,2,0,FALSE,TRUE,FALSE
"L_ZONALB34",477,0,2,0,FALSE,TRUE,FALSE
"L_ZONALB35",477,0,2,0,FALSE,TRUE,FALSE
"L_ZONALB38",477,0,2,0,FALSE,TRUE,FALSE
"L_ZONALB39",477,0,2,0,FALSE,TRUE,FALSE
"L_ZONALB41",477,0,2,0,FALSE,TRUE,FALSE
"L_ZONCAP05",477,0,2,0,FALSE,TRUE,FALSE
"L_ZONCAP06",477,0,2,0,FALSE,TRUE,FALSE
"L_ZONCAP07",477,0,2,0,FALSE,TRUE,FALSE
"L_ZONCAP08",478,0,1,0,FALSE,TRUE,FALSE
"L_ZONCAP09",478,1,1,0,FALSE,TRUE,FALSE
"L_ZONCAP12",478,0,1,0,FALSE,TRUE,FALSE
"L_ZONCAP13",476,0,3,0,FALSE,TRUE,FALSE
"L_ZONCAP14",478,0,1,0,FALSE,TRUE,FALSE
"L_ZONLEU01",477,0,2,0,FALSE,TRUE,FALSE
"L_ZONLEU03",477,0,2,0,FALSE,TRUE,FALSE
"L_ZONLEU04",477,0,2,0,FALSE,TRUE,FALSE
"L_ZONLEU05",477,0,2,0,FALSE,TRUE,FALSE
"L_ZOOAUR01",479,0,0,0,FALSE,FALSE,FALSE
"L_ZOOAUR02",479,0,0,0,FALSE,FALSE,FALSE
"L_ZOOAUR03",479,0,0,0,FALSE,FALSE,FALSE
"L_ZOONAE01",477,0,2,0,FALSE,TRUE,FALSE
"L_ZOONAE02",477,0,2,0,FALSE,TRUE,FALSE
"L_ZOSSEN04",479,0,0,0,FALSE,FALSE,FALSE
"N_ACCNIS06",479,0,0,0,FALSE,FALSE,FALSE
"N_ACCNIS07",479,0,0,0,FALSE,FALSE,FALSE
"N_ACCNIS08",479,0,0,0,FALSE,FALSE,FALSE
"N_ACCNIS09",479,0,0,0,FALSE,FALSE,FALSE
"N_BUBT1",479,0,0,0,FALSE,FALSE,FALSE
"N_BUTLIV02",479,0,0,0,FALSE,FALSE,FALSE
"N_CIAE08",478,0,1,0,FALSE,TRUE,FALSE
"P_ABJAC02",478,0,1,0,FALSE,TRUE,FALSE
"P_ACAGR1",479,0,0,0,FALSE,FALSE,FALSE
"P_ACCBAD01",478,0,1,0,FALSE,TRUE,FALSE
"P_ACCCOO01",477,0,2,0,FALSE,TRUE,FALSE
"P_ACCCOO02",477,0,2,0,FALSE,TRUE,FALSE
"P_ACCNIS05",479,0,0,0,FALSE,FALSE,FALSE
"P_ACCSOL01",464,0,15,0,FALSE,TRUE,FALSE
"P_ACCTAC01",479,0,0,0,FALSE,FALSE,FALSE
"P_ACNI09",479,0,0,0,FALSE,FALSE,FALSE
"P_ACTRI02",249,2,230,0,FALSE,TRUE,FALSE
"P_AEDSP01",479,0,0,0,FALSE,FALSE,FALSE
"P_AEDSP02",479,0,0,0,FALSE,FALSE,FALSE
"P_AEDSP03",479,0,0,0,FALSE,FALSE,FALSE
"P_AEDTAE01",478,0,1,0,FALSE,TRUE,FALSE
"P_AEDTAE02",478,0,1,0,FALSE,TRUE,FALSE
"P_AEDTAE03",478,0,1,0,FALSE,TRUE,FALSE
"P_AEDTAE04",478,0,1,0,FALSE,TRUE,FALSE
"P_AEDTAE05",478,0,1,0,FALSE,TRUE,FALSE
"P_AEDTAE06",467,0,12,0,FALSE,TRUE,FALSE
"P_AEDVEX01",479,0,0,0,FALSE,FALSE,TRUE
"P_AEESO01",439,0,40,0,FALSE,TRUE,FALSE
"P_AEESO02",479,0,0,0,FALSE,FALSE,FALSE
"P_AEFUN01",291,0,188,0,FALSE,TRUE,FALSE
"P_AEGMO03",479,0,0,0,FALSE,FALSE,FALSE
"P_AEGTIP01",479,0,0,0,FALSE,FALSE,FALSE
"P_AEMO01",478,0,1,0,FALSE,TRUE,FALSE
"P_AFR005",478,0,1,0,FALSE,TRUE,FALSE
"P_AFR006",478,0,1,0,FALSE,TRUE,FALSE
"P_AFR009",478,0,1,0,FALSE,TRUE,FALSE
"P_AFR013",478,0,1,0,FALSE,TRUE,FALSE
"P_AFR022",478,0,1,0,FALSE,TRUE,FALSE
"P_AFR023",478,0,1,0,FALSE,TRUE,FALSE
"P_AFR026",478,0,1,0,FALSE,TRUE,FALSE
"P_AFR028",478,0,1,0,FALSE,TRUE,FALSE
"P_AFR031",478,0,1,0,FALSE,TRUE,FALSE
"P_AFR033",478,0,1,0,FALSE,TRUE,FALSE
"P_AFR037",478,0,1,0,FALSE,TRUE,FALSE
"P_AFR040",478,0,1,0,FALSE,TRUE,FALSE
"P_AFR046",478,0,1,0,FALSE,TRUE,FALSE
"P_AFR047",478,0,1,0,FALSE,TRUE,FALSE
"P_AFR049",478,0,1,0,FALSE,TRUE,FALSE
"P_AFR054",478,0,1,0,FALSE,TRUE,FALSE
"P_AFR055",478,0,1,0,FALSE,TRUE,FALSE
"P_AFR058",478,0,1,0,FALSE,TRUE,FALSE
"P_AFR060",478,0,1,0,FALSE,TRUE,FALSE
"P_AFR065",478,0,1,0,FALSE,TRUE,FALSE
"P_AFR068",478,0,1,0,FALSE,TRUE,FALSE
"P_AFR069",478,0,1,0,FALSE,TRUE,FALSE
"P_AFR080",478,0,1,0,FALSE,TRUE,FALSE
"P_AFR082",478,0,1,0,FALSE,TRUE,FALSE
"P_AFR083",478,0,1,0,FALSE,TRUE,FALSE
"P_AFR086",478,0,1,0,FALSE,TRUE,FALSE
"P_AFR091",478,0,1,0,FALSE,TRUE,FALSE
"P_AFR092",478,0,1,0,FALSE,TRUE,FALSE
"P_AFR093",478,0,1,0,FALSE,TRUE,FALSE
"P_AFR094",478,0,1,0,FALSE,TRUE,FALSE
"P_AFR097",478,0,1,0,FALSE,TRUE,FALSE
"P_AFR099",478,0,1,0,FALSE,TRUE,FALSE
"P_AFR101",478,0,1,0,FALSE,TRUE,FALSE
"P_AFR104",478,0,1,0,FALSE,TRUE,FALSE
"P_AFR105",478,0,1,0,FALSE,TRUE,FALSE
"P_AFR106",478,0,1,0,FALSE,TRUE,FALSE
"P_AFR107",478,0,1,0,FALSE,TRUE,FALSE
"P_AFR108",478,0,1,0,FALSE,TRUE,FALSE
"P_AFR110",478,0,1,0,FALSE,TRUE,FALSE
"P_AFR115",478,0,1,0,FALSE,TRUE,FALSE
"P_AFR117",478,0,1,0,FALSE,TRUE,FALSE
"P_AFR118",478,0,1,0,FALSE,TRUE,FALSE
"P_AFR123",478,0,1,0,FALSE,TRUE,FALSE
"P_AFR124",478,0,1,0,FALSE,TRUE,FALSE
"P_AFR125",478,0,1,0,FALSE,TRUE,FALSE
"P_AFR127",478,0,1,0,FALSE,TRUE,FALSE
"P_AFR129",478,0,1,0,FALSE,TRUE,FALSE
"P_AFR131",478,0,1,0,FALSE,TRUE,FALSE
"P_AFR132",478,0,1,0,FALSE,TRUE,FALSE
"P_AFR134",478,0,1,0,FALSE,TRUE,FALSE
"P_AFR135",478,0,1,0,FALSE,TRUE,FALSE
"P_AFR140",478,0,1,0,FALSE,TRUE,FALSE
"P_AFR143",478,0,1,0,FALSE,TRUE,FALSE
"P_AFR145",478,0,1,0,FALSE,TRUE,FALSE
"P_AFR146",478,0,1,0,FALSE,TRUE,FALSE
"P_AFR147",478,0,1,0,FALSE,TRUE,FALSE
"P_AFR152",478,0,1,0,FALSE,TRUE,FALSE
"P_AFTRU07",305,0,174,0,FALSE,TRUE,FALSE
"P_AFTRU08",479,0,0,0,FALSE,FALSE,FALSE
"P_AFTRU09",476,1,3,0,FALSE,TRUE,FALSE
"P_AFTRU4",479,0,0,0,FALSE,FALSE,FALSE
"P_AFTRU5",479,0,0,0,FALSE,FALSE,FALSE
"P_AGAGA01",479,0,0,0,FALSE,FALSE,FALSE
"P_AGICT01",479,0,0,0,FALSE,FALSE,FALSE
"P_AKGPP02",425,0,54,0,FALSE,TRUE,FALSE
"P_AKGPP03",425,0,54,0,FALSE,TRUE,FALSE
"P_ALARV04",479,0,0,0,FALSE,FALSE,FALSE
"P_ALECAS01",479,0,0,0,FALSE,FALSE,FALSE
"P_ALECAS02",479,0,0,0,FALSE,FALSE,FALSE
"P_ALECAS03",479,0,0,0,FALSE,FALSE,FALSE
"P_ALECAS04",460,0,19,0,FALSE,TRUE,FALSE
"P_ALEDIA01",479,0,0,0,FALSE,FALSE,TRUE
"P_ALEDIA02_Plasmodium_parahexamerium",479,0,0,0,FALSE,FALSE,FALSE
"P_ALEFUE01",479,0,0,0,FALSE,FALSE,FALSE
"P_ALERUF01",477,0,2,0,FALSE,TRUE,FALSE
"P_ALERUF02",477,0,2,0,FALSE,TRUE,FALSE
"P_ALERUF03",477,0,2,0,FALSE,TRUE,FALSE
"P_ALERUF04",477,0,2,0,FALSE,TRUE,FALSE
"P_ALERUF05",477,0,2,0,FALSE,TRUE,FALSE
"P_ALMOR01",479,0,0,0,FALSE,FALSE,FALSE
"P_ALMOR02",479,6,0,0,FALSE,FALSE,FALSE
"P_ALMOR03",446,0,33,0,FALSE,TRUE,FALSE
"P_ALMOR04",446,0,33,0,FALSE,TRUE,FALSE
"P_ALPOL02",479,0,0,0,FALSE,FALSE,FALSE
"P_AMABRA01",477,0,2,0,FALSE,TRUE,FALSE
"P_AMACYA01",477,0,2,0,FALSE,TRUE,FALSE
"P_AMACYA02",477,0,2,0,FALSE,TRUE,FALSE
"P_AMMAUR01",479,0,0,0,FALSE,FALSE,TRUE
"P_AMMAUR02",479,0,0,0,FALSE,FALSE,FALSE
"P_ANAACU01",477,0,2,0,FALSE,TRUE,FALSE
"P_ANACYA01",477,0,2,0,FALSE,TRUE,FALSE
"P_ANAGEO01",477,0,2,0,FALSE,TRUE,FALSE
"P_ANAGEO02",477,0,2,0,FALSE,TRUE,FALSE
"P_ANAGEO03",477,0,2,0,FALSE,TRUE,FALSE
"P_ANAHAR03",478,0,1,0,FALSE,TRUE,FALSE
"P_ANANEW01",478,0,1,0,FALSE,TRUE,FALSE
"P_ANAPLA02",477,0,2,0,FALSE,TRUE,FALSE
"P_ANASTR02",478,0,1,0,FALSE,TRUE,FALSE
"P_ANGAL01",478,0,1,0,FALSE,TRUE,FALSE
"P_ANLAT01_Plasmodium_globularis",468,0,11,0,FALSE,TRUE,FALSE
"P_ANLAT03",479,0,0,0,FALSE,FALSE,FALSE
"P_ANLAT04",479,0,0,0,FALSE,FALSE,FALSE
"P_ANLAT05",479,0,0,0,FALSE,FALSE,FALSE
"P_ANLAT06",244,0,235,0,FALSE,TRUE,FALSE
"P_ANLAT07_Plasmodium_multivacuolaris",479,0,0,0,FALSE,FALSE,FALSE
"P_ANLAT09",479,0,0,0,FALSE,FALSE,FALSE
"P_ANSANS02",479,0,0,0,FALSE,FALSE,FALSE
"P_ANSCAN01",393,0,86,0,FALSE,TRUE,FALSE
"P_ANTCAM01",449,0,30,0,FALSE,TRUE,FALSE
"P_ANTCAM02",449,0,30,0,FALSE,TRUE,FALSE
"P_ANTCAM04",449,0,30,0,FALSE,TRUE,FALSE
"P_ANTCAM05",449,0,30,0,FALSE,TRUE,FALSE
"P_ANTCAM06",449,0,30,0,FALSE,TRUE,FALSE
"P_ANTCAM07",449,0,30,0,FALSE,TRUE,FALSE
"P_ANTCAM08",442,0,37,0,FALSE,TRUE,FALSE
"P_ANTCAM09",443,0,36,0,FALSE,TRUE,FALSE
"P_ANTCAM11",449,0,30,0,FALSE,TRUE,FALSE
"P_ANTCAM12",436,0,43,0,FALSE,TRUE,FALSE
"P_ANTCAM13",449,0,30,0,FALSE,TRUE,FALSE
"P_ANTCAM14",449,0,30,0,FALSE,TRUE,FALSE
"P_ANTCAM15",449,0,30,0,FALSE,TRUE,FALSE
"P_ANTCAM16",444,0,35,0,FALSE,TRUE,FALSE
"P_ANTCAM17",447,0,32,0,FALSE,TRUE,FALSE
"P_ANTCAM18",428,0,51,0,FALSE,TRUE,FALSE
"P_ANTCAM19",445,0,34,0,FALSE,TRUE,FALSE
"P_ANTCAM20",449,0,30,0,FALSE,TRUE,FALSE
"P_ANTCAM21",449,0,30,0,FALSE,TRUE,FALSE
"P_ANTMEL01",428,0,51,0,FALSE,TRUE,FALSE
"P_ANTPAR01",445,0,34,0,FALSE,TRUE,FALSE
"P_ANTPAR03",474,0,5,0,FALSE,TRUE,FALSE
"P_ANTPAR04",465,0,14,0,FALSE,TRUE,FALSE
"P_ANTPAR05",479,0,0,0,FALSE,FALSE,FALSE
"P_ANTTRI01",478,0,1,0,FALSE,TRUE,FALSE
"P_ANVIR01",479,0,0,0,FALSE,FALSE,FALSE
"P_APLPAN01",479,0,0,0,FALSE,FALSE,FALSE
"P_APLPAN02",479,0,0,0,FALSE,FALSE,FALSE
"P_APLPAN03",479,0,0,0,FALSE,FALSE,FALSE
"P_APLPAN04",479,0,0,0,FALSE,FALSE,FALSE
"P_APLPAN05",479,0,0,0,FALSE,FALSE,FALSE
"P_APLPAN06",479,0,0,0,FALSE,FALSE,FALSE
"P_APSPI03",459,0,20,0,FALSE,TRUE,FALSE
"P_APSPI13",478,0,1,0,FALSE,TRUE,FALSE
"P_APSPI14",478,0,1,0,FALSE,TRUE,TRUE
"P_APTPAT01",478,0,1,0,FALSE,TRUE,FALSE
"P_ARACAJ01",479,0,0,0,FALSE,FALSE,FALSE
"P_ARAJAN01",477,0,2,0,FALSE,TRUE,FALSE
"P_ARAMAG01",479,0,0,0,FALSE,FALSE,FALSE
"P_ARDALB01",249,1,230,0,FALSE,TRUE,TRUE
"P_ARRFLA02",479,0,0,0,FALSE,FALSE,FALSE
"P_ARRRUF01",479,0,0,0,FALSE,FALSE,FALSE
"P_ARRRUF02",478,0,1,0,FALSE,TRUE,FALSE
"P_ARRTAC01",477,0,2,0,FALSE,TRUE,FALSE
"P_ARRTAC02",477,0,2,0,FALSE,TRUE,FALSE
"P_ARRTAC03",477,0,2,0,FALSE,TRUE,FALSE
"P_ARRTAC04",477,0,2,0,FALSE,TRUE,FALSE
"P_ARRTAC06",477,0,2,0,FALSE,TRUE,FALSE
"P_ASOT05",288,0,191,0,FALSE,TRUE,FALSE
"P_ASSTY01",413,0,66,0,FALSE,TRUE,FALSE
"P_ATTCIN01",477,0,2,0,FALSE,TRUE,FALSE
"P_AUTINF01",477,0,2,0,FALSE,TRUE,FALSE
"P_AUTINF02",477,0,2,0,FALSE,TRUE,FALSE
"P_AUTINF03",477,0,2,0,FALSE,TRUE,FALSE
"P_AUTINF04",477,0,2,0,FALSE,TRUE,FALSE
"P_AUTOCH02",477,0,2,0,FALSE,TRUE,FALSE
"P_AUTOCH03",477,0,2,0,FALSE,TRUE,FALSE
"P_AUTOCH05",477,0,2,0,FALSE,TRUE,FALSE
"P_AUTOCH06",477,0,2,0,FALSE,TRUE,FALSE
"P_AUTOCH07",477,0,2,0,FALSE,TRUE,FALSE
"P_AUTPAR01",477,0,2,0,FALSE,TRUE,FALSE
"P_AYTAFF04",477,0,2,0,FALSE,TRUE,FALSE
"P_BAEBIC01",368,0,111,0,FALSE,TRUE,TRUE
"P_BAEBIC02_Plasmodium_homopolare",479,0,0,0,FALSE,FALSE,TRUE
"P_BAEBIC03",479,0,0,0,FALSE,FALSE,FALSE
"P_BAEBIC04",479,0,0,0,FALSE,FALSE,TRUE
"P_BAERID01",478,0,1,0,FALSE,TRUE,FALSE
"P_BAFLA01",478,0,1,0,FALSE,TRUE,FALSE
"P_BAFLA04",478,0,1,0,FALSE,TRUE,FALSE
"P_BAFLA05",478,0,1,0,FALSE,TRUE,FALSE
"P_BAHYP01",478,0,1,0,FALSE,TRUE,TRUE
"P_BAREGI09",474,0,5,0,FALSE,TRUE,FALSE
"P_BASCUL01",477,0,2,0,FALSE,TRUE,FALSE
"P_BASFUL01",456,0,23,0,FALSE,TRUE,FALSE
"P_BASTRI01",477,0,2,0,FALSE,TRUE,FALSE
"P_BATMIX01",479,0,0,0,FALSE,FALSE,FALSE
"P_BATMOL01",479,0,0,0,FALSE,FALSE,FALSE
"P_BELL01",478,0,1,0,FALSE,TRUE,FALSE
"P_BELL02",455,0,24,0,FALSE,TRUE,TRUE
"P_BERMAD01",463,0,16,0,FALSE,TRUE,FALSE
"P_BERZOS01",464,0,15,0,FALSE,TRUE,FALSE
"P_BLENOT01",478,0,1,0,FALSE,TRUE,FALSE
"P_BLENOT02",476,0,3,0,FALSE,TRUE,FALSE
"P_BLESY02",479,0,0,0,FALSE,FALSE,FALSE
"P_BLESY03",476,0,3,0,FALSE,TRUE,FALSE
"P_BLESY04",476,0,3,0,FALSE,TRUE,FALSE
"P_BLESY05",479,0,0,0,FALSE,FALSE,FALSE
"P_BLESY06",476,0,3,0,FALSE,TRUE,FALSE
"P_BLUTI02",440,0,39,0,FALSE,TRUE,FALSE
"P_BLUTI03",440,0,39,0,FALSE,TRUE,FALSE
"P_BLUTI04",440,0,39,0,FALSE,TRUE,FALSE
"P_BLUTI05",440,0,39,0,FALSE,TRUE,FALSE
"P_BLUTI06",440,0,39,0,FALSE,TRUE,FALSE
"P_BLUTI07",440,0,39,0,FALSE,TRUE,FALSE
"P_BLUTI08",440,0,39,0,FALSE,TRUE,FALSE
"P_BLUTI10",444,0,35,0,FALSE,TRUE,FALSE
"P_BRABAN01",479,0,0,0,FALSE,FALSE,FALSE
"P_BSR1",478,1,1,0,FALSE,TRUE,FALSE
"P_BSR2",478,0,1,0,FALSE,TRUE,FALSE
"P_BT6",479,0,0,0,FALSE,FALSE,FALSE
"P_BT7",479,0,0,0,FALSE,FALSE,TRUE
"P_BT8",479,0,0,0,FALSE,FALSE,FALSE
"P_BT9",417,1,62,0,FALSE,TRUE,FALSE
"P_BTGOD01",401,1,78,0,FALSE,TRUE,FALSE
"P_BUBBUB03",479,0,0,0,FALSE,FALSE,TRUE
"P_BUBSCA01",479,0,0,0,FALSE,FALSE,FALSE
"P_BUL04",479,0,0,0,FALSE,FALSE,FALSE
"P_BUL05",479,0,0,0,FALSE,FALSE,FALSE
"P_BUL06",479,0,0,0,FALSE,FALSE,FALSE
"P_BUL07",479,0,0,0,FALSE,FALSE,FALSE
"P_BUSTR03",477,0,2,0,FALSE,TRUE,FALSE
"P_BUTBUT02",479,0,0,0,FALSE,FALSE,FALSE
"P_BUTBUT06",479,0,0,0,FALSE,FALSE,FALSE
"P_BUTJAM13",479,175,0,0,FALSE,FALSE,FALSE
"P_BUTNIT01",477,0,2,0,FALSE,TRUE,FALSE
"P_BUTSTR01",479,0,0,0,FALSE,FALSE,FALSE
"P_BUVIR07",479,0,0,0,FALSE,FALSE,FALSE
"P_BUVIR09",479,0,0,0,FALSE,FALSE,FALSE
"P_BWTE09",479,0,0,0,FALSE,FALSE,FALSE
"P_BWTE11",479,0,0,0,FALSE,FALSE,FALSE
"P_BWTE13",479,0,0,0,FALSE,FALSE,FALSE
"P_BWTE16",479,0,0,0,FALSE,FALSE,FALSE
"P_CACEL01",305,0,174,0,FALSE,TRUE,FALSE
"P_CALON01",478,0,1,0,FALSE,TRUE,FALSE
"P_CAMBRA01",479,0,0,0,FALSE,FALSE,FALSE
"P_CAMBRA02",479,0,0,0,FALSE,FALSE,FALSE
"P_CANLEU01",477,0,2,0,FALSE,TRUE,FALSE
"P_CANLEU02",477,0,2,0,FALSE,TRUE,FALSE
"P_CANSUP01",478,0,1,0,FALSE,TRUE,FALSE
"P_CAOBS01",478,0,1,0,FALSE,TRUE,FALSE
"P_CARCAR11",479,1,0,0,FALSE,FALSE,TRUE
"P_CARCAR22",477,0,2,0,FALSE,TRUE,FALSE
"P_CARCHL03",479,0,0,0,FALSE,FALSE,FALSE
"P_CARMEX01",479,0,0,0,FALSE,FALSE,FALSE
"P_CARMEX05",281,0,198,0,FALSE,TRUE,FALSE
"P_CARPUL01",324,0,155,0,FALSE,TRUE,FALSE
"P_CASFUS01",477,0,2,0,FALSE,TRUE,FALSE
"P_CATBIC08",479,0,0,0,FALSE,FALSE,FALSE
"P_CATBIC09",479,0,0,0,FALSE,FALSE,FALSE
"P_CATFUS10",479,0,0,0,FALSE,FALSE,FALSE
"P_CATFUS11",479,0,0,0,FALSE,FALSE,TRUE
"P_CATFUS12",479,0,0,0,FALSE,FALSE,FALSE
"P_CATFUS13",479,0,0,0,FALSE,FALSE,FALSE
"P_CATFUS14",479,0,0,0,FALSE,FALSE,FALSE
"P_CATFUS21",478,0,1,0,FALSE,TRUE,FALSE
"P_CATFUS29",477,0,2,0,FALSE,TRUE,FALSE
"P_CATUST01",368,0,111,0,FALSE,TRUE,TRUE
"P_CATUST03",276,0,203,0,FALSE,TRUE,FALSE
"P_CATUST04",276,0,203,0,FALSE,TRUE,FALSE
"P_CATUST05",479,0,0,0,FALSE,FALSE,FALSE
"P_CATUST06",479,0,0,0,FALSE,FALSE,TRUE
"P_CATUST21",479,0,0,0,FALSE,FALSE,FALSE
"P_CATUST48",477,0,2,0,FALSE,TRUE,FALSE
"P_CATUST49",477,0,2,0,FALSE,TRUE,FALSE
"P_CCF20",479,0,0,0,FALSE,FALSE,FALSE
"P_CCF25",463,0,16,0,FALSE,TRUE,FALSE
"P_CERCIN01",477,0,2,0,FALSE,TRUE,FALSE
"P_CERCIN02",477,0,2,0,FALSE,TRUE,FALSE
"P_CERCIN03",477,0,2,0,FALSE,TRUE,FALSE
"P_CERERY01",477,0,2,0,FALSE,TRUE,FALSE
"P_CERMEN01",477,0,2,0,FALSE,TRUE,FALSE
"P_CERNOV01",479,0,0,0,FALSE,FALSE,FALSE
"P_CERRUB01",477,0,2,0,FALSE,TRUE,FALSE
"P_CERSER01",477,0,2,0,FALSE,TRUE,FALSE
"P_CERSER02",478,0,1,0,FALSE,TRUE,FALSE
"P_CET01",470,0,9,0,FALSE,TRUE,TRUE
"P_CHAAM01",476,0,3,0,FALSE,TRUE,FALSE
"P_CHACAM01",464,0,15,0,FALSE,TRUE,FALSE
"P_CHACAM02",478,0,1,0,FALSE,TRUE,FALSE
"P_CHACAM03",477,0,2,0,FALSE,TRUE,FALSE
"P_CHACAM04",479,0,0,0,FALSE,FALSE,FALSE
"P_CHAIND01",249,0,230,0,FALSE,TRUE,FALSE
"P_CHANOB01",479,0,0,0,FALSE,FALSE,FALSE
"P_CHAPOL03",479,0,0,0,FALSE,FALSE,FALSE
"P_CHAPOL05",473,0,6,0,FALSE,TRUE,FALSE
"P_CHASEN07",479,0,0,0,FALSE,FALSE,FALSE
"P_CHICAU02",479,0,0,0,FALSE,FALSE,FALSE
"P_CHLAEN01",477,0,2,0,FALSE,TRUE,FALSE
"P_CHLSPI01",477,0,2,0,FALSE,TRUE,FALSE
"P_CIAE01",479,0,0,0,FALSE,FALSE,FALSE
"P_CIAE07",478,0,1,0,FALSE,TRUE,FALSE
"P_CIANO01",479,0,0,0,FALSE,FALSE,FALSE
"P_CINCHA01",479,0,0,0,FALSE,FALSE,FALSE
"P_CINCHA02",463,0,16,0,FALSE,TRUE,FALSE
"P_CINCHL01",479,0,0,0,FALSE,FALSE,TRUE
"P_CINCHL02",305,0,174,0,FALSE,TRUE,TRUE
"P_CINCOQ01",479,0,0,0,FALSE,FALSE,FALSE
"P_CINMOR01",479,0,0,0,FALSE,FALSE,FALSE
"P_CINPRE02",340,0,139,0,FALSE,TRUE,TRUE
"P_CINRUF01",479,0,0,0,FALSE,FALSE,FALSE
"P_CINVEN01",463,0,16,0,FALSE,TRUE,FALSE
"P_CINVEN02",479,0,0,0,FALSE,FALSE,FALSE
"P_CLAPRE02",478,0,1,0,FALSE,TRUE,FALSE
"P_COECOE02",477,0,2,0,FALSE,TRUE,FALSE
"P_COECOE06",478,1,1,0,FALSE,TRUE,FALSE
"P_COETOR01",478,0,1,0,FALSE,TRUE,FALSE
"P_COETOR03",465,0,14,0,FALSE,TRUE,FALSE
"P_COEVIO04",478,0,1,0,FALSE,TRUE,FALSE
"P_COFLA10",479,0,0,0,FALSE,FALSE,FALSE
"P_COFLA11",479,0,0,0,FALSE,FALSE,FALSE
"P_COLESC01",301,0,178,0,FALSE,TRUE,FALSE
"P_COLL1",479,0,0,0,FALSE,FALSE,FALSE
"P_COLL10",467,0,12,0,FALSE,TRUE,FALSE
"P_COLL11",479,0,0,0,FALSE,FALSE,FALSE
"P_COLL12",479,0,0,0,FALSE,FALSE,FALSE
"P_COLL13",479,0,0,0,FALSE,FALSE,TRUE
"P_COLL4_Plasmodium_homocircumflexum_",479,0,0,0,FALSE,FALSE,FALSE
"P_COLL6_Plasmodium_delichoni",479,0,0,0,FALSE,FALSE,FALSE
"P_COLL7",479,0,0,0,FALSE,FALSE,FALSE
"P_COLMEG06",479,0,0,0,FALSE,FALSE,FALSE
"P_COLPIC02",477,0,2,0,FALSE,TRUE,FALSE
"P_COLRIV02",452,1,27,0,FALSE,TRUE,FALSE
"P_COLTAL05",478,0,1,0,FALSE,TRUE,FALSE
"P_COMEL01",478,0,1,0,FALSE,TRUE,FALSE
"P_CONAUR01",477,0,2,0,FALSE,TRUE,FALSE
"P_CONCAS01",477,0,2,0,FALSE,TRUE,FALSE
"P_CONCIN01",478,0,1,0,FALSE,TRUE,FALSE
"P_CONLIN01",478,0,1,0,FALSE,TRUE,FALSE
"P_CONLIN02",478,0,1,0,FALSE,TRUE,FALSE
"P_CONLIN03",478,0,1,0,FALSE,TRUE,FALSE
"P_CONLIN04",478,0,1,0,FALSE,TRUE,FALSE
"P_CONLIN05",478,0,1,0,FALSE,TRUE,FALSE
"P_CONLIN06",478,0,1,0,FALSE,TRUE,FALSE
"P_CONLIN07",478,0,1,0,FALSE,TRUE,FALSE
"P_CONLIN08",478,0,1,0,FALSE,TRUE,FALSE
"P_CONLIN09",478,0,1,0,FALSE,TRUE,FALSE
"P_CONLIN10",478,0,1,0,FALSE,TRUE,FALSE
"P_CONLIN11",478,0,1,0,FALSE,TRUE,FALSE
"P_CONLIN12",478,0,1,0,FALSE,TRUE,FALSE
"P_CONLIN13",478,0,1,0,FALSE,TRUE,FALSE
"P_CONLIN14",478,0,1,0,FALSE,TRUE,FALSE
"P_CONLIN15",478,0,1,0,FALSE,TRUE,FALSE
"P_CONLIN16",478,0,1,0,FALSE,TRUE,FALSE
"P_CONMEL02",479,0,0,0,FALSE,FALSE,FALSE
"P_COPALB01",467,0,12,0,FALSE,TRUE,FALSE
"P_COPALB02",479,0,0,0,FALSE,FALSE,FALSE
"P_COPALB03",479,0,0,0,FALSE,FALSE,FALSE
"P_COPIL01",478,0,1,0,FALSE,TRUE,FALSE
"P_COPIL02",478,0,1,0,FALSE,TRUE,FALSE
"P_COPLUZ01",464,0,15,0,FALSE,TRUE,FALSE
"P_COPMAL02",479,0,0,0,FALSE,FALSE,FALSE
"P_COQUI01",479,0,0,0,FALSE,FALSE,FALSE
"P_COQUI02",479,0,0,0,FALSE,FALSE,FALSE
"P_COQUI03",479,0,0,0,FALSE,FALSE,FALSE
"P_COQUI04",251,0,228,0,FALSE,TRUE,FALSE
"P_COQUI06",439,0,40,0,FALSE,TRUE,FALSE
"P_COQUI07",433,0,46,0,FALSE,TRUE,FALSE
"P_CORCAU05",425,0,54,0,FALSE,TRUE,TRUE
"P_CORCUC01",477,0,2,0,FALSE,TRUE,FALSE
"P_COREG01",478,0,1,0,FALSE,TRUE,FALSE
"P_CORPIL01",477,0,2,0,FALSE,TRUE,FALSE
"P_CORPIL02",477,0,2,0,FALSE,TRUE,FALSE
"P_CORPIL05",477,0,2,0,FALSE,TRUE,FALSE
"P_CORPIL07",477,0,2,0,FALSE,TRUE,FALSE
"P_CORPIL09",477,0,2,0,FALSE,TRUE,FALSE
"P_CORPIL12",477,0,2,0,FALSE,TRUE,FALSE
"P_CORPIL13",477,0,2,0,FALSE,TRUE,FALSE
"P_CORPIL14",477,0,2,0,FALSE,TRUE,FALSE
"P_CORPIL15",477,0,2,0,FALSE,TRUE,FALSE
"P_COSUN2",479,0,0,0,FALSE,FALSE,FALSE
"P_COTCOT01",479,0,0,0,FALSE,FALSE,FALSE
"P_COTCOT02",479,0,0,0,FALSE,FALSE,FALSE
"P_CRAMUR01",249,0,230,0,FALSE,TRUE,FALSE
"P_CRAMUR02",479,0,0,0,FALSE,FALSE,FALSE
"P_CRAQUO02",473,0,6,0,FALSE,TRUE,FALSE
"P_CRAVUL01",477,0,2,0,FALSE,TRUE,FALSE
"P_CRECIN01",453,0,26,0,FALSE,TRUE,FALSE
"P_CRECRE01",438,0,41,0,FALSE,TRUE,FALSE
"P_CRICAP01",478,0,1,0,FALSE,TRUE,FALSE
"P_CRICHL01",479,0,0,0,FALSE,FALSE,FALSE
"P_CRICHL02",478,0,1,0,FALSE,TRUE,FALSE
"P_CRICHL03",476,0,3,0,FALSE,TRUE,FALSE
"P_CRIMOZ01",478,0,1,0,FALSE,TRUE,FALSE
"P_CRIMOZ03",453,0,26,0,FALSE,TRUE,FALSE
"P_CRYUND01",477,0,2,0,FALSE,TRUE,FALSE
"P_CUCROC01",479,0,0,0,FALSE,FALSE,TRUE
"P_CULDER01",479,0,0,0,FALSE,FALSE,FALSE
"P_CULEX01",479,0,0,0,FALSE,FALSE,FALSE
"P_CULEX02",479,0,0,0,FALSE,FALSE,FALSE
"P_CULEX03",479,0,0,0,FALSE,FALSE,FALSE
"P_CULEX04",479,0,0,0,FALSE,FALSE,FALSE
"P_CULEX05",479,0,0,0,FALSE,FALSE,FALSE
"P_CULEX06",479,0,0,0,FALSE,FALSE,FALSE
"P_CULFES01",479,0,0,0,FALSE,FALSE,FALSE
"P_CULMAX01",479,0,0,0,FALSE,FALSE,FALSE
"P_CULNAV03",474,0,5,0,FALSE,TRUE,FALSE
"P_CULOBS01",479,0,0,0,FALSE,FALSE,FALSE
"P_CULPER01",479,0,0,0,FALSE,FALSE,FALSE
"P_CULPER02",478,0,1,0,FALSE,TRUE,FALSE
"P_CULPIP01",479,0,0,0,FALSE,FALSE,FALSE
"P_CULPIP02",474,0,5,0,FALSE,TRUE,FALSE
"P_CULPIP04",479,0,0,0,FALSE,FALSE,FALSE
"P_CULPIP05",479,0,0,0,FALSE,FALSE,FALSE
"P_CULPIP06",479,0,0,0,FALSE,FALSE,FALSE
"P_CULPIP07",479,0,0,0,FALSE,FALSE,FALSE
"P_CULSP01",479,0,0,0,FALSE,FALSE,FALSE
"P_CULSP02",479,0,0,0,FALSE,FALSE,FALSE
"P_CULSP03",479,0,0,0,FALSE,FALSE,FALSE
"P_CULSP04",479,0,0,0,FALSE,FALSE,FALSE
"P_CULUNI02",479,0,0,0,FALSE,FALSE,FALSE
"P_CURCUR01",477,0,2,0,FALSE,TRUE,TRUE
"P_CWT09",463,1,16,0,FALSE,TRUE,FALSE
"P_CXBIT01",478,0,1,0,FALSE,TRUE,FALSE
"P_CXINA01",478,0,1,0,FALSE,TRUE,FALSE
"P_CXINA02",478,0,1,0,FALSE,TRUE,FALSE
"P_CXNEA01",469,0,10,0,FALSE,TRUE,FALSE
"P_CXNIG01",479,0,0,0,FALSE,FALSE,FALSE
"P_CXPER01",479,0,0,0,FALSE,FALSE,FALSE
"P_CXPER02",479,0,0,0,FALSE,FALSE,FALSE
"P_CXPER04",478,0,1,0,FALSE,TRUE,FALSE
"P_CXPER05",478,0,1,0,FALSE,TRUE,FALSE
"P_CXPER06",478,0,1,0,FALSE,TRUE,FALSE
"P_CXPER07",478,0,1,0,FALSE,TRUE,FALSE
"P_CXPIP01",334,0,145,0,FALSE,TRUE,FALSE
"P_CXPIP02",322,0,157,0,FALSE,TRUE,FALSE
"P_CXPIP03",338,0,141,0,FALSE,TRUE,FALSE
"P_CXPIP04",359,0,120,0,FALSE,TRUE,FALSE
"P_CXPIP05",359,0,120,0,FALSE,TRUE,FALSE
"P_CXPIP06",359,0,120,0,FALSE,TRUE,FALSE
"P_CXPIP07",359,0,120,0,FALSE,TRUE,FALSE
"P_CXPIP09",479,0,0,0,FALSE,FALSE,FALSE
"P_CXPIP10",478,0,1,0,FALSE,TRUE,FALSE
"P_CXPIP11",478,0,1,0,FALSE,TRUE,FALSE
"P_CXPIP12",478,0,1,0,FALSE,TRUE,FALSE
"P_CXPIP13",478,0,1,0,FALSE,TRUE,FALSE
"P_CXPIP14",472,0,7,0,FALSE,TRUE,FALSE
"P_CXPIP15",479,0,0,0,FALSE,FALSE,FALSE
"P_CXPIP20",479,0,0,0,FALSE,FALSE,FALSE
"P_CXPIP21",479,0,0,0,FALSE,FALSE,TRUE
"P_CXPIP22",479,0,0,0,FALSE,FALSE,FALSE
"P_CXPIP23",479,0,0,0,FALSE,FALSE,FALSE
"P_CXPIP24",478,0,1,0,FALSE,TRUE,FALSE
"P_CXPIP25",478,0,1,0,FALSE,TRUE,FALSE
"P_CXPIP26",478,0,1,0,FALSE,TRUE,FALSE
"P_CXPIP30",479,0,0,0,FALSE,FALSE,FALSE
"P_CXPIP31",423,0,56,0,FALSE,TRUE,FALSE
"P_CXPIP32",479,0,0,0,FALSE,FALSE,FALSE
"P_CXPIP33",479,0,0,0,FALSE,FALSE,FALSE
"P_CXPIP34",478,0,1,0,FALSE,TRUE,FALSE
"P_CXPIP35",478,0,1,0,FALSE,TRUE,FALSE
"P_CXPIP36",478,0,1,0,FALSE,TRUE,FALSE
"P_CXPIP37",478,0,1,0,FALSE,TRUE,FALSE
"P_CXPIP38",478,0,1,0,FALSE,TRUE,FALSE
"P_CXPIP39",478,0,1,0,FALSE,TRUE,FALSE
"P_CXPIP40",437,0,42,0,FALSE,TRUE,FALSE
"P_CXPIP41",479,0,0,0,FALSE,FALSE,FALSE
"P_CXPIP42",452,0,27,0,FALSE,TRUE,FALSE
"P_CXPOI01",464,0,15,0,FALSE,TRUE,FALSE
"P_CXQUI01",479,0,0,0,FALSE,FALSE,FALSE
"P_CXQUI02",479,0,0,0,FALSE,FALSE,FALSE
"P_CXQUI03",479,0,0,0,FALSE,FALSE,FALSE
"P_CXQUI04",478,0,1,0,FALSE,TRUE,FALSE
"P_CXRES01",359,0,120,0,FALSE,TRUE,FALSE
"P_CXRES02",349,1,130,0,FALSE,TRUE,FALSE
"P_CXRES03",359,0,120,0,FALSE,TRUE,FALSE
"P_CXRES04",478,3,1,0,FALSE,TRUE,FALSE
"P_CXRES05",345,0,134,0,FALSE,TRUE,FALSE
"P_CXRES06",479,0,0,0,FALSE,FALSE,FALSE
"P_CXSAL01",478,0,1,0,FALSE,TRUE,FALSE
"P_CXSAL02",478,0,1,0,FALSE,TRUE,FALSE
"P_CXTHE01",427,0,52,0,FALSE,TRUE,TRUE
"P_CXTRI01",478,0,1,0,FALSE,TRUE,FALSE
"P_CYACYA03",477,0,2,0,FALSE,TRUE,FALSE
"P_CYACYA04",477,0,2,0,FALSE,TRUE,FALSE
"P_CYACYA09",477,0,2,0,FALSE,TRUE,FALSE
"P_CYAOLI01",479,0,0,0,FALSE,FALSE,FALSE
"P_CYAOLI02",479,0,0,0,FALSE,FALSE,FALSE
"P_CYAOLI04",479,0,0,0,FALSE,FALSE,TRUE
"P_CYAOLI09_Plasmodium_lucens",479,0,0,0,FALSE,FALSE,TRUE
"P_CYAOLI10",276,0,203,0,FALSE,TRUE,TRUE
"P_CYAOLI11",479,0,0,0,FALSE,FALSE,FALSE
"P_CYAOLI12",479,0,0,0,FALSE,FALSE,FALSE
"P_CYAOLI13",340,0,139,0,FALSE,TRUE,FALSE
"P_CYAOLI14",455,0,24,0,FALSE,TRUE,FALSE
"P_CYAOLI19",479,0,0,0,FALSE,FALSE,FALSE
"P_CYAORI01",479,0,0,0,FALSE,FALSE,FALSE
"P_CYAORI02",330,0,149,0,FALSE,TRUE,FALSE
"P_CYAVER01",340,0,139,0,FALSE,TRUE,FALSE
"P_CYAVER02",478,0,1,0,FALSE,TRUE,FALSE
"P_CYCGUJ01",477,0,2,0,FALSE,TRUE,FALSE
"P_CYCYA01",479,0,0,0,FALSE,FALSE,FALSE
"P_CYCYA02",479,0,0,0,FALSE,FALSE,FALSE
"P_CYCYA03",360,0,119,0,FALSE,TRUE,FALSE
"P_CYHAI01",446,0,33,0,FALSE,TRUE,FALSE
"P_CYMSAN01",477,0,2,0,FALSE,TRUE,FALSE
"P_CYNOV1",479,0,0,0,FALSE,FALSE,TRUE
"P_CYPARA01",477,0,2,0,FALSE,TRUE,FALSE
"P_DACCAY01",477,0,2,0,FALSE,TRUE,FALSE
"P_DELFRA03",447,0,32,0,FALSE,TRUE,FALSE
"P_DELFRA04",479,0,0,0,FALSE,FALSE,TRUE
"P_DELURB4",479,0,0,0,FALSE,FALSE,FALSE
"P_DELURB5",479,0,0,0,FALSE,FALSE,FALSE
"P_DELURB6",479,0,0,0,FALSE,FALSE,FALSE
"P_DENCER01",477,0,2,0,FALSE,TRUE,FALSE
"P_DENCOR02",294,0,185,0,FALSE,TRUE,FALSE
"P_DENCOR09",477,0,2,0,FALSE,TRUE,TRUE
"P_DENDIS01",479,0,0,0,FALSE,FALSE,FALSE
"P_DENFUL02",477,0,2,0,FALSE,TRUE,FALSE
"P_DENFUL03",477,0,2,0,FALSE,TRUE,FALSE
"P_DENMER01",477,0,2,0,FALSE,TRUE,FALSE
"P_DENMER02",477,0,2,0,FALSE,TRUE,FALSE
"P_DENPEN01",368,0,111,0,FALSE,TRUE,TRUE
"P_DENPET02",285,0,194,0,FALSE,TRUE,FALSE
"P_DENPET03_Plasmodium_nucleophilum",479,0,0,0,FALSE,FALSE,FALSE
"P_DENSAN01",477,0,2,0,FALSE,TRUE,FALSE
"P_DENSTR03",477,0,2,0,FALSE,TRUE,FALSE
"P_DENSTR04",477,0,2,0,FALSE,TRUE,FALSE
"P_DENVID01",479,0,0,0,FALSE,FALSE,FALSE
"P_DENVID02",479,0,0,0,FALSE,FALSE,TRUE
"P_DETUR01",478,0,1,0,FALSE,TRUE,FALSE
"P_DICCIN01",477,0,2,0,FALSE,TRUE,FALSE
"P_DIGCYA02",456,0,23,0,FALSE,TRUE,TRUE
"P_DIGCYA08_Plasmodium_lutzi",479,0,0,0,FALSE,FALSE,FALSE
"P_DIGLAF01_Plasmodium_lutzi",479,0,0,0,FALSE,FALSE,TRUE
"P_DIGLAF02_Plasmodium_lutzi",479,0,0,0,FALSE,FALSE,FALSE
"P_DIUDIU02",477,0,2,0,FALSE,TRUE,FALSE
"P_DIUDIU03",477,0,2,0,FALSE,TRUE,FALSE
"P_DIVDIV01",479,0,0,0,FALSE,FALSE,FALSE
"P_DIXPIP01",477,0,2,0,FALSE,TRUE,FALSE
"P_DOLFRI01",360,0,119,0,FALSE,TRUE,FALSE
"P_DOLORY01",393,0,86,0,FALSE,TRUE,FALSE
"P_DOLORY02",479,0,0,0,FALSE,FALSE,FALSE
"P_DONANA01",478,0,1,0,FALSE,TRUE,FALSE
"P_DONANA02",478,0,1,0,FALSE,TRUE,FALSE
"P_DONANA03",478,0,1,0,FALSE,TRUE,FALSE
"P_DONANA04",478,0,1,0,FALSE,TRUE,FALSE
"P_DONANA05",478,0,1,0,FALSE,TRUE,FALSE
"P_DONANA08",478,0,1,0,FALSE,TRUE,FALSE
"P_DUMCAR09",478,0,1,0,FALSE,TRUE,FALSE
"P_DUMCAR26",477,0,2,0,FALSE,TRUE,FALSE
"P_DUMCAR48",477,0,2,0,FALSE,TRUE,FALSE
"P_DYSMEN01",477,0,2,0,FALSE,TRUE,FALSE
"P_DYSMEN03",477,0,2,0,FALSE,TRUE,FALSE
"P_DYSMEN04",477,0,2,0,FALSE,TRUE,FALSE
"P_DYSMEN05",478,0,1,0,FALSE,TRUE,FALSE
"P_DYSSTR01",477,0,2,0,FALSE,TRUE,FALSE
"P_DYSSTR02",477,0,2,0,FALSE,TRUE,FALSE
"P_ELAALB03",477,0,2,0,FALSE,TRUE,FALSE
"P_ELAALB04",477,0,2,0,FALSE,TRUE,FALSE
"P_ELAALB07",477,0,2,0,FALSE,TRUE,FALSE
"P_ELAALB08",476,1,3,0,FALSE,TRUE,FALSE
"P_ELAALB09",477,0,2,0,FALSE,TRUE,FALSE
"P_ELACRI01",479,1,0,0,FALSE,FALSE,FALSE
"P_ELALB02",463,0,16,0,FALSE,TRUE,TRUE
"P_ELALB03",315,0,164,0,FALSE,TRUE,FALSE
"P_ELAPAR01",479,0,0,0,FALSE,FALSE,FALSE
"P_EMBHER01",479,0,0,0,FALSE,FALSE,FALSE
"P_EMBPLA01",479,0,0,0,FALSE,FALSE,FALSE
"P_EMGOD03",479,0,0,0,FALSE,FALSE,FALSE
"P_EMHOR1",361,0,118,0,FALSE,TRUE,TRUE
"P_EMPHAM02",478,2,1,0,FALSE,TRUE,FALSE
"P_EMPUL01",315,0,164,0,FALSE,TRUE,FALSE
"P_EMSPO06",479,0,0,0,FALSE,FALSE,FALSE
"P_ENRUF01",461,0,18,0,FALSE,TRUE,FALSE
"P_ENRUF02",431,0,48,0,FALSE,TRUE,FALSE
"P_ENTLEU01",477,0,2,0,FALSE,TRUE,FALSE
"P_ERIRUB01",479,0,0,0,FALSE,FALSE,FALSE
"P_ERZAN01",446,0,33,0,FALSE,TRUE,FALSE
"P_EUCHL01",478,0,1,0,FALSE,TRUE,FALSE
"P_EUDCHR02",478,0,1,0,FALSE,TRUE,FALSE
"P_EULNIG01",479,0,0,0,FALSE,FALSE,FALSE
"P_EUPARD01",479,0,0,0,FALSE,FALSE,FALSE
"P_EUPXAN01",477,0,2,0,FALSE,TRUE,FALSE
"P_EURCUR01",479,0,0,0,FALSE,FALSE,FALSE
"P_EURLAT02",479,0,0,0,FALSE,FALSE,FALSE
"P_EUTAQU01",456,0,23,0,FALSE,TRUE,FALSE
"P_EUVIO01",478,0,1,0,FALSE,TRUE,FALSE
"P_FADEI01",413,0,66,1,TRUE,TRUE,FALSE
"P_FALPER02",477,0,2,0,FALSE,TRUE,FALSE
"P_FALPER04",477,0,2,0,FALSE,TRUE,FALSE
"P_FALPER05",477,0,2,0,FALSE,TRUE,FALSE
"P_FALTIN05",479,0,0,0,FALSE,FALSE,FALSE
"P_FALTIN14",479,0,0,0,FALSE,FALSE,FALSE
"P_FALTIN15",479,0,0,0,FALSE,FALSE,FALSE
"P_FANTAIL01_Plasmodium_collidatum",479,0,0,0,FALSE,FALSE,FALSE
"P_FICZAN19",479,0,0,0,FALSE,FALSE,FALSE
"P_FICZAN23",479,0,0,0,FALSE,FALSE,TRUE
"P_FIPAR01",479,0,0,0,FALSE,FALSE,FALSE
"P_FOCOL01",478,0,1,0,FALSE,TRUE,FALSE
"P_FOCOL02",478,0,1,0,FALSE,TRUE,FALSE
"P_FOMEL01",478,0,1,0,FALSE,TRUE,FALSE
"P_FOMEL02",479,0,0,0,FALSE,FALSE,FALSE
"P_FOMEL03",479,0,0,0,FALSE,FALSE,FALSE
"P_FORANA01",464,0,15,0,FALSE,TRUE,FALSE
"P_FORANA02",479,0,0,0,FALSE,FALSE,FALSE
"P_FORANA03",477,0,2,0,FALSE,TRUE,FALSE
"P_FORCOL01",477,0,2,0,FALSE,TRUE,FALSE
"P_FORCOL02",477,0,2,0,FALSE,TRUE,FALSE
"P_FORCOL03",477,0,2,0,FALSE,TRUE,FALSE
"P_FORCOL04",477,0,2,0,FALSE,TRUE,FALSE
"P_FORCOL05",477,0,2,0,FALSE,TRUE,FALSE
"P_FORCOL06",477,0,2,0,FALSE,TRUE,FALSE
"P_FORCOL07",477,0,2,0,FALSE,TRUE,FALSE
"P_FORCOL08",477,0,2,0,FALSE,TRUE,FALSE
"P_FORCOL09",479,0,0,0,FALSE,FALSE,FALSE
"P_FORGRI01",477,0,2,0,FALSE,TRUE,FALSE
"P_FORGRI02",477,0,2,0,FALSE,TRUE,FALSE
"P_FORGRI03",477,0,2,0,FALSE,TRUE,FALSE
"P_FORRUF01",477,0,2,0,FALSE,TRUE,FALSE
"P_FOSER01",478,0,1,0,FALSE,TRUE,FALSE
"P_FOUMAD03",479,0,0,0,FALSE,FALSE,FALSE
"P_FOUOMI03",479,0,0,0,FALSE,FALSE,FALSE
"P_FOUOMI04",479,0,0,0,FALSE,FALSE,TRUE
"P_FOUOMI05",479,0,0,0,FALSE,FALSE,FALSE
"P_FOUSEY01",479,0,0,0,FALSE,FALSE,FALSE
"P_FRAG04",479,0,0,0,FALSE,FALSE,FALSE
"P_FRAG07",479,0,0,0,FALSE,FALSE,FALSE
"P_FRAG18",479,0,0,0,FALSE,FALSE,FALSE
"P_FRAG19",479,0,0,0,FALSE,FALSE,FALSE
"P_FRAG23",479,0,0,0,FALSE,FALSE,FALSE
"P_FULATR01",479,0,0,0,FALSE,FALSE,FALSE
"P_FURLEU01",478,0,1,0,FALSE,TRUE,FALSE
"P_FURUF01",478,0,1,0,FALSE,TRUE,FALSE
"P_GAGLA08",470,0,9,0,FALSE,TRUE,FALSE
"P_GALALB01",477,0,2,0,FALSE,TRUE,FALSE
"P_GALCYA01",477,0,2,0,FALSE,TRUE,FALSE
"P_GALCYA02",477,0,2,0,FALSE,TRUE,FALSE
"P_GALCYA03",477,0,2,0,FALSE,TRUE,FALSE
"P_GALCYA04",477,0,2,0,FALSE,TRUE,FALSE
"P_GALLUS01_Plasmodium_gallinaceum",479,0,0,0,FALSE,FALSE,FALSE
"P_GALLUS02_Plasmodium_juxtanucleare",479,0,0,0,FALSE,FALSE,FALSE
"P_GALLUS03_Plasmodium_juxtanucleare",368,0,111,0,FALSE,TRUE,FALSE
"P_GALLUS04",474,0,5,0,FALSE,TRUE,FALSE
"P_GALLUS09",478,0,1,0,FALSE,TRUE,FALSE
"P_GALLUS10",478,0,1,0,FALSE,TRUE,FALSE
"P_GALLUS11",478,0,1,0,FALSE,TRUE,FALSE
"P_GALLUS19",471,0,8,0,FALSE,TRUE,FALSE
"P_GALLUS22",478,0,1,0,FALSE,TRUE,FALSE
"P_GALLUS47",479,0,0,0,FALSE,FALSE,FALSE
"P_GALLUS48",479,0,0,0,FALSE,FALSE,FALSE
"P_GALLUS49",479,0,0,0,FALSE,FALSE,FALSE
"P_GALMED01",479,0,0,0,FALSE,FALSE,FALSE
"P_GALMEG01",479,0,0,0,FALSE,FALSE,FALSE
"P_GARDEL02",479,0,0,0,FALSE,FALSE,FALSE
"P_GARPEC01",479,0,0,0,FALSE,FALSE,FALSE
"P_GARUF01",478,0,1,0,FALSE,TRUE,FALSE
"P_GASAN01",478,0,1,0,FALSE,TRUE,FALSE
"P_GAVSTE01",479,0,0,0,FALSE,FALSE,FALSE
"P_GBCAM1",479,0,0,0,FALSE,FALSE,FALSE
"P_GEOFOR01",477,0,2,0,FALSE,TRUE,FALSE
"P_GEOFUL01",466,0,13,0,FALSE,TRUE,FALSE
"P_GEOPOL01",477,0,2,0,FALSE,TRUE,FALSE
"P_GEOTRI01",479,0,0,0,FALSE,FALSE,FALSE
"P_GEOTRI02",479,0,0,0,FALSE,FALSE,FALSE
"P_GEOTRI03",284,0,195,0,FALSE,TRUE,FALSE
"P_GEOTRI05",305,0,174,0,FALSE,TRUE,FALSE
"P_GEOTRI06",479,0,0,0,FALSE,FALSE,TRUE
"P_GEOTRI08",305,0,174,0,FALSE,TRUE,FALSE
"P_GEOTRI09",479,0,0,0,FALSE,FALSE,TRUE
"P_GEOTRI11",479,0,0,0,FALSE,FALSE,FALSE
"P_GEOTRI12",478,0,1,0,FALSE,TRUE,FALSE
"P_GLACUC02",479,0,0,0,FALSE,FALSE,FALSE
"P_GLACUC05",479,0,0,0,FALSE,FALSE,FALSE
"P_GLACUC06",479,0,0,0,FALSE,FALSE,FALSE
"P_GLACUC07",479,0,0,0,FALSE,FALSE,FALSE
"P_GLACUC08",479,0,0,0,FALSE,FALSE,FALSE
"P_GLAHIR01",477,0,2,0,FALSE,TRUE,FALSE
"P_GLAHIR02",477,0,2,0,FALSE,TRUE,FALSE
"P_GLAHIR03",477,0,2,0,FALSE,TRUE,FALSE
"P_GLYSPI01",456,0,23,0,FALSE,TRUE,FALSE
"P_GLYSPI04",477,0,2,0,FALSE,TRUE,FALSE
"P_GLYSPI06",477,0,2,0,FALSE,TRUE,FALSE
"P_GLYSPI07",477,0,2,0,FALSE,TRUE,FALSE
"P_GOLDF01",440,0,39,0,FALSE,TRUE,FALSE
"P_GRAGUA01",477,0,2,0,FALSE,TRUE,FALSE
"P_GRETI01",440,0,39,0,FALSE,TRUE,FALSE
"P_GRUMON01",445,0,34,0,FALSE,TRUE,FALSE
"P_GRW02_Plasmodium_ashfordi",478,0,1,0,FALSE,TRUE,TRUE
"P_GRW04_Plasmodium_relictum",478,0,1,0,FALSE,TRUE,FALSE
"P_GRW06_Plasmodium_elongatum",479,0,0,0,FALSE,FALSE,FALSE
"P_GRW07",479,0,0,0,FALSE,FALSE,FALSE
"P_GRW09",479,0,0,0,FALSE,FALSE,FALSE
"P_GRW10",479,0,0,0,FALSE,FALSE,FALSE
"P_GRW11_Plasmodium_relictum",479,0,0,0,FALSE,FALSE,FALSE
"P_GRW12",478,0,1,0,FALSE,TRUE,FALSE
"P_GRW14",478,0,1,0,FALSE,TRUE,FALSE
"P_GRW15",479,0,0,0,FALSE,FALSE,FALSE
"P_GRW17",470,0,9,0,FALSE,TRUE,FALSE
"P_GW4",448,0,31,0,FALSE,TRUE,FALSE
"P_GW6",448,0,31,0,FALSE,TRUE,FALSE
"P_GW8",479,0,0,0,FALSE,FALSE,FALSE
"P_GYMLEU01",479,0,0,0,FALSE,FALSE,FALSE
"P_GYMLEU02",477,0,2,0,FALSE,TRUE,FALSE
"P_GYMSAL03",477,0,2,0,FALSE,TRUE,FALSE
"P_GYMSAL04",477,0,2,0,FALSE,TRUE,FALSE
"P_GYPBEN01",464,0,15,0,FALSE,TRUE,FALSE
"P_GYPFUL03",478,0,1,0,FALSE,TRUE,FALSE
"P_GYPTEN01",464,0,15,0,FALSE,TRUE,FALSE
"P_HABRUB01",477,0,2,0,FALSE,TRUE,FALSE
"P_HABRUB02",477,0,2,0,FALSE,TRUE,FALSE
"P_HABRUB03",479,0,0,0,FALSE,FALSE,FALSE
"P_HALLIN02",464,0,15,0,FALSE,TRUE,FALSE
"P_HALVOC01",368,0,111,0,FALSE,TRUE,FALSE
"P_HAWF5",479,0,0,0,FALSE,FALSE,FALSE
"P_HEDCOL01",476,0,3,0,FALSE,TRUE,FALSE
"P_HELLEA02",478,0,1,0,FALSE,TRUE,FALSE
"P_HELLEA03",478,1,1,0,FALSE,TRUE,FALSE
"P_HEMFRO01",478,0,1,0,FALSE,TRUE,FALSE
"P_HEMGRI01",477,0,2,0,FALSE,TRUE,FALSE
"P_HENLEU01",478,0,1,0,FALSE,TRUE,FALSE
"P_HESEL01",479,0,0,0,FALSE,FALSE,FALSE
"P_HIRUS06",443,0,36,0,FALSE,TRUE,FALSE
"P_HIRUS15",452,1,27,0,FALSE,TRUE,FALSE
"P_HLW3",448,0,31,0,FALSE,TRUE,FALSE
"P_HYAMA01",478,0,1,0,FALSE,TRUE,FALSE
"P_HYAZU01",446,0,33,0,FALSE,TRUE,FALSE
"P_HYLLEU02",477,0,2,0,FALSE,TRUE,FALSE
"P_HYLMUS01",479,0,0,0,FALSE,FALSE,TRUE
"P_HYLMUS10",477,0,2,0,FALSE,TRUE,FALSE
"P_HYLMUS11",477,0,2,0,FALSE,TRUE,FALSE
"P_HYLMUS12",477,0,2,0,FALSE,TRUE,FALSE
"P_HYLNAE01",477,0,2,0,FALSE,TRUE,FALSE
"P_HYLNAE02",477,0,2,0,FALSE,TRUE,FALSE
"P_HYLOCH01",477,0,2,0,FALSE,TRUE,FALSE
"P_HYLPUN01",477,0,2,0,FALSE,TRUE,FALSE
"P_HYLPUN03",477,0,2,0,FALSE,TRUE,FALSE
"P_HYLSUB01",479,0,0,0,FALSE,FALSE,FALSE
"P_HYPCAN01",479,0,0,0,FALSE,FALSE,FALSE
"P_HYPCAN02",477,0,2,0,FALSE,TRUE,FALSE
"P_HYPCAN03",479,0,0,0,FALSE,FALSE,FALSE
"P_HYPHI30",464,1,15,0,FALSE,TRUE,TRUE
"P_HYPHYP01",479,0,0,0,FALSE,FALSE,FALSE
"P_HYPMA01",479,0,0,0,FALSE,FALSE,FALSE
"P_HYPMA04",479,0,0,0,FALSE,FALSE,FALSE
"P_HYPMAC01",477,0,2,0,FALSE,TRUE,FALSE
"P_HYPMEL01",477,0,2,0,FALSE,TRUE,FALSE
"P_HYPOCH01",477,0,2,0,FALSE,TRUE,FALSE
"P_HYPPER01",478,0,1,0,FALSE,TRUE,FALSE
"P_HYPSTR01",477,0,2,0,FALSE,TRUE,FALSE
"P_HYPSTR02",477,0,2,0,FALSE,TRUE,FALSE
"P_HYPSTR03",477,0,2,0,FALSE,TRUE,FALSE
"P_HYPSTR04",477,0,2,0,FALSE,TRUE,FALSE
"P_HYPSTR05",477,0,2,0,FALSE,TRUE,FALSE
"P_HYPSTR06",477,0,2,0,FALSE,TRUE,FALSE
"P_HYPSTR07",477,0,2,0,FALSE,TRUE,FALSE
"P_HYPSTR08",477,0,2,0,FALSE,TRUE,FALSE
"P_HYPSTR09",477,0,2,0,FALSE,TRUE,FALSE
"P_HYPSTR11",477,0,2,0,FALSE,TRUE,FALSE
"P_HYPSTR13",477,0,2,0,FALSE,TRUE,FALSE
"P_HYPSTR14",477,0,2,0,FALSE,TRUE,FALSE
"P_HYPSTR15",477,0,2,0,FALSE,TRUE,FALSE
"P_HYPSTR16",477,0,2,0,FALSE,TRUE,FALSE
"P_HYPSTR17",477,0,2,0,FALSE,TRUE,FALSE
"P_HYPSTR18",477,0,2,0,FALSE,TRUE,FALSE
"P_HYREC01",478,0,1,0,FALSE,TRUE,FALSE
"P_ICTCAY01",479,0,0,0,FALSE,FALSE,FALSE
"P_ICTCAY03",477,0,2,1,TRUE,TRUE,FALSE
"P_ICTCAY04",477,0,2,1,TRUE,TRUE,FALSE
"P_ICTCHR01",477,0,2,0,FALSE,TRUE,FALSE
"P_ICTCHR03",477,0,2,0,FALSE,TRUE,FALSE
"P_ICTCHR04",477,0,2,0,FALSE,TRUE,FALSE
"P_ICTGUL01",479,0,0,0,FALSE,FALSE,FALSE
"P_ICTPUS02",478,0,1,0,FALSE,TRUE,FALSE
"P_ICTVIR01",479,0,0,0,FALSE,FALSE,FALSE
"P_ICTVIR02",479,0,0,0,FALSE,FALSE,FALSE
"P_ILIMIL01",477,0,2,0,FALSE,TRUE,FALSE
"P_ILLCLE01",479,0,0,0,FALSE,FALSE,FALSE
"P_ILLCLE02",479,0,0,0,FALSE,FALSE,FALSE
"P_ILLCLE03",479,0,0,0,FALSE,FALSE,FALSE
"P_ILLRUF01",479,0,0,0,FALSE,FALSE,FALSE
"P_ILLRUF02",479,0,0,0,FALSE,FALSE,FALSE
"P_ILMIL01",478,0,1,0,FALSE,TRUE,FALSE
"P_IOLIND04",479,0,0,0,FALSE,FALSE,TRUE
"P_ISLGUT01",477,0,2,0,FALSE,TRUE,FALSE
"P_ISLGUT02",477,0,2,0,FALSE,TRUE,FALSE
"P_ISLGUT03",479,0,0,0,FALSE,FALSE,FALSE
"P_ISLHAU01",477,0,2,0,FALSE,TRUE,FALSE
"P_ISLHAU02",477,0,2,0,FALSE,TRUE,FALSE
"P_IXMIN01",361,0,118,0,FALSE,TRUE,FALSE
"P_IXOFLA01",473,1,6,0,FALSE,TRUE,FALSE
"P_IXOMIN02",478,0,1,0,FALSE,TRUE,FALSE
"P_IXOMIN03",478,0,1,0,FALSE,TRUE,FALSE
"P_JUNPHA09",479,0,0,0,FALSE,FALSE,FALSE
"P_KEWA01",478,0,1,0,FALSE,TRUE,TRUE
"P_KOKAKO01",478,0,1,0,FALSE,TRUE,FALSE
"P_KOKAKO02",450,2,29,0,FALSE,TRUE,FALSE
"P_LACRI01",464,0,15,0,FALSE,TRUE,FALSE
"P_LAGSEN01",479,0,0,0,FALSE,FALSE,FALSE
"P_LAIRI01",478,0,1,0,FALSE,TRUE,FALSE
"P_LALLEU02",473,0,6,0,FALSE,TRUE,FALSE
"P_LAMCHA02",454,0,25,0,FALSE,TRUE,FALSE
"P_LAMCHA04",454,0,25,0,FALSE,TRUE,FALSE
"P_LAMCHA05",453,0,26,0,FALSE,TRUE,FALSE
"P_LAMHIL01",479,0,0,0,FALSE,FALSE,FALSE
"P_LAMPUR03",479,0,0,0,FALSE,FALSE,FALSE
"P_LANPIL01",477,0,2,0,FALSE,TRUE,FALSE
"P_LANPIL02",477,0,2,0,FALSE,TRUE,FALSE
"P_LANPIL03",477,0,2,0,FALSE,TRUE,FALSE
"P_LARCYA02",479,0,0,0,FALSE,FALSE,FALSE
"P_LARCYA03",479,0,0,0,FALSE,FALSE,FALSE
"P_LARINC01",479,50,0,0,FALSE,FALSE,FALSE
"P_LARINC02",361,0,118,0,FALSE,TRUE,TRUE
"P_LBPIP1",479,0,0,0,FALSE,FALSE,FALSE
"P_LEAMA01",478,0,1,0,FALSE,TRUE,FALSE
"P_LEIPER01",479,0,0,0,FALSE,FALSE,FALSE
"P_LEPAMA01",477,0,2,0,FALSE,TRUE,FALSE
"P_LEPANG01",477,0,2,0,FALSE,TRUE,FALSE
"P_LEPANG02",477,0,2,0,FALSE,TRUE,FALSE
"P_LEPANG03",477,0,2,0,FALSE,TRUE,FALSE
"P_LEPCOR01",479,0,0,0,FALSE,FALSE,FALSE
"P_LEPCOR02",479,0,0,0,FALSE,FALSE,FALSE
"P_LEPCOR04",479,0,0,0,FALSE,FALSE,FALSE
"P_LEPCOR05",478,0,1,0,FALSE,TRUE,FALSE
"P_LEPCOR06",477,0,2,0,FALSE,TRUE,FALSE
"P_LEPCOR07",477,0,2,0,FALSE,TRUE,FALSE
"P_LEPCOR09",477,0,2,0,FALSE,TRUE,FALSE
"P_LEPCOR10",477,0,2,0,FALSE,TRUE,FALSE
"P_LEPFAL01",477,0,2,0,FALSE,TRUE,FALSE
"P_LEPNAT01",477,0,2,0,FALSE,TRUE,FALSE
"P_LEPNAT02",477,0,2,0,FALSE,TRUE,FALSE
"P_LEPNAT03",477,0,2,0,FALSE,TRUE,FALSE
"P_LEPVER03",477,0,2,0,FALSE,TRUE,FALSE
"P_LEPVIL01",477,0,2,0,FALSE,TRUE,FALSE
"P_LEVER01",347,0,132,0,FALSE,TRUE,FALSE
"P_LEVER02",347,0,132,0,FALSE,TRUE,TRUE
"P_LICUNI01",479,0,0,0,FALSE,FALSE,FALSE
"P_LICVER07",473,0,6,0,FALSE,TRUE,FALSE
"P_LICVER08",473,0,6,0,FALSE,TRUE,FALSE
"P_LINN1_Plasmodium_matutinum",479,0,0,0,FALSE,FALSE,FALSE
"P_LINOLI01",479,0,0,0,FALSE,FALSE,TRUE
"P_LINOLI03",479,0,0,0,FALSE,FALSE,FALSE
"P_LIPVOC01",477,0,2,0,FALSE,TRUE,FALSE
"P_LK05",478,0,1,0,FALSE,TRUE,FALSE
"P_LK06",478,0,1,0,FALSE,TRUE,FALSE
"P_LTVOR01",479,0,0,0,FALSE,FALSE,FALSE
"P_LULU02",447,0,32,0,FALSE,TRUE,FALSE
"P_LUME1",479,0,0,0,FALSE,FALSE,FALSE
"P_LUME2",479,0,0,0,FALSE,FALSE,FALSE
"P_LUME3",479,0,0,0,FALSE,FALSE,FALSE
"P_LUME4",479,0,0,0,FALSE,FALSE,FALSE
"P_LUSKOM01",478,0,1,0,FALSE,TRUE,FALSE
"P_LUSLUS01",479,0,0,0,FALSE,FALSE,FALSE
"P_LUSVE01",455,0,24,0,FALSE,TRUE,FALSE
"P_LUSVE10",457,0,22,0,FALSE,TRUE,FALSE
"P_LZFUS01_Plasmodium_relictum",479,0,0,0,FALSE,FALSE,FALSE
"P_MACPYR01",477,0,2,0,FALSE,TRUE,FALSE
"P_MACPYR02",477,0,2,0,FALSE,TRUE,FALSE
"P_MALCIN01",479,0,0,0,FALSE,FALSE,TRUE
"P_MALCOR01",479,0,0,0,FALSE,FALSE,FALSE
"P_MALCOR02",479,0,0,0,FALSE,FALSE,TRUE
"P_MALMEL01",479,0,0,0,FALSE,FALSE,TRUE
"P_MALNI02",479,0,0,0,FALSE,FALSE,FALSE
"P_MALRUF01",477,0,2,0,FALSE,TRUE,FALSE
"P_MANAFR01",479,0,0,0,FALSE,FALSE,FALSE
"P_MANAFR02",479,0,0,0,FALSE,FALSE,FALSE
"P_MANSON01",479,0,0,0,FALSE,FALSE,FALSE
"P_MANSON02",417,0,62,0,FALSE,TRUE,FALSE
"P_MANSON03",479,0,0,0,FALSE,FALSE,FALSE
"P_MANUNI01",479,0,0,0,FALSE,FALSE,FALSE
"P_MARTI01",440,0,39,0,FALSE,TRUE,FALSE
"P_MASTR01",478,0,1,0,FALSE,TRUE,FALSE
"P_MATIT01",479,0,0,0,FALSE,FALSE,FALSE
"P_MEAPI09",479,0,0,0,FALSE,FALSE,FALSE
"P_MEAPI10",479,0,0,0,FALSE,FALSE,FALSE
"P_MEAPI11",479,0,0,0,FALSE,FALSE,FALSE
"P_MEAPI12",479,0,0,0,FALSE,FALSE,FALSE
"P_MELANA01",479,0,0,0,FALSE,FALSE,FALSE
"P_MELAUR01",478,0,1,0,FALSE,TRUE,FALSE
"P_MELFUS05",478,0,1,0,FALSE,TRUE,FALSE
"P_MELGRA01",479,0,0,0,FALSE,FALSE,FALSE
"P_MELIN03",478,0,1,0,FALSE,TRUE,FALSE
"P_MELMEL01",453,0,26,0,FALSE,TRUE,FALSE
"P_MELMEL02",453,0,26,0,FALSE,TRUE,FALSE
"P_MELMEL03",453,0,26,0,FALSE,TRUE,FALSE
"P_MELMEL04",453,0,26,0,FALSE,TRUE,FALSE
"P_MELMEL05",453,0,26,0,FALSE,TRUE,FALSE
"P_MELMEL06",453,0,26,0,FALSE,TRUE,FALSE
"P_MELMEL07",479,0,0,0,FALSE,FALSE,FALSE
"P_MELMEL08",477,0,2,0,FALSE,TRUE,FALSE
"P_MELMEL17",477,0,2,0,FALSE,TRUE,FALSE
"P_MELMEL22",477,0,2,0,FALSE,TRUE,FALSE
"P_MELMEL23",477,0,2,0,FALSE,TRUE,FALSE
"P_MELMEL24",477,0,2,0,FALSE,TRUE,FALSE
"P_MELNOT01",479,0,0,0,FALSE,FALSE,FALSE
"P_MELNOT02",479,0,0,0,FALSE,FALSE,FALSE
"P_METMEL06",477,0,2,0,FALSE,TRUE,FALSE
"P_METTYR01",478,0,1,0,FALSE,TRUE,FALSE
"P_MICHI01",413,0,66,0,FALSE,TRUE,FALSE
"P_MICMIN01",477,0,2,0,FALSE,TRUE,FALSE
"P_MICMIN02",477,0,2,0,FALSE,TRUE,FALSE
"P_MILANS05",479,0,0,0,FALSE,FALSE,FALSE
"P_MILANS06",479,0,0,0,FALSE,FALSE,TRUE
"P_MIMPOL02",479,0,0,0,FALSE,FALSE,FALSE
"P_MIMTRI01",477,0,2,0,FALSE,TRUE,FALSE
"P_MIOMAC01",477,0,2,0,FALSE,TRUE,FALSE
"P_MIOMAC02",477,0,2,0,FALSE,TRUE,FALSE
"P_MIOOLI01",478,0,1,0,FALSE,TRUE,FALSE
"P_MIOOLI02",478,0,1,0,FALSE,TRUE,FALSE
"P_MIOSTR01",456,0,23,0,FALSE,TRUE,FALSE
"P_MIOSTR03",478,0,1,0,FALSE,TRUE,FALSE
"P_MITOM01",479,0,0,0,FALSE,FALSE,FALSE
"P_MITTUB01",479,0,0,0,FALSE,FALSE,FALSE
"P_MOALB01",479,0,0,0,FALSE,FALSE,FALSE
"P_MOALB02",479,0,0,0,FALSE,FALSE,FALSE
"P_MOALB03",479,0,0,0,FALSE,FALSE,FALSE
"P_MOBON01",478,0,1,0,FALSE,TRUE,FALSE
"P_MOLAEN01",479,0,0,0,FALSE,FALSE,FALSE
"P_MOLALT01",477,0,2,0,FALSE,TRUE,FALSE
"P_MOLATE01",479,0,0,0,FALSE,FALSE,TRUE
"P_MOLATE02",479,0,0,0,FALSE,FALSE,FALSE
"P_MOLATE03",479,0,0,0,FALSE,FALSE,FALSE
"P_MOLATE04",479,0,0,0,FALSE,FALSE,FALSE
"P_MOLBON01",479,0,0,0,FALSE,FALSE,FALSE
"P_MOLBON02",477,0,2,0,FALSE,TRUE,FALSE
"P_MOLBON05",479,0,0,0,FALSE,FALSE,FALSE
"P_MOLORY01",305,0,174,0,FALSE,TRUE,FALSE
"P_MONCAC02",479,0,0,0,FALSE,FALSE,FALSE
"P_MONFAI01",479,0,0,0,FALSE,FALSE,TRUE
"P_MONNIG01",477,0,2,0,FALSE,TRUE,FALSE
"P_MONNIG03",479,0,0,0,FALSE,FALSE,FALSE
"P_MONTRI01",479,0,0,0,FALSE,FALSE,FALSE
"P_MUSLAT01",479,0,0,0,FALSE,FALSE,FALSE
"P_MUSLAT02",479,0,0,0,FALSE,FALSE,FALSE
"P_MUSSET03",478,0,1,0,FALSE,TRUE,FALSE
"P_MYARAL01",477,0,2,0,FALSE,TRUE,FALSE
"P_MYAUNI02",477,0,2,0,FALSE,TRUE,FALSE
"P_MYCAE01",446,0,33,0,FALSE,TRUE,FALSE
"P_MYCAME01",478,0,1,0,FALSE,TRUE,FALSE
"P_MYCAME02_Plasmodium_paranucleophilum",478,0,1,0,FALSE,TRUE,TRUE
"P_MYCAME03",478,0,1,0,FALSE,TRUE,FALSE
"P_MYCAME04",478,0,1,0,FALSE,TRUE,FALSE
"P_MYCAME05",478,1,1,0,FALSE,TRUE,FALSE
"P_MYCAME06",478,0,1,0,FALSE,TRUE,FALSE
"P_MYCAME07",478,0,1,0,FALSE,TRUE,FALSE
"P_MYCAN01",478,0,1,0,FALSE,TRUE,FALSE
"P_MYIALE02",479,0,0,0,FALSE,FALSE,FALSE
"P_MYIBAR01",479,0,0,0,FALSE,FALSE,FALSE
"P_MYITYR01",479,0,0,0,FALSE,FALSE,FALSE
"P_MYNA02",479,0,0,0,FALSE,FALSE,FALSE
"P_MYRAXI01",477,0,2,0,FALSE,TRUE,FALSE
"P_MYRAXI03",477,0,2,0,FALSE,TRUE,FALSE
"P_MYRAXI04",477,0,2,0,FALSE,TRUE,FALSE
"P_MYRAXI05",477,0,2,0,FALSE,TRUE,FALSE
"P_MYRAXI06",477,0,2,0,FALSE,TRUE,FALSE
"P_MYRAXI07",477,0,2,0,FALSE,TRUE,FALSE
"P_MYRAXI08",477,0,2,0,FALSE,TRUE,FALSE
"P_MYRAXI09",477,0,2,0,FALSE,TRUE,FALSE
"P_MYRAXI10",477,0,2,0,FALSE,TRUE,FALSE
"P_MYRAXI11",477,0,2,0,FALSE,TRUE,FALSE
"P_MYRAXI12",478,0,1,0,FALSE,TRUE,FALSE
"P_MYRAXI13",478,0,1,0,FALSE,TRUE,FALSE
"P_MYRFOR01",477,0,2,0,FALSE,TRUE,FALSE
"P_MYRFOR02",477,0,2,0,FALSE,TRUE,FALSE
"P_MYRFOR03",477,0,2,0,FALSE,TRUE,FALSE
"P_MYRHEM01",477,0,2,0,FALSE,TRUE,FALSE
"P_MYRHEM02",477,0,2,0,FALSE,TRUE,FALSE
"P_MYRLEU01",477,0,2,0,FALSE,TRUE,FALSE
"P_MYRLON01",477,0,2,0,FALSE,TRUE,FALSE
"P_MYRLON02",477,0,2,0,FALSE,TRUE,FALSE
"P_MYRLON03",477,0,2,0,FALSE,TRUE,FALSE
"P_MYRLON04",477,0,2,0,FALSE,TRUE,FALSE
"P_MYRLON05",477,0,2,0,FALSE,TRUE,FALSE
"P_MYRLON06",477,0,2,0,FALSE,TRUE,FALSE
"P_MYRMAX01",479,0,0,0,FALSE,FALSE,FALSE
"P_MYRMEN01",477,0,2,0,FALSE,TRUE,FALSE
"P_MYRMYO01",479,0,0,0,FALSE,FALSE,FALSE
"P_MYRMYO02",479,0,0,0,FALSE,FALSE,FALSE
"P_MYRMYO03",477,0,2,0,FALSE,TRUE,FALSE
"P_MYRMYO04",477,0,2,0,FALSE,TRUE,FALSE
"P_MYRMYO05",477,0,2,0,FALSE,TRUE,FALSE
"P_MYRMYO06",477,0,2,0,FALSE,TRUE,FALSE
"P_MYRMYO08",477,0,2,0,FALSE,TRUE,FALSE
"P_MYRMYO09",477,0,2,0,FALSE,TRUE,FALSE
"P_MYRMYO10",477,0,2,0,FALSE,TRUE,FALSE
"P_MYRMYO12",477,0,2,0,FALSE,TRUE,FALSE
"P_MYRMYO13",478,0,1,0,FALSE,TRUE,FALSE
"P_MYRSCH01",477,0,2,0,FALSE,TRUE,FALSE
"P_MYZCAL02",479,0,0,0,FALSE,FALSE,FALSE
"P_MYZCAR04",312,0,167,0,FALSE,TRUE,FALSE
"P_NECASP02",249,0,230,0,FALSE,TRUE,TRUE
"P_NEOBS01",479,0,0,0,FALSE,FALSE,FALSE
"P_NEOBS02",244,0,235,0,FALSE,TRUE,TRUE
"P_NEOFAS01",477,0,2,0,FALSE,TRUE,FALSE
"P_NEOFAS04",477,0,2,0,FALSE,TRUE,FALSE
"P_NEOFAS05",477,0,2,0,FALSE,TRUE,FALSE
"P_NEOFAS06",477,0,2,0,FALSE,TRUE,FALSE
"P_NEOFAS07",477,0,2,0,FALSE,TRUE,FALSE
"P_NEOFAS08",477,0,2,0,FALSE,TRUE,FALSE
"P_NEOFAS09",477,0,2,0,FALSE,TRUE,FALSE
"P_NEOFAS10",477,0,2,0,FALSE,TRUE,FALSE
"P_NEOFAS11",477,0,2,0,FALSE,TRUE,FALSE
"P_NEOFAS12",477,0,2,0,FALSE,TRUE,FALSE
"P_NEOLI01",270,0,209,0,FALSE,TRUE,TRUE
"P_NEOPOE01",478,0,1,0,FALSE,TRUE,FALSE
"P_NESOU01",463,0,16,0,FALSE,TRUE,TRUE
"P_NEWAM01",464,0,15,0,FALSE,TRUE,TRUE
"P_NEWAM05",479,0,0,0,FALSE,FALSE,FALSE
"P_NEWAM06",479,0,0,0,FALSE,FALSE,TRUE
"P_NEWAM07",479,0,0,0,FALSE,FALSE,FALSE
"P_NIDAV01",478,0,1,0,FALSE,TRUE,FALSE
"P_NILSUN01",479,0,0,0,FALSE,FALSE,FALSE
"P_NILSUN03",446,0,33,0,FALSE,TRUE,FALSE
"P_NINOX05",464,0,15,0,FALSE,TRUE,FALSE
"P_NISCU1",479,0,0,0,FALSE,FALSE,FALSE
"P_NISCU2",479,0,0,0,FALSE,FALSE,FALSE
"P_NOTURU01",479,0,0,0,FALSE,FALSE,FALSE
"P_NYCNYC01",479,0,0,0,FALSE,FALSE,TRUE
"P_NYCNYC02",479,0,0,0,FALSE,FALSE,FALSE
"P_NYCTALB03",477,3,2,0,FALSE,TRUE,FALSE
"P_NYSCHA02",477,0,2,0,FALSE,TRUE,FALSE
"P_OREGUT01",479,0,0,0,FALSE,FALSE,FALSE
"P_ORW1",478,0,1,0,FALSE,TRUE,FALSE
"P_OTULET03",479,0,0,0,FALSE,FALSE,FALSE
"P_OTUSCO10",479,0,0,0,FALSE,FALSE,FALSE
"P_OXYMAD01",479,0,0,0,FALSE,FALSE,FALSE
"P_PACCAL01",479,0,0,0,FALSE,FALSE,FALSE
"P_PACPEC01",479,0,0,0,FALSE,FALSE,FALSE
"P_PACPOL02",477,0,2,0,FALSE,TRUE,FALSE
"P_PACRUF01",477,0,2,0,FALSE,TRUE,FALSE
"P_PACYA01",479,2,0,0,FALSE,FALSE,FALSE
"P_PADOM01",479,0,0,0,FALSE,FALSE,FALSE
"P_PADOM02_Plasmodium_cathemerium",479,0,0,0,FALSE,FALSE,FALSE
"P_PADOM04",478,0,1,0,FALSE,TRUE,FALSE
"P_PADOM06",469,0,10,0,FALSE,TRUE,FALSE
"P_PADOM07",447,0,32,0,FALSE,TRUE,FALSE
"P_PADOM08",475,0,4,0,FALSE,TRUE,FALSE
"P_PADOM09_Plasmodium_sp.",479,0,0,0,FALSE,FALSE,FALSE
"P_PADOM10",478,0,1,0,FALSE,TRUE,FALSE
"P_PADOM11",479,0,0,0,FALSE,FALSE,FALSE
"P_PADOM14",412,0,67,0,FALSE,TRUE,FALSE
"P_PADOM16_Plasmodium_rouxi",473,4,6,0,FALSE,TRUE,FALSE
"P_PADOM17",477,0,2,0,FALSE,TRUE,FALSE
"P_PADOM18",473,0,6,0,FALSE,TRUE,FALSE
"P_PADOM19",473,0,6,0,FALSE,TRUE,FALSE
"P_PADOM20",473,1,6,0,FALSE,TRUE,FALSE
"P_PADOM21",473,2,6,0,FALSE,TRUE,FALSE
"P_PADOM24",479,0,0,0,FALSE,FALSE,FALSE
"P_PADOM27",478,0,1,0,FALSE,TRUE,FALSE
"P_PADOM28",478,0,1,0,FALSE,TRUE,FALSE
"P_PADOM29",478,0,1,0,FALSE,TRUE,FALSE
"P_PADOM30",478,0,1,0,FALSE,TRUE,FALSE
"P_PADOM31",478,0,1,0,FALSE,TRUE,FALSE
"P_PADOM33",479,0,0,0,FALSE,FALSE,FALSE
"P_PADOM38",478,0,1,0,FALSE,TRUE,FALSE
"P_PAGRI02",479,0,0,0,FALSE,FALSE,FALSE
"P_PAGUL01",446,0,33,0,FALSE,TRUE,FALSE
"P_PAHIS04",478,0,1,0,FALSE,TRUE,FALSE
"P_PAHIS05",479,0,0,0,FALSE,FALSE,FALSE
"P_PAHIS06",479,0,0,0,FALSE,FALSE,FALSE
"P_PAHIS07",479,0,0,0,FALSE,FALSE,FALSE
"P_PAPOL05",478,0,1,0,FALSE,TRUE,FALSE
"P_PAPOL06",478,0,1,0,FALSE,TRUE,FALSE
"P_PARCAP01",477,0,2,0,FALSE,TRUE,FALSE
"P_PARCAP03",477,0,2,0,FALSE,TRUE,FALSE
"P_PARCAP04",477,0,2,0,FALSE,TRUE,FALSE
"P_PARCAP05",477,0,2,0,FALSE,TRUE,FALSE
"P_PARCAP06",477,0,2,0,FALSE,TRUE,FALSE
"P_PARCAP07",477,0,2,0,FALSE,TRUE,FALSE
"P_PARCAP08",477,0,2,0,FALSE,TRUE,FALSE
"P_PARCAP09",477,0,2,0,FALSE,TRUE,FALSE
"P_PARCON01",477,0,2,0,FALSE,TRUE,FALSE
"P_PARHUD02",477,0,2,0,FALSE,TRUE,FALSE
"P_PARMIN02",479,0,0,0,FALSE,FALSE,TRUE
"P_PARMIN12",479,0,0,0,FALSE,FALSE,FALSE
"P_PARMIN13",479,0,0,0,FALSE,FALSE,FALSE
"P_PARMIN14",479,0,0,0,FALSE,FALSE,FALSE
"P_PARMIN16",479,0,0,0,FALSE,FALSE,FALSE
"P_PARPAL01",478,0,1,0,FALSE,TRUE,FALSE
"P_PARUS09",305,0,174,0,FALSE,TRUE,TRUE
"P_PARUS2",413,4,66,0,FALSE,TRUE,TRUE
"P_PARUS3",450,2,29,0,FALSE,TRUE,FALSE
"P_PARUS66",479,0,0,0,FALSE,FALSE,FALSE
"P_PARUS67",479,0,0,0,FALSE,FALSE,FALSE
"P_PARUS75",479,0,0,0,FALSE,FALSE,FALSE
"P_PARUS80",479,0,0,0,FALSE,FALSE,FALSE
"P_PARVEN02",428,0,51,0,FALSE,TRUE,TRUE
"P_PARWOO01",459,0,20,0,FALSE,TRUE,FALSE
"P_PARWOO02",479,0,0,0,FALSE,FALSE,FALSE
"P_PASCYA02",477,0,2,0,FALSE,TRUE,FALSE
"P_PASDIF04",432,0,47,0,FALSE,TRUE,FALSE
"P_PASMEL01",479,0,0,0,FALSE,FALSE,FALSE
"P_PASVER01",479,0,0,1,TRUE,FALSE,FALSE
"P_PASVER02",479,0,0,1,TRUE,FALSE,FALSE
"P_PASVER03",478,0,1,0,FALSE,TRUE,FALSE
"P_PASVER04",479,0,0,0,FALSE,FALSE,FALSE
"P_PBPIP1",479,0,0,0,FALSE,FALSE,FALSE
"P_PECTOS01",387,0,92,0,FALSE,TRUE,FALSE
"P_PELSEP01",448,0,31,1,TRUE,TRUE,FALSE
"P_PELSEP02",449,0,30,0,FALSE,TRUE,FALSE
"P_PELSEP04",479,0,0,0,FALSE,FALSE,FALSE
"P_PENPAN05",464,0,15,0,FALSE,TRUE,FALSE
"P_PERAP01",478,0,1,0,FALSE,TRUE,FALSE
"P_PERATE05",479,0,0,0,FALSE,FALSE,FALSE
"P_PERCAN12",477,0,2,0,FALSE,TRUE,FALSE
"P_PERCAN13",477,0,2,0,FALSE,TRUE,FALSE
"P_PERCAN14",477,0,2,0,FALSE,TRUE,FALSE
"P_PERCAN15",477,0,2,0,FALSE,TRUE,FALSE
"P_PERCAN16",477,0,2,0,FALSE,TRUE,FALSE
"P_PERCAN17",477,0,2,0,FALSE,TRUE,FALSE
"P_PERCAN19",477,1,2,0,FALSE,TRUE,FALSE
"P_PERCAN20",477,0,2,0,FALSE,TRUE,FALSE
"P_PERCAN21",477,0,2,0,FALSE,TRUE,FALSE
"P_PERCAN22",477,0,2,0,FALSE,TRUE,FALSE
"P_PERCAN23",477,0,2,0,FALSE,TRUE,FALSE
"P_PERCAN28",477,0,2,0,FALSE,TRUE,FALSE
"P_PERCAN29",477,0,2,0,FALSE,TRUE,FALSE
"P_PERCAN30",477,0,2,0,FALSE,TRUE,FALSE
"P_PESA01",479,0,0,0,FALSE,FALSE,FALSE
"P_PHACAR01",476,0,3,0,FALSE,TRUE,FALSE
"P_PHAE01",477,0,2,0,FALSE,TRUE,FALSE
"P_PHAFUL01",479,0,0,0,FALSE,FALSE,FALSE
"P_PHAMAL02",477,0,2,0,FALSE,TRUE,FALSE
"P_PHASYR02",456,0,23,0,FALSE,TRUE,FALSE
"P_PHCOL01_Plasmodium_relictum",479,0,0,0,FALSE,FALSE,FALSE
"P_PHECHR03",466,1,13,0,FALSE,TRUE,FALSE
"P_PHECHR04",477,0,2,0,FALSE,TRUE,FALSE
"P_PHEGEN01",477,0,2,0,FALSE,TRUE,FALSE
"P_PHICAR01",450,0,29,0,FALSE,TRUE,FALSE
"P_PHICT01",479,0,0,0,FALSE,FALSE,FALSE
"P_PHICT02",479,0,0,0,FALSE,FALSE,FALSE
"P_PHIERY01",477,0,2,0,FALSE,TRUE,FALSE
"P_PHIERY02",477,0,2,0,FALSE,TRUE,FALSE
"P_PHIERY03",477,0,2,0,FALSE,TRUE,FALSE
"P_PHINO02",430,0,49,0,FALSE,TRUE,FALSE
"P_PHLNIG02",477,0,2,0,FALSE,TRUE,FALSE
"P_PHLNIG03",477,0,2,0,FALSE,TRUE,FALSE
"P_PHOPHO01",479,0,0,0,FALSE,FALSE,FALSE
"P_PHPAT01",479,0,0,0,FALSE,FALSE,FALSE
"P_PHYBOR05",479,0,0,0,FALSE,FALSE,FALSE
"P_PHYBOR06",477,0,2,0,FALSE,TRUE,FALSE
"P_PHYBOR07",477,0,2,0,FALSE,TRUE,FALSE
"P_PHYBOR08",477,0,2,0,FALSE,TRUE,FALSE
"P_PHYBOR09",477,0,2,0,FALSE,TRUE,FALSE
"P_PHYICT01",479,0,0,0,FALSE,FALSE,FALSE
"P_PHYXAV01",479,0,0,0,FALSE,FALSE,FALSE
"P_PHYXAV02",474,0,5,0,FALSE,TRUE,FALSE
"P_PIACAY02",477,0,2,0,FALSE,TRUE,FALSE
"P_PICAN01",479,2,0,0,FALSE,FALSE,FALSE
"P_PICFLA01",477,0,2,0,FALSE,TRUE,FALSE
"P_PIOLI02",479,0,0,0,FALSE,FALSE,FALSE
"P_PIPCHL01",478,0,1,0,FALSE,TRUE,FALSE
"P_PIPERY02",477,0,2,0,FALSE,TRUE,FALSE
"P_PIPFAS01",479,0,0,0,FALSE,FALSE,FALSE
"P_PIPFAS02",477,0,2,0,FALSE,TRUE,FALSE
"P_PIPFAS03",477,0,2,0,FALSE,TRUE,FALSE
"P_PIPFAS04",477,0,2,1,TRUE,TRUE,FALSE
"P_PIPFAS05",477,0,2,0,FALSE,TRUE,FALSE
"P_PIPFAS06",477,0,2,0,FALSE,TRUE,FALSE
"P_PIPFAS07",477,0,2,0,FALSE,TRUE,FALSE
"P_PIPFAS08",477,0,2,0,FALSE,TRUE,FALSE
"P_PIPFAS09",477,0,2,0,FALSE,TRUE,FALSE
"P_PIPRIE02",478,0,1,0,FALSE,TRUE,FALSE
"P_PIRRUB03",477,0,2,0,FALSE,TRUE,FALSE
"P_PITDIC02",479,0,0,0,FALSE,FALSE,FALSE
"P_PITINC01",479,0,0,0,FALSE,FALSE,FALSE
"P_PITMOL01",479,0,0,0,FALSE,FALSE,FALSE
"P_PITMOL02",479,0,0,0,FALSE,FALSE,FALSE
"P_PITTA01",479,0,0,0,FALSE,FALSE,FALSE
"P_PLACAS01",479,1,0,0,FALSE,FALSE,FALSE
"P_PLACAS02",479,0,0,0,FALSE,FALSE,FALSE
"P_PLOCU10",479,0,0,0,FALSE,FALSE,FALSE
"P_PLOCUC02",478,0,1,0,FALSE,TRUE,FALSE
"P_PLOCUC08",458,0,21,0,FALSE,TRUE,FALSE
"P_PLOCUC10",452,0,27,0,FALSE,TRUE,FALSE
"P_PLOCUC11",454,0,25,0,FALSE,TRUE,FALSE
"P_PLOCUC12",434,0,45,0,FALSE,TRUE,FALSE
"P_PLOCUC13",452,0,27,0,FALSE,TRUE,FALSE
"P_PLOPRI01",479,0,0,0,FALSE,FALSE,FALSE
"P_PLOPRI02",478,0,1,0,FALSE,TRUE,FALSE
"P_PLOSAN05",478,0,1,0,FALSE,TRUE,FALSE
"P_PLOVEL01",479,0,0,0,FALSE,FALSE,FALSE
"P_POEATR02",477,0,2,0,FALSE,TRUE,FALSE
"P_POEATR03",477,0,2,0,FALSE,TRUE,FALSE
"P_POEATR05",477,0,2,0,FALSE,TRUE,FALSE
"P_POEATR10",479,0,0,0,FALSE,FALSE,FALSE
"P_POEGAM01",478,0,1,0,FALSE,TRUE,FALSE
"P_POEMON02",429,0,50,0,FALSE,TRUE,FALSE
"P_POERY01",446,0,33,0,FALSE,TRUE,FALSE
"P_POHYP01",446,0,33,0,FALSE,TRUE,FALSE
"P_POMERY01",479,0,0,0,FALSE,FALSE,FALSE
"P_POMFER01",479,0,0,0,FALSE,FALSE,FALSE
"P_POOHIS03",478,0,1,0,FALSE,TRUE,FALSE
"P_POOHIS04",478,1,1,0,FALSE,TRUE,TRUE
"P_PORUF01",446,0,33,0,FALSE,TRUE,FALSE
"P_PORUF02",446,0,33,0,FALSE,TRUE,FALSE
"P_PORUF03",446,0,33,0,FALSE,TRUE,TRUE
"P_PREGUT01",477,0,2,0,FALSE,TRUE,FALSE
"P_PRISOC02",305,0,174,0,FALSE,TRUE,FALSE
"P_PROCAF01",479,0,0,0,FALSE,FALSE,FALSE
"P_PSABIF01",477,0,2,0,FALSE,TRUE,FALSE
"P_PSB1",478,0,1,0,FALSE,TRUE,FALSE
"P_PSEGRI01",479,0,0,0,FALSE,FALSE,FALSE
"P_PSEVIR01",288,0,191,0,FALSE,TRUE,FALSE
"P_PSOOCH01",477,0,2,0,FALSE,TRUE,FALSE
"P_PTIPET01",469,0,10,0,FALSE,TRUE,FALSE
"P_PV10",244,0,235,0,FALSE,TRUE,FALSE
"P_PV18",244,0,235,0,FALSE,TRUE,FALSE
"P_PV5",244,0,235,0,FALSE,TRUE,TRUE
"P_PV8",244,0,235,0,FALSE,TRUE,TRUE
"P_PYCBAR04",479,0,0,0,FALSE,FALSE,FALSE
"P_PYCCAF01",305,0,174,0,FALSE,TRUE,TRUE
"P_PYCCAF02",478,0,1,0,FALSE,TRUE,FALSE
"P_PYCFIN01",479,0,0,0,FALSE,FALSE,FALSE
"P_PYCFIN02",479,0,0,0,FALSE,FALSE,FALSE
"P_PYCFIN03",479,0,0,0,FALSE,FALSE,FALSE
"P_PYCJOC01_Plasmodium_sp.",478,0,1,0,FALSE,TRUE,FALSE
"P_PYCJOC02",478,0,1,0,FALSE,TRUE,FALSE
"P_PYCTRI01",456,0,23,0,FALSE,TRUE,FALSE
"P_PYFLA01",446,0,33,0,FALSE,TRUE,FALSE
"P_PYLEU01",478,0,1,0,FALSE,TRUE,FALSE
"P_PYLEU02",478,0,1,0,FALSE,TRUE,FALSE
"P_PYLEU03",478,0,1,0,FALSE,TRUE,FALSE
"P_PYLEU04",478,0,1,0,FALSE,TRUE,FALSE
"P_PYLEU05",478,0,1,0,FALSE,TRUE,FALSE
"P_PYRLEP01",477,0,2,0,FALSE,TRUE,FALSE
"P_PYRLEP02",477,0,2,0,FALSE,TRUE,FALSE
"P_PYRLEU01",477,0,2,0,FALSE,TRUE,FALSE
"P_PYRLEU02",477,0,2,0,FALSE,TRUE,FALSE
"P_PYRLEU03",477,0,2,0,FALSE,TRUE,FALSE
"P_PYRLEU04",477,0,2,0,FALSE,TRUE,FALSE
"P_PYSUN1_Plasmodium_megaglobularis",479,0,0,0,FALSE,FALSE,FALSE
"P_QUIMEX01",479,0,0,0,FALSE,FALSE,FALSE
"P_QUIMEX02",479,0,0,0,FALSE,FALSE,FALSE
"P_RAMCAR01",479,0,0,0,FALSE,FALSE,FALSE
"P_RAMCAR02",477,0,2,0,FALSE,TRUE,FALSE
"P_RAMCAR03",477,0,2,0,FALSE,TRUE,FALSE
"P_RAMCAR04",477,0,2,0,FALSE,TRUE,FALSE
"P_RAMCAR05",477,0,2,0,FALSE,TRUE,FALSE
"P_RAMPAS01",477,0,2,0,FALSE,TRUE,FALSE
"P_RAMPAS02",477,0,2,0,FALSE,TRUE,FALSE
"P_RAMVIT01",479,0,0,0,FALSE,FALSE,FALSE
"P_RBQ02",305,0,174,0,FALSE,TRUE,FALSE
"P_RBQ03",479,0,0,0,FALSE,FALSE,FALSE
"P_RBQ15",210,20,269,0,FALSE,TRUE,FALSE
"P_RBQ16",210,0,269,0,FALSE,TRUE,TRUE
"P_RBQ17",305,18,174,0,FALSE,TRUE,FALSE
"P_RBQ18",145,12,334,0,FALSE,TRUE,FALSE
"P_RBQ19",148,15,331,0,FALSE,TRUE,FALSE
"P_RBQ20",210,11,269,0,FALSE,TRUE,FALSE
"P_RBQ21",305,1,174,0,FALSE,TRUE,TRUE
"P_RBQ23",210,16,269,0,FALSE,TRUE,FALSE
"P_RBQ24",420,4,59,0,FALSE,TRUE,FALSE
"P_REB12p",479,0,0,0,FALSE,FALSE,FALSE
"P_RECOB4",479,0,0,0,FALSE,FALSE,FALSE
"P_REGSAT01",477,0,2,0,FALSE,TRUE,FALSE
"P_RFF1",479,0,0,0,FALSE,FALSE,FALSE
"P_RHIALB02",464,0,15,0,FALSE,TRUE,TRUE
"P_RHIAUR01",441,4,38,0,FALSE,TRUE,TRUE
"P_RHIRUF01",479,0,0,0,FALSE,FALSE,FALSE
"P_RHYSIM01",477,0,2,0,FALSE,TRUE,FALSE
"P_RIPRIP09",479,1,0,0,FALSE,FALSE,FALSE
"P_RIPRIP10",479,0,0,0,FALSE,FALSE,FALSE
"P_ROBIN3",479,0,0,0,FALSE,FALSE,FALSE
"P_ROFI4",479,0,0,0,FALSE,FALSE,FALSE
"P_ROFI5",479,0,0,0,FALSE,FALSE,FALSE
"P_RTSR1",479,0,0,0,FALSE,FALSE,FALSE
"P_RTSR2",478,0,1,0,FALSE,TRUE,FALSE
"P_RUMAG01",383,0,96,0,FALSE,TRUE,FALSE
"P_RWB01",479,0,0,0,FALSE,FALSE,FALSE
"P_SALAT01",479,0,0,0,FALSE,FALSE,FALSE
"P_SALATR01",477,0,2,0,FALSE,TRUE,FALSE
"P_SALCOE01",305,0,174,0,FALSE,TRUE,TRUE
"P_SALMAX01",477,0,2,0,FALSE,TRUE,FALSE
"P_SALMAX02",477,0,2,0,FALSE,TRUE,FALSE
"P_SATOR01",463,0,16,0,FALSE,TRUE,TRUE
"P_SATOR02",479,0,0,0,FALSE,FALSE,TRUE
"P_SAXRUB01",479,0,0,0,FALSE,FALSE,FALSE
"P_SAXRUB02",479,0,0,0,FALSE,FALSE,FALSE
"P_SAXRUB03",479,0,0,0,FALSE,FALSE,FALSE
"P_SCEDEN01",479,0,0,0,FALSE,FALSE,FALSE
"P_SCHRUF01",477,0,2,0,FALSE,TRUE,FALSE
"P_SCHTUR02",477,0,2,0,FALSE,TRUE,FALSE
"P_SCLCAU02",477,0,2,0,FALSE,TRUE,FALSE
"P_SCLMEX01",478,0,1,0,FALSE,TRUE,FALSE
"P_SEIAUR01_Plasmodium_cathemerium",479,0,0,0,FALSE,FALSE,TRUE
"P_SEIAUR02",368,0,111,0,FALSE,TRUE,TRUE
"P_SEIAUR04",463,0,16,0,FALSE,TRUE,TRUE
"P_SEINOV01",368,0,111,0,FALSE,TRUE,TRUE
"P_SERCAN01",479,0,0,0,FALSE,FALSE,FALSE
"P_SERSUB01",477,0,2,0,FALSE,TRUE,FALSE
"P_SERSUB02",477,0,2,0,FALSE,TRUE,FALSE
"P_SERUT09",285,0,194,0,FALSE,TRUE,FALSE
"P_SERUT10",285,1,194,0,FALSE,TRUE,TRUE
"P_SETAUD23",478,0,1,0,FALSE,TRUE,FALSE
"P_SETAUD24",478,0,1,0,FALSE,TRUE,FALSE
"P_SETCAE02",479,0,0,0,FALSE,FALSE,FALSE
"P_SETCER02",479,0,0,0,FALSE,FALSE,FALSE
"P_SETCOR03",475,0,4,0,FALSE,TRUE,FALSE
"P_SETCOR20",477,0,2,0,FALSE,TRUE,FALSE
"P_SETPEN01",478,0,1,0,FALSE,TRUE,TRUE
"P_SETPET01",477,0,2,0,FALSE,TRUE,FALSE
"P_SETPET02",465,0,14,0,FALSE,TRUE,FALSE
"P_SETVIR01",478,0,1,0,FALSE,TRUE,FALSE
"P_SFC5",479,0,0,0,FALSE,FALSE,FALSE
"P_SFC6",479,0,0,0,FALSE,FALSE,FALSE
"P_SGS1_Plasmodium_relictum",479,0,0,0,FALSE,FALSE,FALSE
"P_SGS2",479,0,0,0,FALSE,FALSE,FALSE
"P_SIAMEX02",361,0,118,0,FALSE,TRUE,FALSE
"P_SIAMEX04",478,0,1,0,FALSE,TRUE,FALSE
"P_SISKIN3",479,0,0,0,FALSE,FALSE,FALSE
"P_SPDEM01",460,0,19,0,FALSE,TRUE,TRUE
"P_SPDEM02",479,0,0,0,FALSE,FALSE,TRUE
"P_SPHUM01",478,0,1,0,FALSE,TRUE,FALSE
"P_SPHUM02",478,0,1,0,FALSE,TRUE,FALSE
"P_SPHUM03",479,0,0,0,FALSE,FALSE,FALSE
"P_SPHUM05",479,0,0,0,FALSE,FALSE,FALSE
"P_SPMAG01_Plasmodium_tejerai",454,0,25,0,FALSE,TRUE,FALSE
"P_SPMAG02_Plasmodium_tejerai",414,0,65,0,FALSE,TRUE,FALSE
"P_SPMAG04",479,0,0,0,FALSE,FALSE,FALSE
"P_SPMAG06",479,0,0,0,FALSE,FALSE,FALSE
"P_SPMAG07",479,0,0,0,FALSE,FALSE,FALSE
"P_SPMAG08",479,0,0,0,FALSE,FALSE,FALSE
"P_SPMAG09",440,0,39,0,FALSE,TRUE,FALSE
"P_SPMAG10",479,0,0,0,FALSE,FALSE,FALSE
"P_SPMAG11",479,0,0,0,FALSE,FALSE,FALSE
"P_SPMEN01",347,0,132,0,FALSE,TRUE,TRUE
"P_SPMEN03",479,0,0,0,FALSE,FALSE,TRUE
"P_SPOAME01",477,0,2,0,FALSE,TRUE,FALSE
"P_STANIG01",479,0,0,0,FALSE,FALSE,FALSE
"P_STANIG02",446,0,33,0,FALSE,TRUE,TRUE
"P_STASTR01",305,0,174,0,FALSE,TRUE,FALSE
"P_STEGRA01",479,0,0,0,FALSE,FALSE,TRUE
"P_STEGRA02",479,0,0,0,FALSE,FALSE,FALSE
"P_STEGRA03",479,0,0,0,FALSE,FALSE,FALSE
"P_STEGRA04",479,0,0,0,FALSE,FALSE,FALSE
"P_STEHIR01",479,0,0,0,FALSE,FALSE,FALSE
"P_STEHIR02",479,0,0,0,FALSE,FALSE,FALSE
"P_STIERY01",479,0,0,0,FALSE,FALSE,TRUE
"P_STIERY02",475,0,4,0,FALSE,TRUE,FALSE
"P_STNT01",479,1,0,0,FALSE,FALSE,FALSE
"P_STNT02",443,0,36,0,FALSE,TRUE,FALSE
"P_STRZON02",360,3,119,0,FALSE,TRUE,FALSE
"P_STSTR01",446,0,33,0,FALSE,TRUE,FALSE
"P_STUMIL01",477,0,2,0,FALSE,TRUE,FALSE
"P_STURUNI01",479,0,0,0,FALSE,FALSE,FALSE
"P_STURUNI02",479,0,0,0,FALSE,FALSE,FALSE
"P_STUSUP01",479,0,0,0,FALSE,FALSE,FALSE
"P_STUSUP02",479,0,0,0,FALSE,FALSE,FALSE
"P_STVAR04",479,0,0,0,FALSE,FALSE,FALSE
"P_SUNLA1",479,0,0,0,FALSE,FALSE,FALSE
"P_SW2_Plasmodium_homonucleophilum",478,0,1,0,FALSE,TRUE,FALSE
"P_SW5_Plasmodium_circumflexum",479,0,0,0,FALSE,FALSE,FALSE
"P_SYAT05_Plasmodium_vaughani",479,0,0,0,FALSE,FALSE,FALSE
"P_SYAT24",479,0,0,0,FALSE,FALSE,FALSE
"P_SYAT38",479,0,0,0,FALSE,FALSE,FALSE
"P_SYAT45",479,0,0,0,FALSE,FALSE,FALSE
"P_SYBOR02",479,0,0,0,FALSE,FALSE,FALSE
"P_SYBOR05",473,0,6,0,FALSE,TRUE,FALSE
"P_SYBOR09",479,0,0,0,FALSE,FALSE,FALSE
"P_SYBOR10",479,0,0,0,FALSE,FALSE,FALSE
"P_SYBOR11",479,0,0,0,FALSE,FALSE,FALSE
"P_SYBOR21",469,0,10,0,FALSE,TRUE,TRUE
"P_SYCAN01",479,0,0,0,FALSE,FALSE,FALSE
"P_SYCON01",479,0,0,0,FALSE,FALSE,FALSE
"P_SYCON02",479,0,0,0,FALSE,FALSE,FALSE
"P_SYMGUT03",479,0,0,0,FALSE,FALSE,FALSE
"P_SYNRUF03",479,0,0,0,FALSE,FALSE,FALSE
"P_SYNRUF04",479,0,0,0,FALSE,FALSE,FALSE
"P_TABI07",285,0,194,0,FALSE,TRUE,TRUE
"P_TABI08",285,0,194,0,FALSE,TRUE,TRUE
"P_TACCRI02",477,0,2,0,FALSE,TRUE,FALSE
"P_TACPHO01",477,0,2,0,FALSE,TRUE,FALSE
"P_TACRUB01",479,0,0,0,FALSE,FALSE,FALSE
"P_TACRUB04",477,0,2,0,FALSE,TRUE,FALSE
"P_TACRUF01",477,0,2,0,FALSE,TRUE,FALSE
"P_TACTHA01",478,0,1,0,FALSE,TRUE,FALSE
"P_TADFER02",476,0,3,0,FALSE,TRUE,FALSE
"P_TANARG01",474,0,5,0,FALSE,TRUE,FALSE
"P_TANICT02",479,0,0,0,FALSE,FALSE,FALSE
"P_TANNIG02",478,0,1,0,FALSE,TRUE,FALSE
"P_TANSCH01",477,0,2,0,FALSE,TRUE,FALSE
"P_TARMAJ01",477,0,2,0,FALSE,TRUE,FALSE
"P_TARUF01",478,0,1,0,FALSE,TRUE,FALSE
"P_TCHSEN01",479,0,0,0,FALSE,FALSE,FALSE
"P_TEPON02",479,0,0,0,FALSE,FALSE,FALSE
"P_TERERY01",477,0,2,0,FALSE,TRUE,FALSE
"P_TERERY02",477,0,2,0,FALSE,TRUE,FALSE
"P_TERUF02",479,0,0,0,FALSE,FALSE,FALSE
"P_TERVIR01",479,0,0,0,FALSE,FALSE,FALSE
"P_TFUS05_Plasmodium_lutzi",479,0,0,0,FALSE,FALSE,FALSE
"P_TFUS06_Plasmodium_unalis",479,0,0,0,FALSE,FALSE,FALSE
"P_THAAET01",477,0,2,0,FALSE,TRUE,FALSE
"P_THAAET02",477,0,2,0,FALSE,TRUE,FALSE
"P_THAAMA01",477,0,2,0,FALSE,TRUE,FALSE
"P_THACAE01",479,0,0,0,FALSE,FALSE,FALSE
"P_THACAE02",477,0,2,0,FALSE,TRUE,FALSE
"P_THACAE03",477,0,2,0,FALSE,TRUE,FALSE
"P_THACAE04",477,0,2,0,FALSE,TRUE,FALSE
"P_THACAE06",477,0,2,0,FALSE,TRUE,FALSE
"P_THACAE07",477,0,2,0,FALSE,TRUE,FALSE
"P_THACAE08",477,0,2,0,FALSE,TRUE,FALSE
"P_THACAE09",477,0,2,0,FALSE,TRUE,FALSE
"P_THACEA10",477,0,2,0,FALSE,TRUE,FALSE
"P_THAMAE01",479,0,0,0,FALSE,FALSE,FALSE
"P_THAMB01",478,0,1,0,FALSE,TRUE,FALSE
"P_THAMB02",478,0,1,0,FALSE,TRUE,FALSE
"P_THAMB03",478,0,1,0,FALSE,TRUE,FALSE
"P_THAMB04",478,0,1,0,FALSE,TRUE,FALSE
"P_THAMB05",478,0,1,0,FALSE,TRUE,FALSE
"P_THAMB06",478,0,1,0,FALSE,TRUE,FALSE
"P_THAMB07",478,0,1,0,FALSE,TRUE,FALSE
"P_THAMB08",478,0,1,0,FALSE,TRUE,FALSE
"P_THAMB09",478,0,1,0,FALSE,TRUE,FALSE
"P_THAMB10",478,0,1,0,FALSE,TRUE,FALSE
"P_THAMUR01",477,0,2,0,FALSE,TRUE,FALSE
"P_THANIG01",477,0,2,0,FALSE,TRUE,FALSE
"P_THANIG02",477,0,2,0,FALSE,TRUE,FALSE
"P_THASAT01",477,0,2,0,FALSE,TRUE,FALSE
"P_THASAT02",477,0,2,0,FALSE,TRUE,FALSE
"P_THASAT03",477,0,2,0,FALSE,TRUE,FALSE
"P_THASAT04",477,0,2,0,FALSE,TRUE,FALSE
"P_THASAT06",477,0,2,0,FALSE,TRUE,FALSE
"P_THASAT07",477,0,2,0,FALSE,TRUE,FALSE
"P_THASAT08",477,0,2,0,FALSE,TRUE,FALSE
"P_THASAT10",477,0,2,0,FALSE,TRUE,FALSE
"P_THASCH01",479,0,0,0,FALSE,FALSE,FALSE
"P_THASCH02",477,0,2,0,FALSE,TRUE,FALSE
"P_THASCH04",478,0,1,0,FALSE,TRUE,FALSE
"P_THCAE01",478,0,1,0,FALSE,TRUE,FALSE
"P_THRLEU01",477,0,2,0,FALSE,TRUE,FALSE
"P_THRPAL01",478,0,1,0,FALSE,TRUE,TRUE
"P_THSAY01",478,0,1,0,FALSE,TRUE,FALSE
"P_THSAY02",478,0,1,0,FALSE,TRUE,FALSE
"P_TOCKUS01",479,0,0,0,FALSE,FALSE,FALSE
"P_TOCLEU01",432,0,47,0,FALSE,TRUE,FALSE
"P_TOFLA01",478,0,1,0,FALSE,TRUE,FALSE
"P_TOLFLA02",477,0,2,0,FALSE,TRUE,FALSE
"P_TRICRI01",449,0,30,0,FALSE,TRUE,FALSE
"P_TRMEL01",478,0,1,0,FALSE,TRUE,FALSE
"P_TRMEL02",478,0,1,0,FALSE,TRUE,FALSE
"P_TRMUS02",479,0,0,0,FALSE,FALSE,FALSE
"P_TRMUS03",479,0,0,0,FALSE,FALSE,FALSE
"P_TROAED21",452,0,27,0,FALSE,TRUE,FALSE
"P_TROAED22",478,0,1,0,FALSE,TRUE,FALSE
"P_TROAED23",479,0,0,0,FALSE,FALSE,FALSE
"P_TROAED24",478,0,1,0,FALSE,TRUE,FALSE
"P_TROLIN02",479,0,0,0,FALSE,FALSE,FALSE
"P_TROPER01",479,0,0,0,FALSE,FALSE,FALSE
"P_TROPER02",479,0,0,0,FALSE,FALSE,FALSE
"P_TROPER03",477,0,2,0,FALSE,TRUE,FALSE
"P_TROPER04",477,0,2,0,FALSE,TRUE,FALSE
"P_TROPER05",478,0,1,0,FALSE,TRUE,FALSE
"P_TRORUF01",477,0,2,0,FALSE,TRUE,FALSE
"P_TROTRO01",478,0,1,0,FALSE,TRUE,FALSE
"P_TSUB01",478,0,1,0,FALSE,TRUE,FALSE
"P_TUAMA01",478,0,1,0,FALSE,TRUE,FALSE
"P_TUBOU01",446,0,33,0,FALSE,TRUE,TRUE
"P_TULEU01",478,0,1,0,FALSE,TRUE,FALSE
"P_TULEU02",478,0,1,0,FALSE,TRUE,FALSE
"P_TULEU03",478,0,1,0,FALSE,TRUE,FALSE
"P_TULEU04",478,0,1,0,FALSE,TRUE,FALSE
"P_TULEU05",478,0,1,0,FALSE,TRUE,FALSE
"P_TULEU06",478,0,1,0,FALSE,TRUE,FALSE
"P_TULEU07",478,0,1,0,FALSE,TRUE,FALSE
"P_TULEU08",478,0,1,0,FALSE,TRUE,FALSE
"P_TUMER04",479,0,0,0,FALSE,FALSE,FALSE
"P_TUMER05",479,0,0,0,FALSE,FALSE,FALSE
"P_TUMER06",479,0,0,0,FALSE,FALSE,FALSE
"P_TUMER11",425,0,54,0,FALSE,TRUE,FALSE
"P_TUMER12",478,0,1,0,FALSE,TRUE,FALSE
"P_TUMER13",478,0,1,0,FALSE,TRUE,FALSE
"P_TUMER14",478,0,1,0,FALSE,TRUE,FALSE
"P_TUMER15",478,0,1,0,FALSE,TRUE,FALSE
"P_TUMER16",478,0,1,0,FALSE,TRUE,FALSE
"P_TUMIG02",368,0,111,0,FALSE,TRUE,FALSE
"P_TUMIG03_Plasmodium_unalis",479,0,0,0,FALSE,FALSE,FALSE
"P_TUMIG04",368,0,111,0,FALSE,TRUE,FALSE
"P_TUMIG05",368,0,111,0,FALSE,TRUE,TRUE
"P_TUMIG1",479,0,0,0,FALSE,FALSE,FALSE
"P_TUMIG22",479,0,0,0,FALSE,FALSE,FALSE
"P_TUMIG23",479,0,0,0,FALSE,FALSE,FALSE
"P_TUMIG24",479,11,0,0,FALSE,FALSE,TRUE
"P_TUNOCH01",477,0,2,0,FALSE,TRUE,FALSE
"P_TUOLI01",458,0,21,0,FALSE,TRUE,FALSE
"P_TUPHI08",478,0,1,0,FALSE,TRUE,FALSE
"P_TUPHI09",478,0,1,0,FALSE,TRUE,FALSE
"P_TURAF01",305,0,174,0,FALSE,TRUE,TRUE
"P_TURALB01",477,0,2,0,FALSE,TRUE,FALSE
"P_TURALB02",477,0,2,0,FALSE,TRUE,FALSE
"P_TURALB03",477,0,2,0,FALSE,TRUE,FALSE
"P_TURALB05",477,0,2,0,FALSE,TRUE,FALSE
"P_TURALB06",477,0,2,0,FALSE,TRUE,TRUE
"P_TURAMA01",477,0,2,0,FALSE,TRUE,FALSE
"P_TURAMA03",477,0,2,0,FALSE,TRUE,FALSE
"P_TURAMA04",477,0,2,0,FALSE,TRUE,FALSE
"P_TURAMA05",477,0,2,0,FALSE,TRUE,FALSE
"P_TURASS03",479,0,0,0,FALSE,FALSE,FALSE
"P_TURAUR01",479,13,0,0,FALSE,FALSE,FALSE
"P_TURCHI02",479,0,0,0,FALSE,FALSE,FALSE
"P_TURDUS1_Plasmodium_circumflexum",479,0,0,0,FALSE,FALSE,FALSE
"P_TURFAL01",477,0,2,0,FALSE,TRUE,FALSE
"P_TURFAL02",477,0,2,0,FALSE,TRUE,FALSE
"P_TURFAL03",477,0,2,0,FALSE,TRUE,FALSE
"P_TURFAL04",477,0,2,0,FALSE,TRUE,FALSE
"P_TURFAL06",477,0,2,0,FALSE,TRUE,FALSE
"P_TURFAL11",479,0,0,0,FALSE,FALSE,FALSE
"P_TURFAL12",477,0,2,0,FALSE,TRUE,FALSE
"P_TURFLA01",477,0,2,0,FALSE,TRUE,FALSE
"P_TURFUS01",478,0,1,0,FALSE,TRUE,FALSE
"P_TURGRA02",478,0,1,0,FALSE,TRUE,FALSE
"P_TURMER03",479,0,0,0,FALSE,FALSE,FALSE
"P_TURMER04",479,0,0,0,FALSE,FALSE,FALSE
"P_TURMER05",479,0,0,0,FALSE,FALSE,FALSE
"P_TURMER06",479,0,0,0,FALSE,FALSE,TRUE
"P_TURMER07",479,0,0,0,FALSE,FALSE,FALSE
"P_TURMER09",478,0,1,0,FALSE,TRUE,FALSE
"P_TURMIG01",477,0,2,0,FALSE,TRUE,FALSE
"P_TURMIG14",477,0,2,0,FALSE,TRUE,FALSE
"P_TURMIG16",477,0,2,0,FALSE,TRUE,FALSE
"P_TURMIG18",477,0,2,0,FALSE,TRUE,FALSE
"P_TURMIG19",477,0,2,0,FALSE,TRUE,FALSE
"P_TURMIG20",477,0,2,0,FALSE,TRUE,FALSE
"P_TURMIG23",477,0,2,0,FALSE,TRUE,FALSE
"P_TUROLI01",479,0,0,0,FALSE,FALSE,FALSE
"P_TUROLI02",479,1,0,0,FALSE,FALSE,FALSE
"P_TUROLI03",479,0,0,0,FALSE,FALSE,FALSE
"P_TUROLI04",479,0,0,0,FALSE,FALSE,FALSE
"P_TUROLI11",478,0,1,0,FALSE,TRUE,FALSE
"P_TUROLI12",478,0,1,0,FALSE,TRUE,FALSE
"P_TURPAL01",478,0,1,0,FALSE,TRUE,FALSE
"P_TURPEL03",478,0,1,0,FALSE,TRUE,FALSE
"P_TURPEL04",478,0,1,0,FALSE,TRUE,FALSE
"P_TURPEL05",479,0,0,0,FALSE,FALSE,FALSE
"P_TURPEL06",479,0,0,0,FALSE,FALSE,FALSE
"P_TURPIL01",470,0,9,0,FALSE,TRUE,FALSE
"P_TURSTR04",479,0,0,0,FALSE,FALSE,FALSE
"P_TURUF01",249,0,230,0,FALSE,TRUE,TRUE
"P_TURUF03_Plasmodium_unalis",478,0,1,0,FALSE,TRUE,TRUE
"P_TURUF04_Plasmodium_unalis",478,0,1,0,FALSE,TRUE,FALSE
"P_TYFUR01",413,0,66,0,FALSE,TRUE,FALSE
"P_UNKNOWN01_Plasmodium_sp.",477,1,2,0,FALSE,TRUE,FALSE
"P_UNKNOWN02_Plasmodium_rouxi",478,0,1,0,FALSE,TRUE,FALSE
"P_UPUPA01",479,1,0,0,FALSE,FALSE,FALSE
"P_UPUPA02",479,0,0,0,FALSE,FALSE,FALSE
"P_URANO03",479,0,0,0,FALSE,FALSE,FALSE
"P_URANO04",479,0,0,0,FALSE,FALSE,FALSE
"P_VERCEL03",477,0,2,0,FALSE,TRUE,FALSE
"P_VIGRI03",479,13,0,0,FALSE,FALSE,FALSE
"P_VIOLI03",478,0,1,0,FALSE,TRUE,FALSE
"P_VIOLI07",479,0,0,0,FALSE,FALSE,FALSE
"P_VIRFLA04",479,0,0,0,FALSE,FALSE,FALSE
"P_VIRHUT02",477,0,2,0,FALSE,TRUE,FALSE
"P_VOLJAC01",249,0,230,0,FALSE,TRUE,TRUE
"P_VOLJAC02",479,0,0,0,FALSE,FALSE,FALSE
"P_VOLJAC03",478,0,1,0,FALSE,TRUE,FALSE
"P_WILPOE01",477,0,2,0,FALSE,TRUE,FALSE
"P_WILPOE02",477,0,2,0,FALSE,TRUE,FALSE
"P_WILPOE03",477,0,2,0,FALSE,TRUE,FALSE
"P_WILPOE04",477,0,2,0,FALSE,TRUE,FALSE
"P_WILPOE05",477,0,2,0,FALSE,TRUE,FALSE
"P_WILPOE06",477,0,2,0,FALSE,TRUE,FALSE
"P_WILPOE07",477,0,2,0,FALSE,TRUE,FALSE
"P_WILPOE08",477,0,2,0,FALSE,TRUE,FALSE
"P_WILPOE09",477,0,2,0,FALSE,TRUE,FALSE
"P_WILPOE10",477,0,2,0,FALSE,TRUE,FALSE
"P_WILPOE11",477,0,2,0,FALSE,TRUE,FALSE
"P_WILPOE12",477,0,2,0,FALSE,TRUE,FALSE
"P_WILPOE13",477,0,2,0,FALSE,TRUE,FALSE
"P_WILPOE14",477,0,2,0,FALSE,TRUE,FALSE
"P_WILPOE15",477,0,2,0,FALSE,TRUE,FALSE
"P_WILPOE16",477,0,2,0,FALSE,TRUE,FALSE
"P_WILPOE17",477,0,2,0,FALSE,TRUE,FALSE
"P_WILPOE18",477,0,2,0,FALSE,TRUE,FALSE
"P_WILPOE19",477,0,2,0,FALSE,TRUE,FALSE
"P_WILPOE20",477,0,2,0,FALSE,TRUE,FALSE
"P_WILPOE21",479,0,0,0,FALSE,FALSE,FALSE
"P_WREN01",440,0,39,0,FALSE,TRUE,FALSE
"P_WW12",479,0,0,0,FALSE,FALSE,FALSE
"P_WW13",464,0,15,0,FALSE,TRUE,FALSE
"P_WW15",479,0,0,0,FALSE,FALSE,FALSE
"P_WW3",479,0,0,0,FALSE,FALSE,FALSE
"P_WW4",473,0,6,0,FALSE,TRUE,FALSE
"P_XANFLA04",473,0,6,0,FALSE,TRUE,FALSE
"P_XENATR01",477,0,2,0,FALSE,TRUE,FALSE
"P_XENCON01",479,0,0,0,FALSE,FALSE,FALSE
"P_XENCON02",477,0,2,0,FALSE,TRUE,FALSE
"P_XENMIN02",477,0,2,0,FALSE,TRUE,FALSE
"P_XENMIN03",477,0,2,0,FALSE,TRUE,FALSE
"P_XIPELE02",477,0,2,0,FALSE,TRUE,FALSE
"P_XIPOCE01",477,0,2,0,FALSE,TRUE,FALSE
"P_XIPPAR01",477,0,2,0,FALSE,TRUE,FALSE
"P_YWT4",479,0,0,0,FALSE,FALSE,FALSE
"P_ZEMAC01",479,0,0,0,FALSE,FALSE,FALSE
"P_ZEMEL01",347,0,132,0,FALSE,TRUE,FALSE
"P_ZOCAP03",449,0,30,0,FALSE,TRUE,TRUE
"P_ZOCAP09",479,0,0,0,FALSE,FALSE,FALSE
"P_ZOCAP10",479,0,0,0,FALSE,FALSE,FALSE
"P_ZOCAP11",434,0,45,0,FALSE,TRUE,FALSE
"P_ZOCAP12",479,0,0,0,FALSE,FALSE,FALSE
"P_ZOCAP16",479,0,0,0,FALSE,FALSE,FALSE
"P_ZOCAP20",479,0,0,0,FALSE,FALSE,FALSE
"P_ZOLEU01",479,0,0,0,FALSE,FALSE,FALSE
"P_ZONALB02",477,0,2,0,FALSE,TRUE,FALSE
"P_ZONCAP03",477,0,2,0,FALSE,TRUE,FALSE
"P_ZONCAP04",477,0,2,0,FALSE,TRUE,FALSE
"P_ZONCAP15_Plasmodium_cathemerium",479,0,0,0,FALSE,FALSE,FALSE
"P_ZOOCIT02",479,0,0,0,FALSE,FALSE,FALSE
"P_ZOSBRU01",210,0,269,0,FALSE,TRUE,TRUE
"P_ZOSLAT02",479,0,0,0,FALSE,FALSE,TRUE
"P_ZOSLAT03",305,2,174,0,FALSE,TRUE,FALSE
"P_ZOSLAT09",444,0,35,0,FALSE,TRUE,FALSE
"P_ZOSSEN01",479,0,0,0,FALSE,FALSE,FALSE
"P_ZOSXAN01",305,5,174,0,FALSE,TRUE,TRUE
